area_code,area_name,year,gva_per_hour,median_weekly_pay,business_birth_rate,business_death_rate,housing_affordability_ratio,investment_index,public_sector_share_pct,manufacturing_share_pct,services_share_pct,record_status
E0600011,Bolton,2015,38.448131754454394,£488.92,8.540999654317533,10.123563508267823,7.492330989546008,108.64832705108428,19.89%,6.184763309425601,71.67685234225836,revised
E0600013,Liverpool,2011,36.93307558293102,£457.83,6.690348092013044,15.056057315383613,5.691967692379212,89.04618528352835,19.81%,7.285712161464721,68.14347385417466,revised
E0600043,Chelmsford,2012,35.472381998242106,£473.63,8.060200442138278,11.810017202556107,7.221143375463124,91.86569389976428,23.08%,6.698590657837521,73.52290497792812,revised
E0600066,"Bournemouth, Christchurch and Poole",2012,42.83948691492251,£447.53,7.465597253231157,15.774058460626728,5.209573868785418,94.43558607980074,15.13%,7.168257828046766,67.42109745852656,revised
E0600018,Bradford,2016,41.62639166862441,£514.17,7.563085916098475,10.3809954371831,8.68222735042352,93.54566211682584,17.91%,6.180878377793383,73.87354737104171,revised
E0600007,North Tyneside,2020,35.47035806393654,£517.52,9.764737978129817,12.653722489550782,7.5118102126959325,110.40190349250301,19.24%,11.35760771970038,70.68080347745658,revised
E0600047,Southend-on-Sea,2015,51.03576635687897,£524.62,9.17899074564934,9.550765090382763,8.562210328735011,102.66398818269037,15.89%,7.230983692587314,73.94977966918205,revised
E0600059,Milton Keynes,2019,49.96069470922769,£543.90,8.886254235272666,11.03039600965199,9.002330217191195,110.5960943387753,18.93%,7.638475481628888,72.8492439222563,revised
E0600054,Lambeth,2019,41.67154475312921,£513.19,8.546943032575628,11.589015870235905,7.065610043178996,99.87713784300777,18.92%,8.969423572540315,70.67530035823978,revised
E0600048,Watford,2015,45.6920885970326,£546.63,8.211714835048236,10.473373378975968,9.160198858366302,113.02122278343505,16.35%,9.374610287668002,73.70021031608474,revised
E0600069,Exeter,2015,48.17586120012831,£519.70,10.269213919617261,12.3447881508122,7.580537956259177,104.7657293303761,16.14%,7.407123838836459,73.04072467006728,revised
E0600056,Westminster,2011,52.888420148695374,£490.42,10.783873366122664,8.042527342584316,7.632784676582667,101.90868517709566,19.10%,7.832042486086636,72.60911673309947,revised
E0600067,"Bristol, City of",2010,36.83964595585188,£458.74,8.426766316394875,11.404688532994527,6.318294690653584,100.11974402887799,17.69%,7.506452883564066,70.6167489173284,revised
E0600027,Lincoln,2021,46.05187956177511,£575.55,11.14733847827157,10.870828823013543,8.787996185455224,118.70779797927453,18.46%,9.207859949445726,73.63613442087572,revised
E0600037,Sandwell,2019,40.4172287813674,£521.16,10.45763505908982,11.805613507092309,7.479529816540604,113.50344450825352,17.57%,9.812013245433864,72.55014611486253,revised
E0600012,Cheshire East,2015,44.01323983330473,£524.84,10.609957058918882,7.7226227633001026,9.070725197486647,115.630433621254,20.02%,9.423687133608617,72.42231129563899,revised
E0600055,Newham,2016,49.965365587261864,£514.69,9.165082578837401,12.296092748149213,9.395751216571002,113.59182289971938,20.16%,8.016400896762544,74.01976811901348,revised
E0600043,Chelmsford,2020,45.2048001740754,£540.93,10.842363429144298,8.303136601033904,9.875077821524526,112.75833801065122,21.89%,8.673433367125973,76.2327243142774,revised
E0600065,Bath and North East Somerset,2010,23.24769252819662,£394.15,7.462804553076051,16.781396755447382,3.97322869964341,94.87887449510528,17.81%,7.0413194355374555,67.68995817952495,revised
E0600014,Manchester,2013,35.820778814345715,£454.96,8.990159814125354,13.259362461150833,5.835010874567011,101.07327047378382,15.18%,8.787583895151036,69.59386570869927,revised
E0600041,Bedford,2014,45.43449508703856,£467.70,11.441968612928424,11.587102060116376,6.93880850625756,105.14542378605113,16.98%,8.31646485207161,71.19610362177278,revised
E0600028,Nottingham,2016,49.27004639757047,£561.03,7.5912134426526645,8.38860651871603,9.53118344526089,103.75786607084757,20.09%,5.93906313395835,74.9770546106867,revised
E0600026,Leicester,2016,38.655638731054445,£473.92,7.345839920498554,15.69943510158859,5.813717250971655,90.35922535863014,20.35%,4.702134505512902,66.39715239361587,revised
E0600040,Wolverhampton,2015,47.30856624161623,£509.85,10.75536140135247,13.049932699877784,7.090140163806966,109.08338078079963,20.04%,8.526475235146957,70.56461636379856,revised
E0600022,North East Lincolnshire,2019,52.536937972779974,£570.74,11.788272517419635,9.999712386818052,9.092342250819435,121.15892181072087,16.46%,8.253509261280964,73.28680175453967,revised
E0600068,Cornwall,2010,29.46952546107917,£405.51,6.907293649740879,11.909145719340499,6.2311216279780375,95.59126230599584,15.81%,7.7663644823049856,69.93605107461352,revised
E0600040,Wolverhampton,2020,48.48513426936498,£565.84,11.79094029112218,12.673129667708128,9.16863508001463,109.45637742189564,19.21%,10.18958535028942,71.48742210778464,revised
E0600003,Gateshead,2021,47.07429669736731,£582.17,10.089461868195032,10.56440507614846,10.426498366994643,117.06828359084642,19.86%,6.734644804725469,73.15948628271929,revised
E0600059,Milton Keynes,2020,46.82850823482199,£538.61,9.63536664365243,10.358512089732992,9.26524146200114,102.72262578244202,17.73%,9.903037317392057,71.51091841895952,revised
E0600016,Stockport,2019,34.304475236419755,£465.58,7.599517383266696,15.5095643807204,5.665229076361714,91.0866020614341,18.59%,7.399127082606263,66.10315906788094,revised
E0600041,Bedford,2019,50.11283717225728,£522.17,13.684489371673346,11.529042018616462,9.024651361895915,114.51587226106147,17.85%,8.817063190782267,71.8152470893231,revised
E0600071,Swindon,2019,36.53571954833244,£521.20,7.491992180902291,12.218223615619346,7.607383658413743,106.80289293022017,21.07%,5.709894104501489,70.21708351958249,revised
E0600023,Sheffield,2015,32.367088310675655,£438.64,8.0458355905887,14.192820030020897,5.617014166753775,98.94751233828927,20.38%,8.671355344228981,65.91704681938668,revised
E0600019,Calderdale,2019,38.890069072300946,£501.23,7.145300220764971,12.094211205682276,7.635105516942025,96.07468908777835,21.77%,6.7921661344779825,70.50176225878921,revised
E0600071,Swindon,2014,33.03297818279005,£449.50,6.192127060907251,15.716348995182473,5.462283281602022,92.11172112473966,21.40%,7.136379364656627,66.86655955987553,revised
E0600065,Bath and North East Somerset,2021,40.510393886159385,£549.85,10.096868617795325,13.621122949771772,7.23051535335909,118.33487838354593,18.03%,6.6522424230869825,69.71284579551538,revised
E0600058,Guildford,2019,38.8773089695858,£512.12,7.6889192557994654,12.176394334528643,6.862347918112623,102.24602927890611,23.67%,7.484935268331015,68.45346028321916,revised
E0600013,Liverpool,2020,44.62988191078701,£549.82,7.719818929567957,11.632000010084493,8.661028095708513,98.07457706415437,18.44%,7.861399419958415,70.40457383170646,revised
E0600031,South Derbyshire,2012,31.46178603766321,£436.42,7.572477652054248,13.18774414803772,5.98326475370311,94.18699014480755,16.76%,6.785374313431792,69.96076483562403,revised
E0600001,County Durham,2013,33.217124026961436,£449.43,9.78828223120146,11.342785050764356,7.517307207008014,94.06952323589863,24.31%,8.058929325118559,72.48041133727514,revised
E0600061,Portsmouth,2020,48.13802580607031,£546.73,10.696102232799062,10.048014932074986,10.151642048272448,114.82340600051452,19.23%,10.956549806137087,73.89694638046367,revised
E0600067,"Bristol, City of",2013,42.201502213612905,£485.57,9.392368635613138,11.083083460535121,8.38252005718644,102.71498732416467,16.79%,8.130846768048055,71.32660323581716,revised
E0600010,Blackpool,2013,34.520052686648256,£437.98,8.565950114478362,12.825616573117728,5.046861899837885,97.97533888552232,19.53%,7.866583679608591,66.81700710383377,revised
E0600060,Oxford,2012,28.027296845750115,£396.22,9.950417605378217,12.999685188424875,5.366585474704129,96.50832200888709,23.40%,7.75995764436431,66.29289626545471,revised
E0600037,SANDWELL,2014,33.70809304057128,£442.09,9.09738324707901,12.229246505277137,5.921891573854391,104.58200889932934,18.58%,7.6634365339644965,67.84153632771245,revised
E0600064,Wokingham,2011,25.13760919659057,£382.36,5.136781866448976,17.429814797713995,3.133225853842055,77.90678949571827,16.00%,6.11288368400012,63.42595746338865,revised
E0600003,Gateshead,2012,38.20801465389248,£477.43,8.126704106307939,11.898719015165444,7.543590720914832,97.77459292604074,20.87%,7.244371497172917,71.30638579746201,revised
E0600040,Wolverhampton,2016,48.475971740727196,£516.78,9.737686066363288,12.476625661580618,7.1735387108151905,108.05945333516968,20.42%,7.120792717096575,70.438101898989,revised
E0600020,Kingston upon Hull,2011,33.19186360135641,£405.74,8.451369309261644,12.928620794538187,5.500728162619281,89.90109512160994,20.48%,7.282119859612608,67.53949335403627,revised
E0600058,Guildford,2014,34.07219121328928,£429.22,5.882745877390747,12.926032345219841,5.0595704255638685,98.31267234110078,21.24%,7.170925699073623,67.38338023106479,revised
E0600027,Lincoln,2015,39.94945999784912,£493.37,10.147964204651629,11.354310498904983,6.366718657642995,106.0895941425707,18.76%,7.611996213112809,72.20678297699152,revised
E0600013,Liverpool,2017,43.740258970529645,£535.21,7.141714780796436,9.908169776251292,7.055437513458908,97.59807264489739,18.80%,6.438134253331933,69.24515136852948,revised
E0600042,Cambridge,2012,49.544179096434014,£488.86,9.744835618181643,10.83174672453104,6.926461278407162,105.60930406112624,15.75%,8.545458413264683,72.5112826570065,revised
E0600013,Liverpool,2013,36.7992058287829,£478.37,5.743695697418566,13.446488635455983,5.6920949094032505,90.3776102794896,19.88%,6.056238446606165,70.99635995375203,revised
E0600007,North Tyneside,2010,26.92042351102286,£415.06,10.829480590825792,12.507345714029368,5.298280666867489,94.44685878553577,19.53%,8.794311278138931,68.03716685667145,revised
E0600021,Leeds,2017,44.24617341137383,£527.01,10.154556698455718,12.093667524920386,8.027629792093563,108.15228254305525,18.85%,8.549738248775283,71.01017007678901,revised
E0600018,Bradford,2012,37.08207776707597,£469.08,5.874424269162359,11.331721102821867,7.8637806096467076,93.94458254388316,18.97%,7.264768634583493,70.60012936625526,revised
E0600016,Stockport,2013,23.916617451169845,£393.06,8.47285801557389,16.092759843780236,3.727363413087349,84.8773472585683,21.00%,6.727176208208501,62.20553612354556,revised
E0600010,Blackpool,2014,34.54850633780312,£449.74,8.334365598450827,14.035915424871561,5.842026682281493,102.18564965544329,19.35%,7.641401588598368,67.51749880878099,revised
E0600026,Leicester,2017,36.90455548310665,£481.47,6.621268843363665,13.55400489976437,6.104126242400139,97.03011416582977,20.05%,4.0418010277697345,67.27517100087019,revised
E0600071,Swindon,2017,38.119865951604915,£504.22,8.149009512706757,16.148427272298342,7.25046189572773,101.4210774819816,21.65%,5.343090204381079,69.15287206569722,revised
E0600042,Cambridge,2019,54.97842089338911,£593.02,12.218569526969477,9.783057770548426,10.23756004522923,125.16902033953568,16.95%,8.936759770375177,75.23449536981046,revised
E0600060,Oxford,2017,36.02278835665238,£459.91,9.74906876046712,15.180528627728789,6.276342573499418,98.32240471284187,23.49%,9.545790280899864,67.0265366924298,revised
E0600066,"Bournemouth, Christchurch and Poole",2020,49.58819100867014,£541.98,9.225977055513678,11.255696922871865,7.643595712456068,97.16396841554673,15.12%,8.008454256528502,71.35697941501074,revised
E0600059,Milton Keynes,2021,52.44326230776706,£579.72,9.424204209129488,10.578081830529175,9.739368372050448,114.5817043694208,18.66%,8.03031655117636,72.12960015404981,revised
E0600014,Manchester,2017,39.129273224184736,£507.24,8.243734758501452,12.459666232241792,7.21500025485612,102.85733662881317,15.58%,8.126187407017309,70.96076868185358,revised
E0600032,West Northamptonshire,2021,49.3982705305808,£607.51,10.252349848080028,8.406129498049516,12.265974962141284,130.49792033777575,18.39%,8.614327442568236,77.1672041971281,revised
E0600059,Milton Keynes,2016,42.250672761636956,£510.29,7.891841268440256,10.555003275403756,7.576670953782844,108.13693428592273,16.20%,8.144006437455694,72.96609714594504,revised
E0600013,Liverpool,2012,36.68962184819334,£461.98,7.158063975903356,14.303259638573788,7.091213975117966,92.73510482078521,19.45%,6.637991760508446,69.79846081422286,revised
E0600020,Kingston upon Hull,2021,45.567848498067164,£556.43,7.122432836854125,12.657885271518722,6.940358622879791,113.22433769763036,19.69%,7.950933333176538,70.26232239605542,revised
E0600069,Exeter,2012,42.17282928000765,£460.46,10.627354440731352,12.736831828404966,7.561707345375303,101.53098283118027,15.71%,9.026407473712705,72.67288566698905,revised
E0600063,Southampton,2017,42.84155188089611,£515.55,9.042627760692087,9.950252409240873,7.857263710837479,103.36500189259543,18.72%,8.495107540352457,71.89106875614591,revised
E0600014,Manchester,2015,38.94363247953825,£464.08,9.600614360803645,12.798516680435878,6.609834436238562,98.9176708132032,16.41%,8.148059866598716,70.35140830506457,revised
E0600021,Leeds,2020,44.605552217714866,£533.93,11.326866582125307,12.671238021971059,8.192185430705408,110.79431880590114,18.44%,9.114926888489139,70.72466328228953,revised
E0600025,Derby,2019,43.89322626187936,£518.42,9.850680457023344,12.951236493772297,7.587126334818896,102.62267669880148,13.78%,6.794274100133073,68.64731159192263,revised
E0600041,Bedford,2020,44.400968231057085,£537.62,10.63070698242364,12.712385580094185,9.20417470066663,114.24580368947218,15.65%,10.255855348546017,71.03454773040905,revised
E0600045,Norwich,2016,48.461376085641625,£501.50,8.845037463322043,11.39543523157256,8.344168468727808,108.0924055277081,15.35%,7.2531599058540115,72.48453982882742,revised
E0600033,Birmingham,2016,33.134740798488174,£492.62,7.796578244855993,12.528070136479137,8.140517047718312,100.92917043770848,22.39%,6.797449906987099,71.13868003287963,revised
E0600054,Lambeth,2018,41.794040496006815,£469.73,9.286389101298592,12.975646364871663,8.055112591361636,113.56426943117319,19.82%,6.857174975454653,70.1095054403255,revised
E0600070,Plymouth,2015,46.363458846510746,£528.95,9.918992807113186,11.268536946713818,8.751008236003111,105.62598761727273,20.32%,7.394859070333218,73.4179298608524,revised
E0600069,Exeter,2010,44.273854001660915,£458.13,7.9038392127228185,12.054649342882076,5.834715991198237,98.20461245210565,16.68%,9.080316101303092,69.88784940453094,revised
E0600054,LAMBETH,2010,31.417521795615738,£404.76,8.592593981660002,10.998299820901156,5.155115445531036,88.68234311844044,18.76%,8.145794767439572,69.29503379053473,revised
E0600024,York,2017,46.39474243902633,£557.75,9.883278418379732,9.953409362731112,8.448324549706353,116.41435102332653,17.94%,8.509561433211207,71.07566852983678,revised
E0600041,Bedford,2012,40.49862495992949,£440.34,9.154993237726632,13.320863769595348,5.5955503464859015,105.39936323069011,16.90%,9.069885782922347,69.6233984912911,revised
E0600035,Dudley,2012,35.60394560937837,£460.65,10.809631051586576,11.114783358232529,7.852076346606599,97.42036439948004,18.03%,8.977552498314841,70.6628281227435,revised
E0600067,"Bristol, City of",2018,47.587986855762814,£549.21,9.989869587778994,10.93033856956062,9.10529369667146,107.97248724183707,17.18%,7.63973341552869,71.17494611814634,revised
E0600041,Bedford,2016,46.277365455364844,£500.63,10.65762952229334,12.048113127677848,7.461589697701949,111.33909971249277,16.07%,9.90040496020323,71.27562202879469,revised
E0600006,Newcastle upon Tyne,2014,40.344128003648244,£511.76,9.16449902430822,7.734290631683514,9.753936147483815,120.12678871003244,17.49%,6.1999576689531395,74.62526584645913,revised
E0600002,Darlington,2021,59.58686950098061,£636.06,13.452001660899572,6.923452794840193,11.137373780021003,128.74857410465788,19.14%,9.92392146926442,78.99099116879923,revised
E0600059,Milton Keynes,2011,38.236407743989396,£450.08,7.899597747542354,11.821178813817884,6.288650421438823,94.54530083630117,17.25%,8.193358301558511,72.27363818674141,revised
E0600068,Cornwall,2018,41.37235900685307,£528.51,8.76735588942809,9.83055307447147,7.92283047936705,105.16665176569607,15.52%,6.9640245431419885,70.1238345128528,revised
E0600055,Newham,2017,50.30731854355135,£538.47,8.819162876717058,10.581447064763752,8.720450493465613,112.42290412521359,19.79%,9.009734153428713,70.87069685901503,revised
E0600066,"Bournemouth, Christchurch and Poole",2017,50.31731213866297,£510.43,7.390028815038782,13.193772643421777,6.941196684924007,96.24167668779744,14.69%,6.261295110013848,69.7298116485794,revised
E0600060,Oxford,2010,23.918567842995795,£341.25,8.795576257273243,14.984152182166131,4.057254873476322,85.1193617761984,22.93%,7.881078153275758,66.05094851594856,revised
E0600066,"Bournemouth, Christchurch and Poole",2015,48.5549535768295,£515.14,7.510254096734479,13.702011155120667,6.469457306675395,97.25348882301883,15.97%,7.087679024407941,69.68057827660404,revised
E0600019,Calderdale,2018,40.09519312917164,£522.64,7.931551866589643,13.732143100395778,6.6220093763362105,102.24635274332792,21.75%,6.513896711865577,67.97549050601566,revised
E0600024,York,2017,47.20594425949639,£556.10,9.883278418379732,9.953409362731112,8.448324549706353,115.02689321098975,17.94%,8.509561433211207,71.07566852983678,provisional
E0600010,Blackpool,2011,32.22431259895059,£398.24,8.751869369513019,14.376616258977824,5.958022252350001,91.67444071326764,20.93%,7.556397520507268,66.47060845463858,revised
E0600010,Blackpool,2021,44.25492108392263,£559.53,9.374064987748207,12.67143351143729,8.057962787957488,107.63679284512322,18.79%,8.492981696929059,71.32004840085949,revised
E0600038,Shropshire,2018,45.52886572099531,£540.03,10.775644607389017,11.814274654038439,8.24345766577998,112.27699832403128,13.54%,8.087355624857418,71.98423595445097,revised
E0600012,Cheshire East,2012,40.473646453596665,£475.21,10.179694666089084,9.862219129851173,7.769756370632352,109.78396519613389,19.90%,8.651259285398117,75.32449260075525,revised
E0600068,Cornwall,2021,44.51981268920222,£551.25,9.020804847809833,11.348715112521312,8.736271433841441,121.50998645489805,15.18%,7.021110393224528,71.78716291407378,revised
E0600038,Shropshire,2013,41.265195256377204,£471.08,10.50600715220471,12.200244912039159,5.7663902168092145,97.02167582704791,13.72%,6.654747797176458,70.52911908531813,revised
E0600019,Calderdale,2011,30.911617106505073,£431.58,6.485178093000636,12.586451167642362,4.344889449137214,91.20140584371295,22.15%,6.848619243079433,68.75355189598895,revised
E0600022,North East Lincolnshire,2011,40.4304049630886,£461.76,9.321337834219213,11.920345882872766,5.893124656267351,95.02551432647039,17.27%,8.902140487592202,70.38347404129755,revised
E0600064,Wokingham,2020,34.752723516448434,£487.15,6.714869394689628,14.821408849353967,6.311734842126318,91.04521055665981,15.66%,9.336623670874076,64.08442057228616,revised
E0600030,Rutland,2017,41.39662004620201,£528.65,8.504237691257986,11.910524696329883,7.49483567113026,108.56696402249591,18.74%,7.857075890592749,72.7476710005177,revised
E0600043,Chelmsford,2021,51.30092637802794,£592.14,9.359411139997063,8.880249472344687,10.70831578366179,125.16652662427398,23.01%,7.99352032043735,74.42162612279051,revised
E0600067,"Bristol, City of",2016,45.17180439516132,£519.75,10.06127679308727,10.498268215114582,8.080645274978739,111.62663781460778,15.11%,8.474157001256092,74.02791510427033,revised
E0600056,Westminster,2012,53.038288274307185,£487.56,10.561016411886198,8.347706262499354,8.929070904576536,107.56690471799423,17.19%,8.839113135965231,75.11368918512007,revised
E0600063,Southampton,2020,44.76507742158121,£556.28,10.394723474670037,10.150494352935494,9.85140242592951,111.05787987869589,17.69%,11.191359515381462,72.1996910546751,revised
E0600037,Sandwell ,2011,29.79061227991663,£417.36,7.189092259310449,11.698677213143256,5.453819374239585,92.61506275180757,17.90%,8.92537031230055,67.21642761841876,revised
E0600033,Birmingham,2020,32.24329634033133,£538.55,6.549655527388821,10.869655347745587,8.70853309221173,101.2884643981409,24.30%,9.172820995196469,73.63773857219267,revised
E0600025,Derby,2018,44.445992372613794,£510.92,8.786433162532697,13.029668865286634,6.555865771833066,103.77029253554431,14.30%,8.177313044116087,69.40090568554191,revised
E0600050,City of London,2016,76.05740159484323,£641.06,17.574029971566596,1.8710983324241202,16.036602016790667,146.86753774078662,18.97%,13.476603438131741,86.84705364226805,revised
E0600020,Kingston upon Hull,2014,36.64588118896637,£459.02,8.449877787937695,14.995746430256844,5.37706495206277,93.87823940790607,19.59%,7.9002784000549005,67.27398180856602,revised
E0600050,City of London,2013,72.94525198908731,£600.08,16.5952865664014,1.7567366275944114,13.885856241501122,141.2876707809001,20.46%,14.122183387033434,86.0862790094765,revised
E0600027,Lincoln,2014,37.68762468465913,£468.93,10.941913713473568,11.360362755751167,6.406453120987342,94.29793526629184,18.89%,8.440327022004464,69.79974472249405,revised
E0600059,Milton Keynes ,2010,38.73872909083492,£422.14,8.302099846838855,10.777868164218678,6.382945738338258,98.23168048195882,17.50%,7.5519971037669364,69.81651588280397,revised
E0600012,Cheshire East,2014,42.3358733389601,£504.87,12.8510182540765,10.450804977124328,8.272640308452198,119.10712703378215,20.45%,7.828461936306416,75.46419698982073,revised
E0600065,Bath and North East Somerset,2016,32.105124970852124,£475.51,7.919243393459611,13.728669300960908,7.256987051983847,102.61193165831155,19.01%,8.112907067901212,68.57537174056608,revised
E0600028,Nottingham,2019,49.38260083004639,£569.76,9.293103115248984,9.745170221331094,9.329329113442364,114.1510397318978,18.94%,7.719723983587806,75.96036247179241,revised
E0600045,Norwich,2014,48.4444792559443,£496.37,8.796579261761748,10.729455782951879,7.191183452017521,105.75152278459593,17.02%,8.444926118675554,72.66384729635254,revised
E0600021,Leeds,2011,36.15746195205484,£434.81,9.306399195045417,13.243478312721866,7.120752403210651,92.56255783112479,18.83%,8.808078272874262,68.85201416433222,revised
E0600016,Stockport,2021,38.99089170799264,£496.28,8.959882338543556,12.57589301692491,5.897575229643955,102.68337095115585,18.86%,7.038193175121055,64.59186518684369,revised
E0600012,Cheshire East,2021,47.05906996957979,£593.33,11.588570407778636,7.860387340178523,11.131296463158225,128.79495371263158,20.28%,8.190112303117658,75.68765780662513,revised
E0600003,Gateshead,2016,43.09833956937956,£513.80,9.860920309731203,9.845739298379279,8.177788533477417,100.09693126901625,19.34%,6.877373854951101,72.07234308751265,revised
E0600032,West Northamptonshire,2010,40.19798043056921,£472.74,11.37439960316106,8.551581168190571,8.4154106789906,100.18921793143696,19.06%,7.669663411753003,75.70034740374173,revised
E0600069,Exeter,2020,50.740319126581426,£564.36,10.636301548274117,9.780652616898923,9.169711557523435,108.24457007304906,15.36%,9.149203114455341,73.73318134928437,revised
E0600026,Leicester,2012,35.229477244491086,£427.73,6.192646781919592,16.212631889341413,5.060771653263363,85.04666425627299,20.42%,6.600693312479785,67.70971247938492,revised
E0600054,Lambeth,2020,39.089067103722165,£493.21,9.314723824529475,12.051883232703053,7.926852661537223,104.30020388505696,18.37%,9.998574489768872,69.75067248630006,revised
E0600001,County Durham,2014,29.97484040585116,£451.19,9.66701143577424,11.6868798201706,7.6994280444787275,106.53646190103635,22.71%,8.315960416309874,72.33153258489764,revised
E0600020,Kingston upon Hull,2020,40.5082133194012,£539.39,9.054768012699347,11.378637714727754,8.16660990076977,99.7887627321894,18.20%,7.940949765891828,70.41633518455419,revised
E0600013,Liverpool,2019,44.15279515551146,£553.11,7.608017727720542,11.838831954064766,7.541445180812378,105.6981014375777,19.80%,7.182639502385819,71.64014561107791,revised
E0600035,Dudley,2018,45.30720659127199,£531.02,9.19936173067375,11.274459568279571,9.475444344922836,113.40826882902601,17.20%,7.568493989303553,72.23263472059509,revised
E0600038,Shropshire,2016,42.60136201065171,£502.47,10.004862144746562,12.214643370750478,9.023423051418764,107.86644278596569,13.58%,6.863041810989102,69.57855360561233,revised
E0600027,Lincoln,2019,41.46171715065445,£527.47,8.037748930642454,11.463855680207047,8.520570482104624,105.15317398729907,18.47%,8.476755921554332,70.70457146040428,revised
E0600028,Nottingham,2010,41.96018093623594,£460.86,8.844857425268714,12.588321993483385,7.376447490914653,93.63097095648901,19.04%,8.305440180355548,75.22322765580357,revised
E0600054,Lambeth,2011,32.974636471691014,£403.30,9.312913258992657,13.625336512013396,5.274639544317102,102.64075546164673,19.20%,8.301762062751731,67.89487550065222,revised
E0600055,Newham,2021,51.33090087880066,£569.07,10.165604090318089,11.009449070093376,9.81087040233184,117.86989363924108,18.62%,7.931252714131428,73.83114392564912,revised
E0600050,City of London,2020,63.69279566199501,£658.72,19.16839075901451,2.340146056730946,16.799160063006507,151.4681058936318,19.13%,14.144785973989784,87.1358209097312,revised
E0600067,"Bristol, City of",2012,37.55780016787921,£474.53,9.821612451874895,10.230069665120785,6.85422600946755,101.39246897166592,16.33%,7.9397567708964205,71.04647218973182,revised
E0600035,Dudley,2010,34.34944744703311,£431.30,9.930321794194224,11.699530112116667,6.750615397269984,98.88406581304302,19.50%,9.120529050732639,70.23747543879297,revised
E0600001,County Durham,2016,36.340968924139936,£493.38,11.27268579902903,10.776937233683732,8.754955892540211,106.97411360290782,21.94%,6.2240719144288965,73.34163993967938,revised
E0600028,Nottingham,2011,41.96860372193815,£472.80,8.415174098180433,10.258728475677813,6.924497295833816,93.66283444888809,20.74%,7.235193773592416,73.41442251609682,revised
E0600016,Stockport,2020,28.2108750505112,£491.24,7.256197513593371,16.46637130074748,4.785261003648833,101.2667748834481,19.99%,8.063486788315414,65.39597778598737,revised
E0600018,Bradford,2017,42.768037411065684,£527.10,7.6994527254821845,11.838319042533799,9.073781036078778,103.46086172823651,17.82%,7.740463270093754,73.81125855344575,revised
E0600051,Greenwich,2021,59.196994126984386,£576.07,9.818702368917284,11.57328698701874,9.102767005545305,116.3514541392514,15.37%,7.015162247291388,69.90304757185523,revised
E0600025,Derby,2012,36.78509739275836,£439.81,8.142048159987509,15.039395421831115,6.135616390039582,89.76753775182792,14.14%,8.57246278637953,67.33137390352171,revised
E0600046,Peterborough,2021,40.7017456641274,£545.45,9.46107924075248,12.919482602653577,8.2623117532067,110.35405628037077,16.20%,7.170672258949543,69.94113808749786,revised
E0600028,Nottingham,2012,39.95312394261226,£463.97,8.710786754063795,8.901985928123128,7.220257182682054,101.5648231574816,19.58%,6.690729714066138,73.26860444402224,revised
E0600035,Dudley,2013,42.35671643130731,£473.50,11.407935176308996,11.934960456549556,7.071530448175526,104.03498022188177,19.53%,7.417829999730361,72.52863583722178,revised
E0600029,North Northamptonshire,2014,52.600133969871,£497.27,11.252961522694102,11.542965156199998,7.4420203714018776,103.97398280601709,17.22%,8.43479414807366,71.95277865265075,revised
E0600019,Calderdale,2020,36.19550065014908,£517.91,7.879328963488273,12.013383634742011,7.6971697635883505,97.49122305850973,22.30%,7.973752588092393,71.67109037966667,revised
E0600045,Norwich,2021,53.167059623197666,£582.41,9.40884280306934,9.242012489470593,8.901300052212793,119.93708467236145,14.91%,6.863406245536256,71.03089542073187,revised
E0600005,Middlesbrough,2016,39.05117077830196,£476.88,8.280609168761506,13.533095305989889,6.298494374399348,101.65010608213488,19.17%,7.5505525315684,68.629722099418,revised
E0600007,North Tyneside,2015,35.005819853791714,£472.02,11.680784919019354,12.08172593638207,7.13241322031759,107.88969367723861,21.35%,9.3490950100947,68.69076147194355,revised
E0600071,Swindon,2011,32.493204950801115,£399.54,8.831749603135654,15.701221683399579,4.441595211649392,93.08915716877384,21.59%,6.826161053120904,67.07385480530223,revised
E0600041,Bedford,2010,38.68546064478799,£418.13,9.99383372023371,12.975535078536554,5.150415146927477,97.27043937874608,16.67%,9.09702004013996,66.75491174779422,revised
E0600027,Lincoln,2010,30.57779754771643,£422.28,8.75688998696789,13.666896366909564,6.190482289479728,98.79166004613359,19.27%,8.32087245950028,68.96035193613102,revised
E0600009,Blackburn with Darwen,2016,47.26776566685282,£521.24,11.996369308679652,10.391697449214782,8.846170625270197,115.94926478365502,17.71%,7.956305809179343,75.56487122624449,revised
E0600050,City of London,2019,77.81798297174736,£653.69,19.185654278622806,2.857620412487677,15.701514054543681,152.87963447330537,21.58%,12.931131456249583,86.47789202681345,revised
E0600016,Stockport,2017,29.486682138552712,£441.08,6.90949773322896,15.333357773576026,4.237340515132568,88.29401992741197,20.70%,6.750930163323771,64.6971002566156,revised
E0600051,Greenwich,2012,43.348613136205294,£445.17,8.08694955722455,11.898097389451335,6.164279500981436,99.4649712074283,16.04%,7.237416994792471,69.12560875666142,revised
E0600009,Blackburn with Darwen,2019,48.697030814316186,£579.88,11.06937457577493,9.304191020268677,10.715384257508006,118.35527956336463,16.95%,9.177096009046716,77.73990170931371,revised
E0600032,West Northamptonshire,2014,43.84246395397195,£524.24,12.377394201965258,8.20673046799199,10.21930695757554,112.96664535506632,18.34%,10.872433843252638,74.61511706769991,revised
E0600026,Leicester,2015,37.09841682970209,£449.89,5.877337255354622,15.781196690180646,5.717926939918962,90.53070977079132,19.88%,5.801989891579071,67.74944428676206,revised
E0600052,Hackney,2012,45.88446188088684,£452.32,9.981448531170862,12.907213915902188,6.394409777841705,97.24313768386949,19.42%,8.578919150245941,68.93024707159417,revised
E0600007,North Tyneside,2108,35.765932220468564,£507.85,10.928738384371622,12.348089146558397,7.593806580626858,114.10540728782048,17.83%,10.116305278094726,69.6588968836877,provisional
E0600021,Leeds,2013,38.672637090135964,£471.97,9.946178225750863,13.371990788234125,6.369946146850251,102.07159211232727,17.98%,8.050240356135072,69.67124089338482,revised
E0600018,Bradford,2020,46.03506966477016,£555.27,9.350713436959701,10.156316354176989,8.539722932030182,106.2416851902941,16.51%,7.217622783625074,74.221007965842,revised
E0600002,Darlington,2017,51.043701098901415,£556.48,13.669457234172514,7.7946432645067265,9.956571288988389,120.09717716485132,18.02%,10.104023762497366,76.00612214291881,revised
E0600005,Middlesbrough,2010,29.85168503695837,£422.07,7.08867832281997,13.50381173587768,4.280968714857078,92.42265030893778,18.75%,7.769191200046961,67.61451782004825,revised
E0600026,Leicester,2019,42.46074940533025,£516.39,6.776010635514346,12.74551054954968,6.4683907297113254,95.94344142227231,19.73%,5.144590996707848,66.519981823293,revised
E0600043,Chelmsford,2016,42.332389317613675,£528.13,8.728557838531456,10.872061194140024,8.61404098368544,115.91842816237731,22.27%,7.160036453874061,71.61093962364139,revised
E0600033,Birmingham,2014,30.679707924206316,£465.78,8.187706360101535,10.82313655588253,7.125044326718718,103.92935444850932,24.31%,7.300582356036438,72.41594558824292,revised
E0600068,Cornwall,2015,41.37281555190814,£477.71,9.8342035523675,12.298802878886237,7.171847350710396,101.12517412256894,14.99%,6.20557307301185,70.8097808166078,revised
E0600021,Leeds,2019,43.56577685015056,£538.82,9.485408228267055,13.163555109425978,7.256613955130408,109.72493663159129,19.01%,6.962011252829715,71.43586810878111,revised
E0600059,Milton Keynes,2017,44.71875748808259,£528.27,10.009947509491074,10.342014401902464,8.248570763186084,108.09025111080956,18.33%,8.388619175695846,71.90377552990502,revised
E0600054,Lambeth,2012,33.90880522416751,£418.80,9.734050998500026,13.156096500360352,4.8603560037204,95.61039819039786,19.75%,7.384430445740661,68.54115559412043,revised
E0600028,Nottingham,2017,48.533563318708,£546.06,8.91463185533952,10.656218833751929,8.9999863609971,111.34527314561828,20.69%,7.282426499990615,73.12236999833459,revised
E0600050,City of London,2021,82.15651235905317,£702.98,17.01624187609599,2.6319783599692856,16.24346876284963,170.8237471876964,20.34%,12.813919907618468,88.18861823764128,revised
E0600028,Nottingham,2014,48.46126633519856,£516.18,9.578087053508293,11.073387494660787,9.05329037813532,106.54775301311133,19.33%,7.286790843681407,73.86322230969043,revised
E0600047,Southend-on-Sea,2020,50.70241444540095,£570.54,9.92824027509158,8.992748232817412,9.114221055739895,111.58535240771374,16.03%,10.152495515442885,74.87330350008905,revised
E0600051,Greenwich,2018,49.01112271270017,£546.36,9.185836346291921,10.100233626146892,7.941660216164875,104.25250191875632,13.85%,6.569551097166335,70.2065157754628,revised
E0600071,Swindon,2015,34.625313296576124,£462.82,7.1264960870440115,13.316666477965649,6.296752719817982,98.07047943764339,21.86%,4.67417313472617,66.30291795784443,revised
E0600018,Bradford,2019,45.93983184738185,£565.36,7.386741041943224,9.851454601876007,9.62169210909512,108.20875356144619,16.00%,5.956951278233632,73.67440889923763,revised
E0600048,Watford,2018,51.3150470409961,£566.68,10.116348793698611,8.567645170420615,10.699784859423554,117.78715362036755,15.33%,7.403474206071849,75.29041520505623,revised
E0600025,Derby,2015,40.0877319872425,£449.74,9.503712203401022,13.840132071911649,5.581620655922445,109.53967850490406,12.97%,8.212464945809277,66.67856768098642,revised
E0600067,"Bristol, City of",2011,39.761579489101734,£448.67,9.215563266097089,10.834000750932567,6.59190989267189,97.76526267703765,16.37%,7.384026196737182,71.10933254909575,revised
E0600025,Derby,2020,39.63584054225661,£523.58,8.815963333798413,14.104365417904566,6.904834571552498,106.14696780913539,13.24%,8.547371678848542,68.07279797845932,revised
E0600067,"Bristol, City of",2020,46.285960093530825,£553.88,11.32669681495394,10.03576017031968,10.354268076496833,103.87811806592077,17.16%,10.890822425184261,74.95121917320104,revised
E0600044,Luton,2018,40.09267967509389,£511.74,9.323956213014064,11.144794616483535,6.586006090275494,113.10250399585215,17.07%,8.644148701472089,67.33384988699405,revised
E0600028,Nottingham,2013,42.01330252720273,£503.26,8.216931176512619,9.44347626085412,7.284473708747117,99.28168437270031,20.61%,6.904992055377802,74.77584345875398,revised
E0600047,Southend-on-Sea,2019,52.15361058218873,£566.32,11.774561080655694,8.532561544673813,9.807186250694047,114.26306917244133,17.34%,7.585987219762266,75.25064475426309,revised
E0600013,Liverpool,2018,45.103359708696914,£531.76,8.294248223987605,12.023095938580122,8.141469035837018,100.93937573563423,20.11%,6.504563035833076,72.15428460941729,revised
E0600064,Wokingham,2021,42.25156059534936,£496.78,7.9409830635808865,16.20417619764301,5.39291842763037,103.59101300069982,14.04%,6.927985122905461,63.622141325226686,revised
E0600058,Guildford,2016,38.44498318866943,£467.54,8.103443181015455,13.388787839774121,6.9693246868389584,96.5159565897469,21.64%,5.890479698025074,67.92514968853351,revised
E0600024,York,2018,46.52912839894086,£543.54,9.875335287439764,11.310529115253392,8.821878714278595,113.4039836990219,18.03%,7.6690891551632925,73.85047100094425,revised
E0600014,Manchester,2021,47.15797082574522,£549.69,9.412033214798154,11.430230765616079,8.369958092882039,117.49846473908794,15.74%,8.212512432547609,69.24011210602254,revised
E0600007,North Tyneside,2017,36.009084309258036,£491.47,10.654306199416148,11.925867349467564,6.722501519531967,104.85341139262054,19.26%,9.06617547912901,70.9454378385135,revised
E0600059,Milton Keynes,2013,40.41060000111838,£470.97,8.618611415254765,11.797366733790572,6.006815568206305,103.85328811198133,17.67%,6.992029587926702,70.94480030315886,revised
E0600065,Bath and North East Somerset,2014,30.513329371503964,£443.89,8.4967299610471,13.918474372801438,6.201600109005496,91.07304364014465,17.60%,8.060224408951392,68.31478537128139,revised
E0600042,Cambridge,2021,59.014437948246574,£615.34,11.244183462404523,10.553295493603313,11.27464112714126,133.42384555876401,15.66%,8.620433346198379,73.93240498183437,revised
E0600044,Luton,2017,41.265364213426636,£499.75,8.197677270709057,11.73577348393414,7.843639762348305,102.54725063839712,16.51%,8.084422533602746,67.45148654899002,revised
E0600025,Derby,2016,42.845362715815845,£475.89,8.467823795946837,13.5722149858383,5.85683380649126,102.64033912726353,13.68%,8.650767413252886,68.82949050454786,revised
E0600001,County Durham,2018,37.20303140365875,£515.93,9.82147671189042,11.190315452139313,8.803969333749055,114.84964032210799,23.03%,7.7217303883028094,71.05497742606356,revised
E0600003,Gateshead,2014,38.42268760309004,£477.25,9.43954114741386,11.017606939211738,8.084664538700084,103.29279224275423,20.68%,7.019280741054515,74.75997066220934,revised
E0600045,Norwich,2015,48.054834199204194,£511.97,10.577170658603979,12.656082926935314,7.556717304035134,106.59767412653434,15.34%,8.740441128463157,71.70348767086631,revised
E0600043,Chelmsford,2013,38.76365317412849,£488.75,9.440619258528521,10.620079116652038,7.874106022811704,101.69205346749047,23.23%,7.671144151890265,73.18780760798317,revised
E0600070,PLYMOUTH,2020,45.25046839965398,£568.04,10.526896494140825,10.798492108764547,10.368554690639984,103.14529021023942,22.34%,9.590571921238089,73.75615589765312,revised
E0600031,South Derbyshire,2021,46.28610381604446,£554.51,8.56094616863494,12.814114149300117,9.873077711575029,111.27556110407856,17.78%,8.333518117663948,72.60861873329326,revised
E0600020,Kingston upon Hull,2017,41.616327730220554,£497.18,9.281401360495899,14.612379536381932,5.958254069550839,101.21470325713162,18.92%,7.979935956269845,67.10372888036464,revised
E0600012,Cheshire East,2019,47.40968639767175,£559.86,10.324065848975412,7.61234605390458,10.332662367788817,116.0111528623598,20.12%,9.947503819597967,75.76761305670469,revised
E0600040,Wolverhampton,2013,42.54493322677716,£446.69,11.027872097623856,10.723367528219596,6.761551715940023,97.6667192292561,20.21%,8.902571029733792,70.62563585300265,provisional
E0600048,Watford,2021,54.934425779298444,£628.46,11.63382048987753,7.816044957499114,12.025370001300555,121.36884062382212,15.41%,8.837300945868321,76.69043812642383,revised
E0600067,"Bristol, City of",2017,46.02024925444634,£529.78,10.739599068286841,11.294710831679536,8.081006951075295,111.28371457361857,16.93%,7.577339579229181,73.23661834579946,revised
E0600047,Southend-on-Sea,2010,39.92869473053353,£438.36,9.067871799132192,12.734500027575177,6.921129285041526,101.34005825950912,16.08%,10.105877254086861,72.03898681179103,revised
E0600038,Shropshire,2021,49.66602550564833,£572.54,11.049836464701714,12.548099510375264,8.664491593914413,120.3812746731877,14.15%,7.137104413421385,70.38918284648199,revised
E0600052,Hackney,2017,49.43700743842404,£518.86,11.067593885076516,11.631813866289681,6.681854385728744,107.57951674882187,19.45%,7.8199027403189225,70.28859888283917,revised
E0600031,South Derbyshire,2013,33.93190883416739,£476.99,7.60547388622795,13.956558496802026,7.517557915340223,98.37278359221327,17.40%,8.488630177231807,68.57476836571028,revised
E0600026,Leicester,2013,31.330662704686667,£434.66,4.569140554536849,14.265008100387943,4.510466980781065,90.33113710890595,19.72%,4.640894271760632,66.82291570570662,revised
E0600052,Hackney,2013,46.15177818671243,£473.89,10.12148722957619,11.50154894318807,7.110919894562692,102.01736422635591,18.98%,8.246445348635193,69.32011528276337,revised
E0600054,Lambeth,2021,46.287652288597066,£555.84,11.203523543261653,11.396466173033664,8.094579423185264,116.12541242448494,17.91%,6.995631298856303,69.50106689207148,revised
E0600018,Bradford,2015,42.739537214011406,£502.11,8.58449659439129,12.32479086654665,8.009387305321292,96.00432695132416,16.40%,6.584080127824886,70.75725496156956,revised
E0600029,North Northamptonshire,2015,50.61398471670928,£518.13,10.608615750993481,11.324222885831848,7.898826642275394,104.12743195056856,16.58%,7.7782511944337225,71.17338180533294,revised
E0600018,Bradford,2014,44.93263702869332,£489.03,8.51290743984418,11.267414615616568,7.761513468544598,104.1559328467599,16.96%,7.601067629077822,71.8775698160936,revised
E0600035,Dudley,2015,42.269485818455024,£498.17,11.050090189690831,12.00081712897471,7.73065808187813,107.43194366705649,19.60%,8.551887406750504,71.45442717052006,revised
E0600012,Cheshire East,2017,43.6473304623536,£540.92,11.273591168470396,8.639798477750746,10.064896887038971,120.94471785872915,19.73%,7.430473982523592,73.40658158696299,revised
E0600005,Middlesbrough,2014,38.058975586513135,£469.28,9.4040264405399,11.702777330161984,5.059106536462225,96.97403383185588,17.80%,7.1571245412576365,66.81713026563567,revised
E0600018,Bradford,2013,39.55805743212461,£482.88,7.0463438499685696,10.924781355019935,7.345240941554087,89.47700582175756,17.82%,7.662175548146798,72.43703424556311,revised
E0600007,North Tyneside,2018,35.41024915505927,£506.55,10.928738384371622,12.348089146558397,7.593806580626858,114.45760096499662,17.83%,10.116305278094726,69.6588968836877,revised
E0600047,Southend-on-Sea,2016,46.47200901410217,£517.01,10.571315849951514,10.20583302195242,8.951898771942673,113.55133150025162,15.67%,7.022075634996082,74.59114926365775,revised
E0600061,Portsmouth,2019,51.6402117277268,£561.96,11.411732606844595,10.809063059518229,9.02516805781165,117.28410281383988,18.34%,9.412416377987666,71.66747556847773,revised
E0600007,North Tyneside,2011,29.18229745300603,£402.80,9.553542660208754,12.31404728755744,4.856576205602411,94.78045609564337,19.21%,10.271862785502165,67.84490160198129,revised
E0600022,North East Lincolnshire,2018,50.215049439477944,£568.13,9.593192923500165,11.04718889962013,8.934441938363166,124.31622999766095,17.46%,7.255137412843048,71.97623850154065,revised
E0600032,West Northamptonshire,2011,39.17331892703591,£459.99,12.364581038534787,10.36166078812066,8.617366067350194,106.60479586237862,18.27%,8.799411307501904,75.63851057071274,revised
E0600058,Guildford,2013,32.901454513477,£425.69,5.81456186708568,12.07074436938439,5.27384509348891,86.61214953112516,22.87%,5.635710686699669,67.17341470028761,revised
E0600046,Peterborough,2010,27.75908510135116,£407.99,9.12830183954261,13.526807589675476,4.912027977193332,92.14862176851064,19.00%,9.187097484795375,65.35558322852143,revised
E0600033,Birmingham,2021,39.59243183027722,£552.36,8.972569266751826,10.55286853662966,9.586337749405345,111.1481998322926,23.07%,7.701973114559573,73.97509861020133,revised
E0600003,Gateshead,2017,42.958737402073325,£524.18,8.86649859716832,11.15902083665366,8.59417922205408,105.6254201615463,19.63%,5.961862770024139,75.38284573851932,revised
E0600052,Hackney,2020,49.42812944500819,£556.77,9.865403552510708,10.176640817791316,8.803526491391667,109.35473156285327,17.34%,10.877905659383678,72.78309516070246,revised
E0600001,County Durham,2017,36.684602146488345,£531.47,11.016848503046706,10.397290427350931,9.054545292698421,111.36842354677282,22.20%,7.973441983299596,72.79584496110525,revised
E0600056,Westminster,2015,55.741672023267796,£540.29,9.98557165871739,9.901852327558045,9.360520459298275,116.03498297841627,16.84%,8.357866298116745,74.91719595652226,revised
E0600065,Bath and North East Somerset,2015,33.76807027055857,£470.86,9.476277568299448,13.222920698895361,6.762152289541842,106.92510952758109,19.01%,7.937879147633342,67.48464391847108,revised
E0600001,County Durham,2010,30.241296661136168,£414.06,9.045042638009349,12.192749995807278,6.311751138523998,100.79387614336252,22.92%,8.835686622268845,71.16212593757395,revised
E0600044,Luton,2011,33.98820247316254,£419.48,9.19587399100742,13.016037365656544,5.401598843527864,84.0830177138783,17.49%,7.164904660985277,67.27304040932394,revised
E0600058,Guildford,2021,41.65496368410578,£532.82,6.4009406881106266,12.987468095284507,8.668023981526545,102.92926728635162,21.76%,6.551694519143059,68.88645351388999,revised
E0600066,"Bournemouth, Christchurch and Poole",2011,41.281789125442884,£432.43,6.429230398029423,14.17622087177809,5.161526016935435,88.31054530225096,14.68%,7.367225855785325,66.06533543651935,provisional
E0600040,Wolverhampton,2011,39.664199685887965,£453.72,8.944176574350383,12.465705656836038,5.421012227061471,101.86166329805975,20.80%,8.863001348860191,68.9932227256847,revised
E0600031,South Derbyshire,2019,42.22942154252743,£545.32,6.922304471306063,11.279796206263335,8.368540633138853,103.96886215031269,16.66%,5.93533124681324,71.75314689245558,revised
E0600018,Bradford,2010,38.533364232303235,£462.97,7.979406238716568,12.91856809959731,6.618330985317374,89.37991453716506,18.03%,6.8774319935487656,69.71651206835286,revised
E0600069,Exeter,2013,46.287486909951156,£477.86,9.518116977259279,11.199401299771555,7.6405307331972905,101.71505156991586,16.95%,8.033652969051833,71.03020372368462,revised
E0600022,North East Lincolnshire,2017,50.47395545007415,£535.06,12.993735422785221,11.114189973463711,7.990898332808233,116.93293041447834,17.36%,8.52651192877139,74.71992157506483,revised
E0600061,Portsmouth,2015,49.515072223775356,£507.55,11.093718734020612,11.735072594201537,7.9655771900121595,107.73929233274225,19.05%,9.419864388866085,69.3838055290779,revised
E0600050,City of London,2015,74.16311591853396,£600.99,18.859399939868428,3.096777306273891,15.357931564748906,145.30760548469067,20.55%,14.444325245874595,86.83331892884692,revised
E0600006,Newcastle upon Tyne,2016,45.64669108013032,£557.46,10.603284350623486,8.715810556114526,9.732983842995244,112.95956559091431,17.89%,9.09543375459505,75.2200465389329,revised
E0600032,West Northamptonshire,2018,47.9425562325502,£574.94,10.868970474722007,9.148037466357856,11.415774192061377,117.33182299815718,18.33%,9.315112502837975,76.70199346848685,revised
E0600068,Cornwall,2013,32.1824178523351,£451.89,9.169311374502366,13.995693076683668,6.668588224934294,95.83804893185845,15.75%,4.783545172581636,69.4330725992904,revised
E0600045,Norwich,2020,49.4328637889652,£552.95,9.039093746548552,10.158444622161753,8.814944511657917,108.77918411799013,15.01%,10.418788168157738,73.0827682537788,revised
E0600041,Bedford,2018,48.159406427987186,£525.63,11.547596377131871,10.941756252724813,7.904057083676501,112.20195748863408,17.35%,7.8411379763354745,70.94732622405259,revised
E0600065,Bath and North East Somerset,2020,35.093020418049576,£505.07,10.617149006815989,12.20694758132192,7.001374095660264,101.53054725186088,18.38%,10.323946405580829,71.2280185180677,revised
E0600061,Portsmouth,2016,47.06675940891568,£506.36,10.15398150278512,11.508459652587828,7.259526397886718,107.77510060974154,19.70%,7.830366399588,71.26146757351526,revised
E0600027,Lincoln,2018,41.86434871961982,£532.37,11.150910366466388,10.371965389326002,7.511692360891382,116.25123912379523,18.51%,9.081379676205009,72.75958435550687,revised
E0600025,Derby,2021,46.585580239633025,£539.52,9.22131602236896,14.091289356077132,7.2487781500792465,115.27089737105727,13.80%,7.881834178837131,69.66406316913553,revised
E0600042,Cambridge,2014,48.704652665658685,£502.33,10.207450763034858,10.15327180935358,8.496194165950355,114.70076161059771,16.71%,8.543365827939047,72.49561755626475,revised
E0600026,Leicester,2014,33.17948359264565,£451.38,3.318417393738845,13.548877174504856,5.045212716458048,88.61894515735777,20.20%,4.886848274514126,66.62875735727508,revised
E0600044,Luton,2016,37.205281908779206,£474.85,8.521337864849682,13.56067053118279,7.121073416145868,102.72221024667105,15.90%,8.260484790306743,67.96877500046831,revised
E0600011,Bolton,2013,34.059111992169406,£471.80,8.295485112662265,9.788300583107109,7.465826687260549,105.24535342252688,20.05%,6.725980293852906,74.03343775519592,revised
E0600038,Shropshire,2019,46.98616597695391,£554.18,8.867448352348882,9.769077163673987,8.036071047843942,113.6856822664201,14.38%,8.355650519404787,70.31731448195332,revised
E0600071,Swindon,2010,27.239747015515867,£375.15,8.149442995756136,14.943647238077078,4.6708713281404375,79.73979942624793,21.15%,7.16768906239554,65.79164046413341,revised
E0600029,North Northamptonshire,2012,42.35106156046698,£468.89,8.854629499875086,11.806946022401068,7.214034341345258,102.51492250591133,17.08%,7.092503467034586,70.21366663422478,revised
E0600029,North Northamptonshire,2013,43.753834837880255,£471.36,8.93960810995208,10.826908463937887,6.278384852459061,104.77632662090971,16.51%,8.755502402551963,71.77487353595842,revised
E0600023,Sheffield,2016,32.345721099232016,£453.69,9.742164951141657,11.744094722536277,6.02654334038494,95.35296326371572,20.19%,7.735364740141797,67.73394021600119,revised
E0600023,Sheffield,2021,40.968546067640254,£515.69,11.367320332592994,11.831662345890871,6.969519886481698,121.49951859782666,19.98%,8.516809558071586,66.07050735910796,revised
E0600048,Watford,2012,43.985251175265425,£507.97,8.374718056764115,9.53340573947101,8.762824836546159,110.72962839558089,16.16%,8.24474512599159,74.64654207775783,revised
E0600027,Lincoln,2017,42.18273952241871,£518.23,10.126358093752645,11.477257979730984,8.142830759024786,114.75530292717272,18.54%,9.057045700060478,71.5228630668165,revised
E0600020,Kingston upon Hull,2019,39.76206873685732,£534.59,8.45297622030681,12.07868925993796,7.618117598336743,106.98191946392105,19.05%,7.0994992876322085,67.69535726087136,revised
E0600038,Shropshire,2010,35.41481061326306,£431.97,8.771252719104409,13.27998837218923,6.261101471160007,97.44847526479816,14.81%,7.570776750664582,69.22412405315775,revised
E0600046,Peterborough,2018,40.505849332973256,£492.44,10.394825019818757,13.082489916927013,8.106054897860757,105.55947406815649,17.75%,7.487849150053609,68.07041464989682,revised
E0600052,Hackney,2014,46.641522387360034,£486.78,8.46551745800237,11.985196598853365,6.901867182710954,97.992559493944,19.09%,9.02230735710171,69.43639496507762,revised
E0600016,Stockport,2016,31.13119868364582,£424.96,7.8342434322430226,17.055002402789675,4.49143139590689,92.29927133950949,19.56%,7.011920469428482,66.11663269833856,revised
E0600022,North East Lincolnshire,2015,48.14961160598858,£516.54,10.685885718650415,12.611008359092601,7.360284722362266,110.22094282197683,17.69%,9.09095183653507,70.39711298365299,revised
E0600055,Newham,2014,47.62971978038261,£516.34,9.396031131165053,11.614275382736468,7.517502660146447,102.89752989512988,19.99%,8.623494171708876,71.69264644738443,revised
E0600056,Westminster,2014,55.312798344822276,£517.25,9.634193809102898,9.049337167490801,9.435334947951313,101.07315206616876,16.56%,8.253228836002698,72.596274686669,revised
E0600011,Bolton,2012,34.13825507090153,£453.56,8.995025579041078,12.02884922262268,7.162494896525429,96.35022664860837,21.07%,6.49389432414906,71.8467763730011,revised
E0600069,Exeter,2021,54.03629195637871,£596.59,8.741303276508749,9.47028042971366,9.691198590895105,120.72100858542464,15.79%,9.584888318349039,71.03943887594058,revised
E0600051,Greenwich,2016,50.4611903491375,£507.36,8.740715906462396,11.214625016678287,7.512351389754226,107.05528303637982,14.94%,6.017000487149925,69.8272323231689,revised
E0600066,"Bournemouth, Christchurch and Poole",2018,49.45195448223277,£536.81,8.640137301916564,13.322441991948821,7.426835962526726,98.42311692103559,16.04%,8.199615620166668,70.40269394134411,revised
E0600003,Gateshead,2013,36.969259906611846,£486.00,7.832497871635791,11.971082835424948,7.383181562093686,90.25781957641523,19.21%,6.042771362636274,71.94607656497953,revised
E0600033,Birmingham,2012,26.57453590185284,£440.82,7.292838499720376,11.644160261444792,6.742733709845087,87.80472726467312,24.32%,7.264838216939733,71.18462218710303,revised
E0600043,Chelmsford,2015,42.66152097674665,£507.22,10.185737635974451,9.051556572334967,9.401020650186714,97.88897043668359,22.99%,7.165177962392628,74.51309500437372,revised
E0600033,Birmingham,2017,33.62800485625514,£507.94,9.251002431034193,10.875010144504405,8.4809393125209,103.94450568401076,24.00%,7.104263607401623,71.57470493465279,revised
E0600006,Newcastle upon Tyne,2018,49.59063549119155,£589.05,11.230895358228457,8.656355897027883,10.774228713582641,117.62080160599304,18.16%,6.254989040767722,75.59531226080719,revised
E0600047,Southend-on-Sea,2017,51.891298818121555,£557.75,11.681312452847372,10.748048930184012,9.896822230887171,116.31063365409628,16.22%,9.497611878969769,73.48299890606908,revised
E0600066,"Bournemouth, Christchurch and Poole",2011,42.10980862006776,£437.32,6.429230398029423,14.17622087177809,5.161526016935435,88.03877982464661,14.68%,7.367225855785325,66.06533543651935,revised
E0600003,Gateshead,2018,41.882263928962146,£525.89,7.251194235629359,11.519486130830371,9.514699129552621,112.97979225786322,19.02%,7.915910619735798,72.45659047964196,revised
E0600054,Lambeth,2014,38.02851765527629,£463.08,10.292377127862597,12.801745692993377,6.2425840718299614,100.7794929228211,19.49%,8.728705653447978,68.39133277132629,revised
E0600063,Southampton,2015,41.40409959566431,£489.88,11.33132954924147,12.477143225807744,8.08582249074165,112.20981253929163,19.20%,8.91075797997825,72.96877274426517,revised
E0600063,Southampton,2011,37.33083257278534,£439.54,10.395643810403753,11.750457575062029,7.415953585196356,98.40134163873867,19.61%,8.930103911120383,71.24229950902563,revised
E0600065,Bath and North East Somerset,2013,29.095511021647894,£428.28,8.488398992711485,14.779492139162558,6.5674493485203485,102.01464962446121,18.33%,8.77654448626248,66.71584668851018,revised
E0600021,Leeds,2018,43.923682016400484,£517.56,9.344018244538399,11.228189034038998,7.928377847030078,109.0820024067615,18.11%,8.294438948436557,70.43499389314364,revised
E0600024,York,2016,46.09609115039227,£527.60,10.291892703926937,10.56198534723785,8.29137646927215,109.30236875449569,17.31%,8.580418062234765,72.37207807672377,revised
E0600052,Hackney,2018,52.845438516250006,£529.00,9.345365726328346,11.218625267964109,8.009814576093245,115.43070108402101,18.46%,7.13218098842448,70.2982920060472,revised
E0600005,Middlesbrough,2021,47.561723976799,£562.76,8.51670163663746,12.387473393812392,8.042219313315375,114.10725277165649,17.45%,7.924427579367106,71.05089173310924,revised
E0600051,Greenwich,2015,45.3496594515375,£495.56,7.599715778594612,12.94925827242005,7.060235102271769,103.15785087599407,14.59%,6.692504709269257,71.12787349589347,revised
E0600048,Watford,2013,46.08616271584371,£518.06,10.595774911165929,7.950245532007552,9.17057252533194,103.73033821491704,15.67%,7.209864810974912,76.03616327288256,revised
E0600031,South Derbyshire,2017,42.280555699540606,£515.71,8.838370547734602,11.00539008868266,7.003456592292403,104.9174773236804,16.80%,7.012712712764605,70.53582258563242,revised
E0600037,Sandwell,2015,34.26715692619031,£464.56,9.008622508426704,12.560734290763353,7.234000607333995,100.71566085599659,18.14%,8.7239832337111,68.8556862190464,revised
E0600024,YORK,2015,44.716057781924036,£503.27,11.685637063797659,11.029558558799776,7.030686027530774,109.14922861626107,19.29%,7.740754352474914,74.43506469024518,revised
E0600056,Westminster,2020,59.52796367730728,£596.66,11.877023796713035,7.701100303249463,11.275370156111734,109.35858225767473,17.19%,11.565157606029018,77.47219795010045,revised
E0600068,Cornwall,2012,32.49047622462095,£451.90,8.43486241174011,12.997378310996947,6.253564310406688,98.56454109010407,15.42%,7.915361492472335,68.60995148764746,revised
E0600026,Leicester,2010,28.60395926150239,£401.36,5.969529075901679,14.479607869753416,3.6475317722053413,74.71194235808365,18.86%,6.2591953276304,67.0053066084611,revised
E0600020,Kingston upon Hull,2013,32.85344605273563,£418.56,7.387899472920062,15.136771223308155,5.263911829897833,87.55035447562486,18.07%,7.053535527696452,68.64139988982028,revised
E0600003,Gateshead,2015,41.44299036970006,£514.57,9.15140493845532,10.124655937495865,7.777063932635734,105.75521607040379,19.29%,7.860547160994171,72.90538906929231,revised
E0600045,Norwich,2011,42.78531717514342,£459.85,8.568124075319373,12.051167114403995,6.617298585079687,92.36622623174453,16.28%,6.151060658755856,68.86650347524927,revised
E0600060,Oxford,2013,29.084691248956652,£415.50,8.257088347846757,15.01482529970351,4.566965463826853,95.80303691117736,23.76%,5.995083557628516,66.24369387529669,revised
E0600065,Bath and North East Somerset,2011,24.45283347427834,£382.13,7.749431658639335,15.65196398872874,4.378354680167323,88.56973024217702,18.20%,8.30548379265573,67.03216126688514,revised
E0600045,Norwich,2011,43.26270898562338,£460.02,8.568124075319373,12.051167114403995,6.617298585079687,92.7431700165368,16.28%,6.151060658755856,68.86650347524927,provisional
E0600023,Sheffield,2018,35.64802266172706,£486.92,11.370786278322361,14.179016707520898,6.815383563605654,107.85442333454114,19.79%,7.4528416433876155,68.98998811931085,revised
E0600030,Rutland,2011,36.34958405739132,£454.30,10.414699970526895,13.156418444743295,6.341928148445781,95.20193814624884,20.74%,8.448164616760327,71.14110106896771,revised
E0600012,Cheshire East,2016,42.49824694280304,£528.56,12.050421063384428,9.73233839345682,9.87522644091764,109.52879830831063,19.45%,7.8545268172392335,73.21334875910807,revised
E0600012,Cheshire East,2020,44.1539712561779,£559.44,11.833784258431539,9.674983592898098,10.301779125262907,112.05722442299765,20.06%,10.984478385774413,74.69267286005902,revised
E0600048,Watford,2014,45.09126566000402,£519.99,8.232461881775924,9.375484634256017,10.131152157239079,104.48707719546493,14.61%,8.20168247966729,75.75864935298068,revised
E0600055,Newham,2011,45.67882911303856,£460.44,9.365034366312043,10.297224918248283,7.158029426713723,98.10418556451717,19.47%,7.033903070416009,72.26025359609169,revised
E0600052,Hackney,2016,51.370843713482344,£524.07,9.330310277680573,10.52769172155051,7.780674263955206,101.22717075147172,20.11%,8.950371295262176,72.15691269595442,revised
E0600054,Lambeth,2017,39.210976220103525,£488.64,8.960999044222017,12.235063140471297,6.850496511992664,113.97307984322892,19.67%,10.166121855141409,69.16535933678462,revised
E0600050,City of London,2010,71.02980610435952,£553.72,20.23502436416891,2.333763082688535,13.367024560598024,136.44471650241226,21.90%,13.101965191724087,84.92860537205114,revised
E0600007,North Tyneside,2019,39.90934218954781,£526.13,10.321905469983236,11.468169327513849,8.08413835645077,113.15610190465704,20.84%,9.06740926280675,71.3917663362037,revised
E0600044,Luton,2013,35.02905380352174,£439.01,8.445333473796952,13.040440164773154,5.536949707023345,97.89828326655892,16.73%,7.123176670022956,70.25063337842633,revised
E0600042,Cambridge,2013,47.422498351513106,£491.12,10.893330124885152,11.636383827147293,7.33184488543819,107.63169040184827,15.97%,8.908372191242435,70.35722110540446,revised
E0600037,Sandwell,2016,35.40211093526891,£482.37,8.80233835357223,12.411889678547247,6.923978129770071,102.64924529965606,17.80%,7.414196348315526,70.28813356095293,revised
E0600046,Peterborough,2020,39.50316583830237,£505.22,9.094928104200122,11.70403975268415,7.810493553993321,107.76008700731529,16.38%,11.39196703468044,70.68648195967242,revised
E0600060,Oxford,2015,32.33634710286482,£438.21,9.808216465264298,15.888257466397768,5.572789328411085,92.90153183128147,22.79%,8.40711247522755,67.3873043387482,revised
E0600029,North Northamptonshire,2021,55.33163051761045,£591.99,10.106762223820661,10.562376449865615,10.361583364634992,114.77872325627206,17.79%,8.439780747340848,74.62844783060258,revised
E0600027,Lincoln,2011,36.4978905223119,£423.75,8.921925522054442,12.220201619145827,6.343590143192581,92.43448946296567,19.36%,8.548333805647356,70.35121063825223,revised
E0600059,Milton Keynes,2012,39.64773197528413,£461.85,9.443867743696822,12.393072689348378,7.688361194759187,100.94662336791959,18.68%,7.874988456635664,70.35868352932133,revised
E0600002,Darlington,2015,48.748229866759615,£547.79,10.886924137283714,9.467312109124022,9.642735823174009,116.29328592857975,17.65%,8.808870150335094,75.46341047314523,revised
E0600003,Gateshead,2010,35.82951525171697,£433.87,9.021972939089366,12.342940389616457,6.784604905800151,101.46057799424831,20.53%,9.044216051637596,70.9093446610156,revised
E0600070,Plymouth,2013,43.74566717336838,£496.55,9.537717394609716,12.650575535214516,8.18225596358439,103.04358690609753,21.63%,7.906880413922856,74.78100891340509,revised
E0600048,Watford,2011,42.114873689523925,£492.74,9.373980088569084,9.050896748267835,8.438462445197697,103.31605277977113,15.19%,8.185917172243485,75.2034298562978,revised
E0600031,South Derbyshire,2014,38.84891009777936,£470.63,8.476177185026588,13.530182651888783,6.983516841933276,104.65684968223742,16.31%,7.806167458441678,68.93008597706468,revised
E0600054,Lambeth,2013,36.01409813518773,£416.47,8.670254297466585,12.895103919399283,5.99769135215063,94.95164317500237,19.86%,8.949904630455396,68.46613932495978,revised
E0600037,Sandwell,2013,32.19743337573348,£459.06,8.911406729691247,14.687545897289732,6.3864320903615335,99.74665692634147,18.14%,7.838569770516504,67.85918517229875,revised
E0600013,Liverpool,2010,33.25106427868229,£422.11,7.85676191590628,13.632869311904951,5.946742607159195,83.06130194276388,20.70%,6.162933697167929,68.92715455032963,revised
E0600031,South Derbyshire,2011,34.733323139013464,£444.83,7.225490407414163,12.760117862684169,6.154131556886791,87.51288732682544,17.01%,5.6196937112561205,67.61651177384029,revised
E0600070,Plymouth,2018,47.57063467289921,£541.98,10.547493938700697,10.730616818992988,8.900419738850328,111.95999075236905,22.16%,8.915210188678376,73.7571964304715,revised
E0600058,Guildford,2020,36.67869153797333,£511.00,7.97629479460902,12.483772564129268,6.242578690641656,101.51461434019014,21.06%,6.658368148216313,68.91403049222419,revised
E0600001,County Durham,2020,36.86030333318755,£533.19,10.931651302961336,11.276059198416862,9.551812446623781,114.86473699090448,22.25%,9.768094202298359,72.24097073542067,revised
E0600006,Newcastle upon Tyne,2011,39.59904573035282,£479.90,10.208027782225328,10.006722363423043,8.107757353687148,103.52855061339703,17.35%,9.273993136136795,74.54183153508602,revised
E0600055,Newham,2020,49.69302210600214,£558.69,11.300987113813518,9.311760789384723,9.079167858906889,104.12067536832642,20.25%,11.885704683909834,75.5241710454606,revised
E0600061,Portsmouth,2021,54.793806239894394,£589.02,11.5706343818529,9.750543807676085,8.813007667070774,128.18043473062477,18.47%,7.407623119925209,73.27366650093421,revised
E0600035,Dudley,2019,45.005509398710224,£553.77,12.20401891063673,9.584211620494022,8.786652435122312,117.54054602952351,17.56%,9.171825988210065,73.24579934378201,revised
E0600064,Wokingham,2010,26.02506675724707,£355.29,5.118835300933654,17.035691940922632,2.223952318894005,75.12609704224158,14.93%,5.906258996515165,64.27232256947265,revised
E0600066,"Bournemouth, Christchurch and Poole",2010,37.65579246801825,£430.40,6.582871165249823,13.86455301741961,5.359774898540009,86.26533635771409,16.14%,6.520038627175557,71.35907673394873,revised
E0600028,Nottingham,2021,52.685613100777715,£592.59,8.469497644565186,10.282587562986043,10.738695367742077,114.9749043520957,19.75%,7.3110067268433205,75.79115481149321,revised
E0600044,Luton,2010,29.470168755458566,£398.98,7.782028296158614,12.283538025618148,5.207405535489801,92.57264340428507,17.58%,7.558632850459884,65.9199558896647,revised
E0600058,Guildford,2012,30.84007430081833,£427.56,7.0274574341573235,13.257350523251397,4.636980881091193,84.27383980342415,22.07%,6.308470943103272,66.85107756465574,revised
E0600026,Leicester,2011,33.13206860209203,£415.95,7.155654959351445,15.300907730059361,4.414598776110604,84.96104001988054,20.07%,5.516360721445695,67.15101421883922,revised
E0600007,North Tyneside,2013,32.98645926210712,£437.75,9.492056789727192,13.015012765827255,6.43276455978085,108.96170339018417,20.81%,8.452862058983541,68.01005923534431,revised
E0600064,Wokingham,2017,30.954691632576736,£457.21,6.1483880262722925,15.909979704541525,3.699143551198496,92.72866434795935,14.75%,5.637750160938827,64.03168859774188,revised
E0600044,Luton,2019,38.35417045804934,£501.62,7.759531566776875,13.21320463033945,7.92657944829547,102.45134301439927,16.91%,7.371641457540766,69.18897400767771,revised
E0600059,Milton Keynes,2018,47.137845481426986,£519.41,8.136818774758705,11.199409147020972,8.465154195860704,114.02660558216878,18.15%,8.01911827974412,72.44505991638596,revised
E0600030,Rutland,2018,46.387388623924,£546.84,10.124554244580303,12.401919556469117,9.394147252289295,109.38173761693942,20.03%,8.637527424053852,70.613851440047,revised
E0600009,Blackburn with Darwen,2014,46.05295754584625,£504.38,10.949842158823877,9.177395447380876,9.05686890434081,117.40004159470419,19.16%,10.105417726952057,75.70533348101914,revised
E0600048,Watford,2016,47.02574736021471,£538.86,11.117165078544273,8.802346521148376,10.228477915182573,109.6313334531454,15.57%,7.031739254540155,73.62854982612717,revised
E0600035,Dudley,2016,45.00745716862394,£504.90,11.271968397842768,10.7028485021841,7.361763056949383,114.6313293396565,18.89%,9.196372215861508,72.83845170620296,revised
E0600066,"Bournemouth, Christchurch and Poole",2021,51.26883508787445,£566.33,8.395713622058992,11.720789810988991,7.135495268803809,111.2963024083184,15.80%,7.410581514958192,69.70739611938299,revised
E0600032,West Northamptonshire,2017,49.50733508027365,£565.52,12.33670965091896,10.189213671399806,10.229804127849519,123.38526407283535,19.70%,8.34249563754593,77.46549542071313,revised
E0600005,Middlesbrough,2015,38.202050768164916,£478.85,8.385566534771355,12.619639167050584,6.209057545000245,101.19152497108587,17.62%,6.005584634835741,69.22596197421109,revised
E0600071,Swindon,2018,39.659994310749816,£510.99,7.574587741735704,12.948901177785142,5.562997063587025,101.71986548912284,19.81%,6.124098685011908,68.58821626042591,revised
E0600006,Newcastle upon Tyne,2015,41.170175054922325,£531.23,9.952554868703576,7.212294430116715,8.32024166531578,110.32559885847729,18.10%,8.180927393826197,76.3463143297162,revised
E0600022,North East Lincolnshire,2010,39.631143101795715,£448.83,9.51731892963644,12.073156570964992,7.004841898795187,102.65486266419056,17.12%,7.322211620010722,69.45045399538273,revised
E0600055,Newham,2019,51.18138997867936,£538.48,10.05523975543817,11.198051498874218,9.269451239308438,111.83053843050133,19.30%,7.6251235379921205,73.56467658043584,revised
E0600006,Newcastle upon Tyne,2019,47.67030176471147,£571.80,10.97729646804722,9.356757511773024,10.796383383430411,116.87399707855971,17.31%,8.27340243875579,77.28309582477782,revised
E0600009,Blackburn with Darwen,2012,43.73563594724975,£494.54,10.233960669499666,7.3444175690616,9.110170886977585,107.39411825884568,18.71%,8.515070854569284,74.23714535989139,revised
E0600001,County Durham,2021,40.44721572415738,£574.90,10.392056698774962,10.973941980318042,9.900465162622947,126.36783371843924,21.91%,9.955875976951145,72.86401368330003,revised
E0600042,Cambridge,2010,44.91414062211702,£470.14,10.934627004742612,10.822310474601654,6.924909592702962,100.07447816357498,16.83%,8.48345200822288,73.5330560681425,revised
E0600070,Plymouth,2019,46.47904150496818,£556.75,10.101393163240413,8.833198622847458,9.995267803943467,114.93777435036098,22.24%,8.051448159059534,73.42014026326137,revised
E0600023,Sheffield,2010,25.34624264906507,£381.23,8.143136973533073,15.184113081087448,4.089045684260991,95.46240540519022,19.77%,7.347798887631627,64.60254037897258,revised
E0600047,Southend-on-Sea,2012,43.92546963083695,£475.28,9.567774674371549,11.170205742229417,8.167866909774737,104.21863753344219,16.78%,8.090129029325274,72.57019583289527,revised
E0600010,Blackpool,2018,43.01308290266594,£512.70,8.740958579824794,13.638061146650545,8.077134304492,105.63748173993868,19.39%,7.687170389584476,70.40533873262291,revised
E0600029,North Northamptonshire,2020,50.8997747456504,£564.30,8.860235436881588,9.154386550676067,9.086496201358694,109.85567320724847,16.18%,10.086158422456688,71.90630662708914,revised
E0600051,Greenwich,2013,43.744261826199,£470.51,9.228175371057429,12.7348783242686,6.799088501892789,97.9941382989895,14.90%,6.927997124769496,70.96181817382373,revised
E0600041,Bedford,2015,44.990782002494775,£477.11,9.554614037974488,11.572330419070418,8.256415642356933,110.66434784485843,16.79%,8.46917762252204,69.97890617493728,revised
E0600038,Shropshire,2017,45.80511726214238,£519.37,9.389330795780896,12.141385420221669,8.108204216237013,109.9799426523946,13.58%,8.555450577730086,71.62221808570213,revised
E0600066,"Bournemouth, Christchurch and Poole",2013,45.95622125839186,£462.95,7.985713946337044,13.66107921628168,5.147707982737328,95.55544827851072,16.14%,6.73462368796743,68.39524766306725,revised
E0600064,Wokingham,2013,27.2628172082985,£413.54,4.872310264154508,15.428870369694323,2.646073107831016,83.81588144921375,13.48%,4.7027973474571105,64.51579283890932,revised
E0600042,Cambridge,2018,55.15548983304396,£556.56,10.470139542912259,9.871512851985523,9.401077593940753,119.97497021141224,17.04%,9.743476424568428,73.18430396659294,revised
E0600063,Southampton,2021,48.05926368670096,£587.05,10.80884923890195,10.614415801779794,9.570841446601484,117.52062339951891,17.27%,8.169135314393207,76.06365959064465,revised
E0600040,Wolverhampton,2017,48.31981011687588,£518.99,9.202542033079013,10.810155274632645,7.913055235981799,107.94094409762911,19.02%,9.049016261880054,70.16727429328883,revised
E0600035,Dudley,2020,42.50984098761608,£550.38,10.023555976445001,9.047105567084111,9.462461677282691,107.63287776261608,18.64%,10.441073588123304,73.03520679381677,revised
E0600010,Blackpool,2020,39.97417486860323,£524.88,10.294842567887972,13.115624319170584,7.529590988383532,101.18963830513803,19.03%,9.877592244760317,70.16306879991897,revised
E0600043,Chelmsford,2010,36.18354132276191,£455.77,8.3092920052595,10.711130772176654,5.801731841639213,91.85952194457762,23.84%,8.713654111472461,70.74671578805186,revised
E0600014,Manchester,2016,42.88432899719068,£500.34,10.347310708858961,14.640190828631686,6.674153873473323,104.10974394922621,15.33%,8.25564765799283,67.18116038107775,revised
E0600065,Bath and North East Somerset,2019,37.89547046813667,£501.12,8.83772933399729,12.739087269618377,7.447075136359517,112.05932272757843,18.63%,7.8794299122350235,69.9565608423468,revised
E0600042,Cambridge,2011,47.74847471904695,£485.65,9.946644896077512,11.774760574774298,7.782518101332037,104.54691651297797,17.10%,8.487688730084773,74.94973725038821,revised
E0600021,Leeds,2012,37.73331126783237,£442.19,9.851283124569614,13.077452604410817,5.903256935881323,89.4867482561095,17.19%,7.482810531758788,69.51562656386787,revised
E0600037,Sandwell,2020,38.047896379321536,£521.76,9.98303201707088,11.92695182358267,7.890665605850782,109.84470850621085,16.81%,10.123240610432315,69.94522756995833,revised
E0600003,Gateshead,2019,42.79691448632532,£547.91,9.21167825329146,9.988400098178284,9.329481066067729,111.93196363502939,19.20%,7.165095156479661,73.23868352019201,revised
E0600010,Blackpool,2016,37.866563292437824,£465.93,9.426084244410273,12.939954528624614,6.839932891232243,101.88524126376255,20.21%,8.187623112082852,69.83013760971649,revised
E0600009,Blackburn with Darwen,2015,44.64044833676698,£515.79,9.850971101003607,8.445205020323627,11.029487159196592,110.08371885379749,16.70%,8.794143146095626,74.30965526980482,revised
E0600048,Watford,2019,50.15211562128759,£566.51,9.938692864310257,7.288811769134255,11.036808633791985,117.77048516724344,13.80%,7.310237737059499,78.50518409627705,revised
E0600067,"Bristol, City of",2021,50.646005047700825,£579.32,11.360812177094468,8.954445825766078,10.150232215388948,120.01922013295201,17.04%,8.615867168480666,74.9217966316462,revised
E0600025,Derby,2010,32.35173043263226,£392.32,6.894188784699407,14.631706187410298,4.077198756787887,88.66772787229755,14.53%,6.870123761705759,65.91122182050722,revised
E0600052,Hackney,2010,43.73686642812629,£414.93,9.274600379722807,11.047306546461195,5.710566987046154,96.71513247706784,20.24%,8.162289446104996,69.2782206493752,revised
E0600010,Blackpool,2012,32.723868654645166,£427.99,7.208979756802848,14.306166736379694,6.074219227673603,96.83770278761692,21.05%,7.5341028797970395,66.9323248298702,revised
E0600028,Nottingham,2015,46.6685135360748,£541.25,9.12063296298308,10.750074167095205,9.47917930169917,104.90265930099898,21.65%,6.811110056984379,76.10541105416779,revised
E0600002,Darlington,2011,45.61967118477218,£490.41,10.12225779342189,9.047970249745086,9.271836092525987,102.7375459757093,18.50%,8.98294060315107,74.95363713948669,revised
E0600069,Exeter,2018,50.38212104485861,£549.33,9.765358490349895,9.534680775389715,9.163559028268018,113.99962980426083,13.47%,9.472087418488037,71.46194602615148,revised
E0600037,Sandwell,2018,37.12121528968782,£509.27,9.286227932300672,13.794873539146533,7.587810127073547,104.96356250970139,19.43%,7.31807081063296,70.75777206620484,revised
E0600044,Luton,2021,44.40340314655357,£539.50,9.574952643737051,11.333835163100971,8.619168358688878,114.86419549620098,15.82%,7.076269483804266,70.50637026765027,revised
E0600047,Southend-on-Sea,2018,49.38735449199191,£557.88,10.094902532732792,10.004290093039183,10.02920840680431,112.26057918384726,16.79%,9.804840349708513,73.15663582366444,revised
E0600001,County Durham,2015,34.02319784183867,£475.31,10.739522860932606,11.017509765656763,8.256094417989653,105.03455071369906,22.42%,7.395569891711169,71.431281245248,revised
E0600019,Calderdale,2013,32.45490399679846,£438.98,6.064692157494189,12.955594487659111,5.756826068692413,96.42959455047493,22.17%,6.988078447667102,66.68187322863669,revised
E0600005,Middlesbrough,2017,39.089832409562085,£499.50,7.1852086388673815,13.95184537240984,7.082667551154347,101.92862464718692,19.08%,6.828017874240125,70.69672786886362,revised
E0600051,Greenwich,2017,46.39775243675424,£522.10,8.08345682756184,12.530619950684338,7.1193210922941255,102.6356275370326,15.88%,6.990413714385043,70.41726303717248,revised
E0600012,Cheshire East,2011,37.13781881493507,£463.93,10.61886598340571,12.360270357877429,8.973877789490022,109.07569453250487,20.26%,7.3878456714072875,72.67275938057753,revised
E0600011,Bolton,2014,37.24920588429094,£488.70,8.910809737160314,12.272984911090868,8.095840450895128,101.65056029204793,20.96%,6.374430818522603,71.23249487324932,revised
E0600024,York,2010,36.29978765756621,£466.02,9.28032575277806,10.791161406415773,7.383502574541112,94.70663881320145,18.61%,9.23227400295791,72.19895189878412,revised
E0600011,Bolton,2011,31.55660691880251,£439.55,6.741867867568339,12.090229942833579,6.993981835293715,94.49057449267879,22.10%,7.0454897375285315,71.12352125700056,revised
E0600069,Exeter,2014,43.59994135883686,£485.80,10.072596891097552,10.021872150945844,8.478705262070456,109.44089826020104,16.59%,8.677652275682423,71.95350228168255,revised
E0600037,Sandwell,2017,36.28666068042766,£493.03,9.074321482315714,11.915878322760097,7.056550175497254,109.74087650220532,16.73%,7.451619324819695,70.97982204043824,revised
E0600046,Peterborough,2012,31.832866878011796,£446.99,10.6504839469185,13.089116548023112,6.761828602801593,96.80069553555336,18.57%,8.811305694576092,67.3927286076004,revised
E0600002,Darlington,2016,51.25195292753532,£549.99,12.282095482956763,8.72973682555346,10.426146491742683,124.70793098765176,19.31%,8.715657713165893,75.40269898858348,revised
E0600011,Bolton,2018,42.458285462799005,£524.06,10.349865596088861,10.971224897378104,9.018795625473395,111.1633359836053,19.05%,7.427519894601765,72.31056430005886,revised
E0600009,Blackburn with Darwen,2017,49.726816272194775,£553.99,10.192940450960805,9.699504427798228,10.141774583258899,118.2569228735062,17.94%,7.554254759010932,74.64383809681514,revised
E0600051,Greenwich,2011,43.89759159051788,£436.49,6.937860528096843,12.042337235468905,6.208888171030312,92.16774641455405,13.66%,6.735416093871898,69.12460763545839,revised
E0600047,Southend-on-Sea,2014,46.39917562941017,£510.44,10.295437894509115,11.808560973831156,8.545674577189054,102.27138885650153,15.92%,7.684012868760474,72.43401860349434,revised
E0600024,York,2019,48.9174237661578,£559.95,10.243859844143538,10.221752771258885,9.346024345381364,111.40898857548504,17.32%,9.33269494908458,74.27258394107999,revised
E0600028,Nottingham,2018,51.51357872755721,£551.64,10.283028076049325,9.339618421741196,9.627306377942523,106.55661730803799,20.32%,7.8289957714825125,73.50325208305458,revised
E0600046,Peterborough,2014,32.110758094228565,£431.31,9.382575005461145,12.482238483407567,5.528801210281524,105.07853664267952,17.90%,8.212375938572018,69.04788259587316,revised
E0600043,Chelmsford,2019,44.93866435483708,£544.85,9.034301084514457,10.439184119509646,8.904778670509764,116.85681110575415,22.87%,6.738300906064793,74.22325766213024,revised
E0600050,City of London,2011,66.66604010827744,£572.91,19.27270782571834,3.513859594268635,13.72484936927795,126.52736978786976,21.28%,12.662427382815325,83.43195560279347,revised
E0600013,Liverpool,2014,41.234014254446045,£490.92,7.520754991901688,11.571163581051815,6.909970319225855,93.43574950023608,18.98%,6.375982828670831,69.51008264739782,revised
E0600044,Luton,2020,41.59968815677382,£516.91,7.256061847087068,12.857691556029216,7.689468571048885,105.42776916509932,16.73%,7.833139109875835,71.66575139611258,revised
E0600022,North East Lincolnshire,2012,43.904450542300836,£472.20,10.627194682926254,10.737892722829644,7.153972466412905,104.09564882667694,16.46%,6.919206246514177,70.66105786371419,revised
E0600056,Westminster,2021,62.1692734741248,£631.68,10.828141183231631,9.36935152320978,11.889022408049593,125.19274161565603,16.12%,5.382699170092597,74.35004519982569,revised
E0600021,Leeds,2015,42.037319498385806,£474.50,10.036222136745462,11.779236518695793,7.599309046088756,99.51328419295287,18.20%,8.604717584094956,70.91860640992859,revised
E0600059,Milton Keynes,2015,43.72006617411595,£489.88,8.873144724196429,10.812146016782235,6.113150119614287,109.59773403380395,18.24%,8.16936710886816,72.5170851986847,revised
E0600071,Swindon,2013,33.85977223861846,£427.34,7.667486146788349,14.396849982587392,5.1001788198399955,89.30428069993238,21.81%,5.028794728875107,67.49072119865102,revised
E0600024,York,2012,39.66893006848178,£468.40,11.260844525273136,9.936014286404836,8.016102266296521,97.76748667351883,18.15%,9.201703552673239,71.38744279561733,revised
E0600069,Exeter ,2016,47.364978660290575,£530.04,8.754045243545628,11.12732107403069,7.409081342076359,111.92461091548265,15.22%,8.42858801916205,71.50020664919505,revised
E0600029,North Northamptonshire,2017,52.66454580709323,£538.15,10.28688513568099,8.453114364626096,9.095098810359227,108.69297556162306,17.08%,7.286342513144114,69.42872315483345,revised
E0600024,York,2021,50.0448277911454,£602.60,11.224847316389118,9.127007646292535,10.46054719610431,125.11145466902344,18.33%,7.369558454646915,75.0799147333114,revised
E0600001,County Durham,2019,35.95912803528305,£526.99,9.775634277633397,9.169917845814394,9.549163815700155,114.58621008187808,21.60%,8.426979035928701,71.36127229197041,revised
E0600069,Exeter,2011,40.08299751260398,£462.31,9.408044251328127,11.884349088475469,7.365449109768844,101.63697180731563,15.04%,8.516732105371144,70.5199739621006,revised
E0600043,Chelmsford,2018,43.9718585399511,£542.38,9.535657351552754,11.464740250760533,8.677743204226145,111.12768982968701,22.16%,6.23179542691723,73.2909989730625,revised
E0600038,Shropshire,2011,34.98352566724826,£435.36,9.475115990088879,11.516220497378804,5.818152934894435,95.32318806448569,14.42%,6.911958075040429,70.55335013079018,revised
E0600010,Blackpool,2010,28.990503609705325,£408.31,6.903245491695247,13.833811088945492,4.477724217893643,86.91426916878692,20.49%,7.280440963427218,69.28211746008911,revised
E0600068,Cornwall,2014,38.4020491686075,£482.79,8.27103047115459,12.214333461676603,6.7259077669015115,103.79866761517768,15.07%,7.606590674379547,71.37883826625117,revised
E0600063,Southampton,2012,37.85331789916251,£450.35,8.827757232439366,12.238510609612312,7.382407516626038,108.72893070316184,17.68%,7.700410945351608,72.95996421216823,revised
E0600052,Hackney,2011,40.32164497243041,£446.11,7.593153344660019,12.728500682413939,6.41480611282898,97.99464018574808,19.31%,7.605714870796486,71.26451653632743,revised
E0600046,Peterborough,2019,36.550406658821885,£508.24,9.805133773470864,12.831389357377162,7.428284617867421,114.73045685812824,16.89%,8.980055643203677,71.15703882165292,revised
E0600055,Newham,2010,42.83084765381559,£434.22,8.879758074339541,10.941861867867862,6.885482971603635,98.98758744588687,21.29%,8.359600661880066,71.87143312727095,revised
E0600030,Rutland,2020,43.53890557699494,£565.01,10.016522693904413,8.93457748907245,8.502410011142038,110.33432898556654,19.78%,9.298212366744606,72.53563264397259,revised
E0600056,Westminster,2019,59.51404561053835,£582.39,10.345336832954732,8.775783512134208,9.793056343858314,115.59059649172598,18.30%,7.777976974186931,75.79136113175004,revised
E0600041,Bedford,2013,40.465264935450506,£473.91,9.944910662319257,12.794589748486054,6.132306739311608,100.94333334559695,16.56%,7.8698230492730765,71.37845600386503,revised
E0600054,Lambeth,2016,37.8599660223245,£467.69,7.907798088948344,11.456984140492306,6.628029456392582,107.75863443580914,18.22%,8.267359203537886,70.2502818278983,revised
E0600066,"Bournemouth, Christchurch and Poole",2016,45.74105571766977,£509.18,7.953860326618323,12.714494854706754,6.883762829196449,94.41280756324782,15.96%,5.818361611383616,70.36595067927821,revised
E0600018,Bradford,2011,38.14153445174326,£449.45,6.0262945104370145,11.025857333250958,6.336083668222616,88.7538965451435,18.83%,6.099857934492881,72.32665387706656,revised
E0600014,Manchester,2012,34.389195500069874,£433.13,9.774915228673002,12.515283304606545,5.246626618208362,98.84070938692187,16.04%,7.835582329492296,67.40070835370649,revised
E0600018,Bradford,2018,46.23360365022302,£551.18,6.352823242228649,10.872193746727726,8.446290462508994,102.52781210769994,17.59%,6.295114868503889,71.53327367023255,revised
E0600070,Plymouth,2011,41.462082385190406,£472.27,9.91158581855042,10.388029783533097,6.291820254862125,99.54894953854085,22.81%,6.741139586709236,72.61281291341919,revised
E0600019,Calderdale,2010,29.409400975829794,£403.25,6.376763298144767,16.422910221779617,4.824849933242526,87.13553573376394,22.67%,6.240992870925719,66.56359242864039,revised
E0600009,Blackburn with Darwen,2013,43.80823413906898,£498.83,9.437790032191966,10.118283465187664,9.470572077345722,110.30992974752074,18.41%,8.159388911869973,74.66233390090115,revised
E0600060,Oxford,2018,33.20917653934898,£449.02,8.28471196388684,14.038063799464634,6.620088462584019,96.67656243111432,23.23%,8.69115307121237,67.36122642796587,revised
E0600007,North Tyneside,2012,28.59645785430924,£416.86,11.650632078818179,12.900577350166248,5.627266300305758,96.86877180310978,21.00%,8.527404668296745,71.46755998579928,revised
E0600012,Cheshire East,2010,35.22903259366567,£456.23,8.38364410057973,9.950731490604351,8.34533559052056,102.26738454458685,20.73%,7.806966323102323,72.25210248463156,revised
E0600069,Exeter,2019,48.2327466338026,£528.18,9.291751278515912,10.623404198696678,9.657296585555823,119.23162329361806,15.71%,8.263836543079663,74.84878545480541,revised
E0600061,Portsmouth,2010,41.23738490150354,£432.38,9.642791095124382,12.232646938168827,6.588115430996983,94.70779682441953,19.71%,8.088347679842244,69.05738940898357,revised
E0600045,Norwich,2018,48.15003989361187,£564.74,8.506897135613347,11.70378108119789,6.6892574973655,110.24126731453944,15.61%,7.470146702967338,70.62585689720699,revised
E0600047,Southend-on-Sea,2013,46.14071667090291,£490.89,11.136072985572099,10.585732727975326,8.217929195351426,99.43654307208851,15.01%,9.059155851030562,71.53307742724093,revised
E0600010,Blackpool,2017,36.936533631540875,£501.35,9.892224567085329,12.908913530080888,6.571679290200242,97.79987329334631,20.73%,7.46686448037398,68.14709953005543,revised
E0600068,Cornwall,2015,41.15537511871359,£469.03,9.8342035523675,12.298802878886237,7.171847350710396,101.04118962217412,14.99%,6.20557307301185,70.8097808166078,provisional
E0600032,West Northamptonshire,2015,46.247133536182126,£524.63,12.155939051471384,7.597516389894834,10.562557005763596,111.64814867036876,18.15%,8.079767431892321,75.50784052591938,revised
E0600052,Hackney,2019,51.38861103489868,£546.96,9.696169610945756,12.191798140968162,8.354888972740738,112.61602385797539,20.38%,8.162128382248419,70.39043284151238,revised
E0600038,Shropshire,2020,46.507358366937666,£537.49,10.972465285919066,11.14552242897619,8.411921869521949,109.20482490041384,14.68%,8.353897272051183,72.41151542898429,revised
E0600027,Lincoln,2016,36.2645966035779,£481.79,8.732411726536835,11.680775560788046,7.779194775600495,113.51584854565854,19.24%,8.46725798439759,69.1368874208728,revised
E0600070,Plymouth,2010,39.27986690093628,£444.95,8.545769323759776,11.837622567165035,6.625461009147179,102.4377151495609,22.72%,7.835179468256474,72.3454582649412,revised
E0600027,Lincoln,2012,32.401166348878064,£438.35,9.686662855666112,12.78532690178184,7.064034689092769,99.1609885864103,19.97%,7.2192800523381315,69.19221496099016,revised
E0600011,Bolton,2016,39.08795553178934,£501.51,10.10960452561138,10.129370629827477,8.703455314692816,107.16053655104213,20.08%,7.274562402000742,72.94537083594003,revised
E0600006,Newcastle upon Tyne,2021,52.867673569858034,£623.81,10.700923217838215,8.318285700990806,11.654278310324923,117.38561822510937,16.64%,6.691770930164713,77.88089740243664,revised
E0600014,Manchester,2010,33.93604406385041,£421.11,8.619511543856422,14.95650388477372,5.392191167132396,100.22328503505192,16.89%,8.424325008906091,66.89181275380719,revised
E0600009,Blackburn with Darwen,2018,51.51276817419812,£577.75,11.898495002603186,9.34674786056565,9.508818600008297,118.95778926626144,18.08%,8.060332070528846,76.42245348452587,revised
E0600005,Middlesbrough,2011,33.67606064031403,£428.83,8.338353897230064,14.20761976870458,6.3169732913113705,92.18023839403766,18.60%,8.676873812276863,67.44358191837446,revised
E0600030,Rutland,2019,47.29340833773928,£540.07,9.73576401736537,11.180687018542908,9.203060581330483,114.62182166745089,20.91%,7.746816036726959,72.58572416548215,revised
E0600051,Greenwich,2014,44.27852582253441,£482.66,8.953781174075255,12.101196905097975,6.835181690825552,94.49485227818295,14.55%,8.612163692719609,70.34723199902962,revised
E0600045,Norwich,2017,49.512314947216524,£541.70,8.839783415746505,12.309616200744385,7.7614351599281495,116.29985570204558,15.87%,8.156750982487544,72.43007443258858,revised
E0600031,South Derbyshire,2015,37.569038891942654,£485.30,9.401430761510563,11.936207871511407,6.456206509549083,101.41469000413578,17.12%,6.992138637679865,70.97508575529973,revised
E0600001,County Durham,2011,31.893454430661272,£422.31,9.287872786783048,11.619385127828386,7.07942713728688,95.9474182634111,22.79%,9.884506828426648,73.04027594388378,revised
E0600025,Derby,2011,35.9243861178565,£409.69,9.139062372821098,16.171431691888756,4.774772578179403,92.78237170283055,14.01%,8.082291980394968,67.52303539354429,revised
E0600030,Rutland,2014,40.27291195993903,£491.96,8.539458297067604,10.511744566558548,8.156607302891354,105.38190793408444,19.47%,9.32008385105206,68.82866714592934,revised
E0600009,Blackburn with Darwen,2011,40.28048353478369,£483.67,9.877558541399429,10.662145732848506,8.000032021746481,111.64926968384945,18.17%,7.729329424796493,72.78265428663693,revised
E0600031,South Derbyshire,2020,38.24888009324119,£548.40,7.791464112578894,9.964433945088167,8.951117348249486,96.37004549194536,15.94%,9.995522360342164,70.75219546811324,revised
E0600058,Guildford,2015,34.19819625170774,£453.16,6.2628603255317365,13.510994400371796,6.027333003077209,94.93544269301161,21.66%,6.509158185514415,67.76152070416434,revised
E0600040,Wolverhampton,2013,42.52673877769122,£450.68,11.027872097623856,10.723367528219596,6.761551715940023,98.6808901942395,20.21%,8.902571029733792,70.62563585300265,revised
E0600055,Newham,2013,44.69183135457641,£486.60,8.036428417532912,8.851671264440514,7.884307531587277,98.15668854055859,19.08%,7.611542627644939,69.5871573766727,revised
E0600022,North East Lincolnshire,2013,43.69905312671194,£487.67,10.012462343252635,12.821961505175443,7.326700743971621,106.14823067613534,18.24%,9.67138396574292,72.94686679359299,revised
E0600044,Luton,2015,35.714010663791846,£480.28,6.7008750614392385,14.118312560608066,5.677767041431639,104.01147379994617,15.71%,8.245465322733295,67.6131260704814,revised
E0600068,Cornwall,2019,38.1367026851733,£523.21,8.637602855513846,9.840096239985375,7.816601146079926,108.47214979546469,16.65%,6.570407434311628,72.22512501379897,revised
E0600071,Swindon,2012,27.668499664290252,£421.11,7.562276934830814,13.851081720293838,4.616589761206432,90.26039601268587,21.21%,8.45189806986557,67.08148332834325,revised
E0600033,Birmingham,2015,34.003059666279306,£470.20,7.599361667277777,12.287005970333093,7.445489026395805,98.19037878596232,23.00%,7.235738774067985,71.40447972233416,revised
E0600064,Wokingham,2014,32.714170823567,£427.52,6.484242091108868,15.613858180762515,3.3776389749956803,91.7206256323509,14.40%,7.066855798258125,64.46152417096968,revised
E0600019,Calderdale,2017,34.35847379007165,£483.74,6.133485029196316,14.459148768504313,7.022639026285157,102.28559364975948,21.93%,6.849333517754052,68.4555158440143,revised
E0600010,Blackpool,2019,38.95841703547054,£506.28,8.818258355590352,12.072794388730179,6.5910717947745265,103.31989370449925,20.63%,8.36722107796445,67.45687757969242,revised
E0600059,Milton Keynes,2014,45.36879293146263,£473.11,10.62674031620324,12.891789473051103,6.962653193294466,102.6994520974323,17.64%,7.975603535816967,69.45067765041512,revised
E0600061,Portsmouth,2013,45.130868599573695,£456.44,9.030367037018346,11.423165620847964,7.526079212469311,105.28389175471217,18.72%,8.073539341525764,71.66510311561422,revised
E0600007,North Tyneside,2016,34.28247016932289,£459.89,11.083038051801404,12.128059312678948,7.385330738565423,104.67791025099442,20.57%,9.106382699558901,71.0352369440597,revised
E0600035,Dudley,2021,52.74342096730746,£575.72,12.425853070838365,9.30913487081846,10.075003785480908,125.74351442722838,18.42%,10.610978742034991,72.66054174918673,revised
E0600029,North Northamptonshire,2018,52.96443616746367,£561.54,9.949463936349417,10.756919670409857,9.39660715823262,110.9944476853131,16.42%,7.326311647287505,71.90141824736686,revised
E0600050,City of London,2014,69.62101421942894,£599.30,18.26031685597954,3.159971257734314,15.731617401035948,147.20728567744658,22.00%,11.40763018695891,88.22280739432347,revised
E0600032,West Northamptonshire,2019,48.59860864948052,£566.72,11.007063587488393,7.517401379836166,11.485902538508965,126.74179798856731,17.57%,8.000345987413041,73.92068743546135,revised
E0600010,Blackpool,2015,34.799896477549886,£474.82,10.059218844284157,12.588927012302623,6.248622114075809,96.45983235828618,21.71%,7.01758982654442,67.63969795806666,revised
E0600027,Lincoln,2013,33.42239666402887,£457.50,9.190603132878467,11.501159026529722,7.696681269337199,94.62534640668197,18.16%,7.66773639751302,69.95885751018014,revised
E0600026,Leicester,2021,39.60730056159111,£535.69,6.660794905484511,13.055629770803241,7.204291437096844,102.06476917260596,19.36%,6.420526440352302,69.59933191791633,revised
E0600038,Shropshire,2012,40.95984871712343,£458.52,10.458431280423369,13.570448950934605,6.2447658118429095,102.98309972340427,15.35%,8.268753173130388,71.34735665104564,revised
E0600070,Plymouth,2017,43.80160589237689,£517.51,11.287322609684827,9.917747692745381,8.883968630368557,108.28686347776109,20.97%,7.60627000915231,73.75475411285433,revised
E0600069,Exeter,2017,51.70529054316913,£550.38,10.958186981319182,11.555072396890948,8.938870216370207,109.98690870421169,15.52%,7.706379409718174,71.53367447548654,revised
E0600060,Oxford,2020,32.01906740262282,£477.85,8.63507055443009,14.266709575746916,6.008273930077317,101.81287018144826,21.67%,8.753994762676713,68.3756759132684,revised
E0600068,Cornwall,2020,41.20698727555982,£549.09,8.627740066571482,9.43240503548653,8.484205559096978,105.25715891001761,16.10%,9.7192044493305,71.88361860556077,revised
E0600046,Peterborough,2015,35.52300045036902,£447.86,9.833262981048023,13.122926585353811,6.990746322302393,106.53942925296874,16.96%,7.957550083099231,68.27540235896771,revised
E0600064,Wokingham,2016,33.790537058122,£438.80,7.26521440140527,15.715733742825341,4.2507460645864485,90.67963589207493,14.78%,6.382530433481658,61.58807767832668,revised
E0600019,Calderdale,2012,31.59121879959604,£426.60,7.167649344336211,13.725425648674912,5.49027808475641,86.62605099756024,20.86%,6.027783098097598,67.63972849471878,revised
E0600044,Luton,2012,32.63869428565417,£425.43,7.033677495325772,14.65236689970995,6.373587666643859,86.36147316441422,17.30%,6.848478646748928,68.37870998992594,revised
E0600071,Swindon,2020,38.00711208771322,£502.22,8.619947533946394,12.278585707666092,7.098525066187574,100.5169344449972,21.97%,9.244354790796441,69.16121743753709,revised
E0600060,Oxford,2019,33.5951907220727,£476.32,8.840077768620736,13.490776546466979,6.23834298129913,104.3941014382294,22.24%,7.517376351929389,66.32163715802764,revised
E0600005,Middlesbrough,2020,41.86597512608976,£539.79,9.193582650041977,11.637897101452745,7.520697051127018,91.46618297184925,17.87%,11.22160933913926,69.75255873047094,revised
E0600011,Bolton ,2021,44.90655889510615,£579.38,10.66516402263697,9.47689308041472,10.05369094678744,113.79035825433655,18.87%,8.58757353188226,71.37906941144553,revised
E0600063,Southampton,2013,37.792808987939615,£451.14,10.575061856405055,11.1217275970457,8.103537373666411,105.64565641750436,17.29%,8.291121927763493,72.97714801546631,revised
E0600020,Kingston upon Hull,2010,30.54164850251073,£403.32,8.762787280559047,15.256329195371645,4.834516221753331,85.78232946030107,19.85%,6.813144922798573,67.1976348125359,revised
E0600022,North East Lincolnshire,2014,49.84217353412026,£506.38,10.719060172825174,10.0198392501008,8.80984412684814,107.38610932826393,18.07%,10.441452416279827,70.82514011619314,revised
E0600067,"Bristol, City of",2015,43.50994006820101,£505.09,9.500619576501515,10.84481234320797,8.288246105380187,104.52563333862194,16.48%,7.848532912480423,71.56201180310237,revised
E0600050,City of London,2012,71.26765333050805,£573.68,16.845947375622963,2.9158883212768654,13.890857256528953,131.6282828768765,21.63%,12.674443166557172,84.44250301190068,revised
E0600031, South Derbyshire,2018,40.23601521499219,£517.62,8.248315211744512,11.62928559797095,8.107351868827523,107.96710397544109,16.93%,6.359951494248765,72.81600368960756,revised
E0600033,Birmingham,2013,26.554863737875692,£434.64,8.386060774293089,11.028037899599516,7.4299116853878475,96.85874045361219,24.07%,6.007083098764266,70.5896655061621,revised
E0600002,Darlington,2010,42.239623703048686,£469.51,9.72289266034761,9.56021624840905,8.499638410842994,110.00328355461791,18.38%,11.37766003294965,72.45978606707769,revised
E0600064,Wokingham,2019,36.75343782318874,£478.77,7.605253829176388,15.461401867649482,4.934912355091374,94.40043534679602,15.27%,6.578798105468587,63.653309755893176,revised
E0600014,Manchester,2014,39.47497983382342,£479.74,9.32186442699652,13.601239949205128,5.547080154927457,112.55456121893667,16.84%,8.309195912840561,69.90194477994524,revised
E0600023,Sheffield,2020,29.504268965401856,£479.56,8.105187247407574,13.875344132852177,6.86789607318163,104.04058017549586,19.66%,9.981197098752077,67.46024558775689,revised
E0600048,Watford,2010,39.368418842866454,£466.69,7.80307205070404,11.742577603374688,8.23790871009436,96.04262682552829,15.13%,6.080186905294064,76.21262842365456,revised
E0600026,Leicester,2018,44.05354297752419,£527.45,6.499572821179413,13.047712878278963,5.433700657728985,102.54480394178312,20.00%,5.560247524235248,69.5655783448892,revised
E0600051,Greenwich,2020,49.36906688797742,£532.11,8.931827673067724,12.58339394610219,8.194480940924738,95.64982505796453,15.09%,9.093219864294744,71.57052847663685,revised
E0600014,Manchester,2018,41.68297199071882,£508.74,10.965618891765146,11.865424377545082,6.669032155491669,107.72362710027535,15.38%,8.900257255829247,70.99453130248146,revised
E0600060,Oxford,2014,30.22178572985807,£427.47,7.877118830525334,13.324525321109341,5.665674576826104,103.51290885294563,21.28%,8.646507741139233,67.71294857492103,revised
E0600019,Calderdale,2015,36.90242527221026,£482.74,6.999528318584199,11.306353575471766,5.228710433241577,96.4447259426137,22.43%,6.290570511260829,67.94530036097237,revised
E0600032,West Northamptonshire,2012,38.05162442815291,£480.17,11.061928876771955,10.183384197070838,8.90770231786349,105.41182251469588,18.29%,8.526175700474157,73.53234296798456,revised
E0600050,City of London,2018,78.23157554564219,£646.73,20.179081092005088,1.3329206027512384,15.30256815870406,159.1915531937314,21.43%,12.862563705706481,87.43992098324586,revised
E0600023,Sheffield,2011,23.148373710056397,£399.32,8.561705430535811,16.47589828788966,4.182638684354351,97.19405884520789,20.34%,8.285832415366475,64.88132202827157,revised
E0600040,Wolverhampton,2014,46.03880883108654,£478.31,10.068831837821703,12.614829671004648,6.3237149758311615,104.8821092144241,20.09%,8.077971081300115,68.30496375895446,revised
E0600041,Bedford,2017,45.38714263425945,£522.94,10.781966946715947,13.134339928169965,7.855995630845716,114.69057184140154,16.73%,7.194126799693672,69.47269195643405,revised
E0600012,Cheshire East,2013,39.0585726736163,£501.01,10.474461762480132,9.675838663433108,9.352210934677327,106.03221289784886,19.00%,7.898502213476064,73.12600342609161,revised
E0600052,Hackney,2021,56.595796213855195,£582.67,9.24324927404536,9.876293601111467,9.11483428307435,113.45297811978011,18.39%,7.4947349701814785,71.93900159609693,revised
E0600023,Sheffield,2019,36.87595653299902,£489.89,11.130669615078656,13.650897353224352,6.92746481852798,111.95782494012785,19.47%,8.722935336296043,68.13982097087153,revised
E0600030,Rutland,2012,35.711473874618285,£456.38,9.248653900882235,10.803587780213123,6.3431848910822,100.6267095234948,19.38%,8.357853887412661,70.48115686042229,revised
E0600071,Swindon,2016,34.77065776367266,£454.17,8.794904198450547,12.717542348684509,5.577538515286961,99.65985844628412,19.65%,6.862601362664096,69.06892320707482,revised
E0600043,Chelmsford,2017,43.37762400556198,£532.90,8.542297746256821,10.837235082540701,9.396612064052448,109.91185010159838,22.48%,8.322678239813955,73.81780553017026,revised
E0600025,Derby,2014,35.878411203835746,£449.53,8.221740678377806,14.003834215647787,6.328654473724058,92.9770889778617,12.78%,8.60921192140764,65.92508319061041,revised
E0600009,Blackburn with Darwen,2021,54.83303401120202,£610.72,12.050579374872614,8.387900200693986,11.488304475361188,128.77539236179885,18.50%,8.878636898984777,75.79321338617116,revised
E0600033,Birmingham,2011,27.974087951914328,£418.74,7.699343542414355,11.459047905626761,6.76362148874195,89.56705348330495,24.46%,7.0749426006126415,72.46704155421023,revised
E0600032,West Northamptonshire,2020,45.862625788359644,£578.82,12.949920319229896,6.271966061143921,11.427452725122071,124.21939593963863,17.67%,11.762548809353127,77.95659520552927,revised
E0600030,Rutland,2013,39.90352461414132,£462.52,9.594552885678558,11.487338531779633,7.382345406262172,97.90633197606755,21.23%,7.540986176536104,70.87036694248542,revised
E0600029,North Northamptonshire,2010,40.9947339452545,£450.95,9.165188680515348,12.333617672768545,6.5215372837644106,89.89197770706764,17.28%,8.473440390915485,68.02384027715901,revised
E0600003,Gateshead,2011,36.6557265385853,£447.33,9.220040425175448,12.13013298439564,6.770481870025276,102.93601838170026,20.69%,9.535447575670727,71.55991155734887,revised
E0600005,Middlesbrough,2018,42.3492506509096,£514.02,8.232366620744221,11.229030363165338,7.119666911664016,99.09604106902054,18.78%,8.366008362122306,69.68925029340879,revised
E0600011,Bolton,2017,39.480760094095174,£517.90,9.22170085886036,11.476112379795218,8.769482985922544,105.58477263231639,19.92%,6.972537321556099,73.73760156956575,revised
E0600058,Guildford,2017,35.23200154756528,£473.62,6.199359282314913,12.368766694006254,6.637854163788607,99.24388547624545,23.46%,6.216846533097354,68.11499962955153,revised
E0600055,Newham,2018,48.42461020098579,£533.68,9.558141524979273,10.067376128788359,9.042676914557743,112.84960054675203,19.22%,7.354420113047074,74.56812480939617,revised
E0600009,Blackburn with Darwen,2010,39.79830088498017,£475.41,9.584531804956804,9.45090645146612,7.735347591441294,104.44231230120464,18.76%,8.572337371382892,75.0486752477879,revised
E0600019,Calderdale,2016,35.3636915817059,£475.64,6.700060168928379,13.792231102826571,5.469444047207725,96.90146138277187,22.69%,6.81621200177231,66.66947273075687,revised
E0600007,North Tyneside,2021,38.7087129534692,£540.50,11.239923309519295,11.24643252553332,7.353565769507436,118.33395933657806,19.02%,9.619288225741785,71.60778211274898,revised
E0600056, Westminster,2017,59.64026056311864,£552.64,11.155284237023013,8.718401998668057,9.426158654727073,114.33762644914393,17.11%,6.6311020753162255,75.35979529757921,revised
E0600035,Dudley,2017,46.81080938835013,£522.50,11.539928330545324,12.021451620305339,8.40626781640161,109.82039481135372,18.24%,9.275516320092184,71.5191486117739,revised
E0600021,Leeds,2010,37.77973755434363,£429.57,9.398627666446197,14.492637873909576,6.122898252487786,91.52064100570048,19.29%,8.238000205102566,69.08929715695582,revised
E0600050,City of London,2017,80.3369673731917,£630.70,18.86642734371292,1.4400749947362623,16.35333901178035,150.7356360466776,20.55%,13.901694149205122,87.37890834198242,revised
E0600051,Greenwich,2010,41.8260515963598,£431.48,6.9566968576778,12.72563449749354,5.584332452503931,87.52549966929735,15.04%,9.107565116971466,69.29822812908222,revised
E0600063,Southampton,2019,45.33579247542641,£579.31,10.435254603897583,12.386815408469387,9.883584038022095,112.20129358512472,17.92%,8.935437332624495,72.83793186941357,revised
E0600060,Oxford,2011,25.333024166507048,£383.42,8.35350758729328,15.114723976385397,4.602568557855909,92.11669879422274,24.28%,9.12956562630877,65.70247068206635,revised
E0600006,Newcastle upon Tyne,2013,42.11034220873486,£503.10,8.739624267083908,9.543328046891551,9.055350427093193,105.14303723425456,17.64%,7.30492194311784,76.2924711802473,revised
E0600030,Rutland,2021,49.841484048217545,£575.13,11.340905877770757,9.50927121366016,9.196499970178158,117.50289521935467,19.64%,6.813433405362253,73.20992885107303,revised
E0600048,Watford,2020,48.52056304387197,£593.13,11.137976485608307,9.050814012927969,10.365566206722512,111.88992589345722,15.36%,8.557834395182772,76.82423636950409,revised
E0600022,North East Lincolnshire,2021,55.42376833028409,£585.32,9.799517339419051,10.427138620410444,9.739407516710195,120.82162434936772,16.84%,9.365509333840436,72.17665590214334,revised
E0600045,Norwich,2019,48.90491135615916,£541.00,9.419041530029137,11.529299522219736,7.786199092137058,110.78451439052562,14.95%,7.916285907131599,71.66282879792088,revised
E0600016,Stockport,2011,25.44115903280651,£387.34,4.841554089792777,15.775960410315804,2.8543501957875614,86.30575130923587,20.74%,7.650862032632032,61.36950290922881,revised
E0600014,Manchester,2011,32.910739110401146,£435.89,9.080777714502124,12.795875336662435,6.021252760388789,95.17944504894554,16.10%,8.238092214635603,68.61577782701036,revised
E0600035,Dudley,2011,35.01993663719989,£443.19,10.314242050279518,12.510408567969247,6.768100000089699,99.3429289171583,17.07%,8.949795366344375,71.96375692247416,revised
E0600070,Plymouth,2012,41.84868357210263,£463.72,9.556890986471895,11.441955317503643,6.79277211264311,104.56764626093184,21.94%,8.869896616117595,73.91432005279705,revised
E0600024,York,2020,46.30779886400935,£573.29,11.074447706607844,8.976352370287758,9.77662554737703,112.15988861262215,18.24%,8.91177935292132,76.76511784705991,revised
E0600020,Kingston upon Hull,2016,40.441145685335634,£498.71,7.6705470799455,12.603489948910942,6.268712497594894,102.00230318811435,19.46%,8.239488644007356,67.723921091708,revised
E0600022,North East Lincolnshire,2020,49.3094285021676,£558.97,10.76330112837554,8.474191597402204,10.339128559445506,110.96755925569974,15.81%,11.023338250480743,72.11621585405011,revised
E0600064,Wokingham,2018,35.99018522367516,£458.96,6.1584955812421684,14.772828447452465,5.063493965609398,98.86589591017616,15.17%,7.673826973849826,66.12951124284074,revised
E0600042,Cambridge,2017,51.598100323752945,£551.35,10.134663317974233,10.120912014034017,9.480830944180036,116.48937658249088,15.73%,10.00240195601982,74.27256041234139,revised
E0600070,Plymouth,2016,47.85140007054518,£531.69,9.674885608510273,11.42779749168479,8.407078550837406,108.8199724118137,22.29%,7.625213005891597,72.72502821877849,revised
E0600040,Wolverhampton,2021,53.82877408875954,£568.49,10.66948078000808,12.600404169466257,7.448339452661034,120.48319806598357,20.03%,9.873517426619493,72.27013023885652,revised
E0600016,Stockport,2015,28.87212625652979,£418.89,6.549700454823683,15.167697357731068,4.668367617052038,86.16350525029827,19.97%,6.637602624821285,61.5457426086471,revised
E0600028,Nottingham,2020,49.59404425523963,£578.72,9.03935761934028,9.626236292081488,9.426258688682136,111.87975570913262,20.68%,9.08153526692271,74.59660289454385,revised
E0600030,Rutland,2015,40.59643535516382,£495.67,9.135383740929424,11.272435223479492,8.033581407838971,103.09022974578103,20.73%,8.310717518273988,69.65201376874931,revised
E0600023,Sheffield,2013,28.04606708213037,£434.74,8.934652314033801,15.827569893677811,5.311446560858132,96.49738476274061,21.34%,8.065558787436224,64.49608937318536,revised
E0600047,Southend-on-Sea,2021,55.21190411118835,£588.08,11.097341299362617,8.792097845140706,10.904618730492295,121.84879736833594,16.76%,8.450112964516828,75.36730612171269,revised
E0600060,Oxford,2016,32.63945732154221,£452.83,9.146271017718977,12.793242980140265,4.878005507318889,101.96716492844986,22.01%,7.304928467803421,66.15790030784686,revised
E0600066,"Bournemouth, Christchurch and Poole",2014,41.4923856321439,£470.44,7.33161668034546,12.88276502408712,6.24501444583521,93.68638709085592,15.33%,6.539566725604601,67.34820438537332,revised
E0600061,Portsmouth,2018,49.613828936992185,£529.44,9.9267060890145,9.486195683597757,8.165659059873796,121.37230111916213,18.96%,7.935505685162882,73.13393144993456,revised
E0600044,Luton,2014,35.660566490583726,£432.99,9.121289105848726,11.77625040046284,7.08311654578878,104.55232300999153,17.88%,7.225041316091639,67.61278398868035,revised
E0600065,Bath and North East Somerset,2012,28.90749450411618,£423.33,8.153468170997645,13.12952256134015,5.276983567929387,97.98568634268953,18.78%,8.32078552740424,68.29147436673742,revised
E0600066,"Bournemouth, Christchurch and Poole",2019,49.08695542204912,£548.42,9.715468245507314,12.164090483738446,7.432228279218038,102.46698815307853,14.90%,7.3706418064328325,69.91964669131852,revised
E0600040,Wolverhampton,2019,47.75462556473273,£532.63,11.053725114822278,11.99747954780088,7.604846500294055,116.10576634019728,19.08%,8.714561679555683,74.33432462703952,revised
E0600058,Guildford,2011,30.39905417700389,£402.37,7.1017526163544975,14.296445373441042,4.7297797415397484,86.73488829745932,23.13%,7.549862106571098,66.37817139260882,revised
E0600025,Derby,2013,34.19755159998305,£438.45,7.400315213931038,14.569325044692336,5.0669399984270544,94.0163395732728,13.99%,8.298945018372393,67.71327530815812,revised
E0600035,Dudley,2014,39.549621680323824,£489.66,11.549296304249255,10.81373320670705,7.7850280476029265,102.1939403724121,17.22%,7.626587356340401,70.1851024684912,revised
E0600005,Middlesbrough,2013,39.413683906374196,£444.89,8.713429498720208,12.833149572740457,5.812009896255148,96.15590251427676,17.05%,8.158261281945721,67.6624684110858,revised
E0600019,Calderdale,2014,33.72860972777725,£469.99,5.212203516643851,14.437727205564197,5.675356917190791,96.76532543671648,21.31%,5.683070495830723,67.3275322482766,revised
E0600065,Bath and North East Somerset,2017,32.892682555995606,£472.35,9.958685666317654,13.5999298213112,6.987027356278638,104.73602872291538,17.45%,7.47786394028014,69.02379056524116,revised
E0600043,Chelmsford,2014,40.985899398708774,£476.55,8.26553960995464,9.519909649970396,7.892650296326715,99.24986754866687,22.54%,7.634191805264589,71.77171591560969,revised
E0600042,Cambridge,2020,50.40638279442793,£593.97,10.916997341689342,9.568945906067015,10.474128948478366,112.26741095747592,15.89%,9.955657480206229,75.84332648826405,revised
E0600021,Leeds,2014,42.03032221989809,£498.32,10.529490300650362,12.034248807247069,7.107876986787453,107.55877293795047,19.30%,7.196085884635551,69.67750078801367,revised
E0600063,Southampton,2010,37.149560052604926,£433.01,9.489880083119253,11.57248158958272,6.665922923440468,95.93834245961799,16.91%,8.221331649676495,70.7292387538809,revised
E0600056,Westminster,2010,48.7677023273399,£481.54,10.95292267507438,9.13535197179098,8.009836867694705,99.03122206750298,16.92%,8.520200308006855,73.78392507258123,revised
E0600067,"Bristol, City of",2019,50.14465224853623,£583.74,10.944472673843093,10.390787215706213,9.876831859196907,113.46394225645479,17.64%,6.982686812892277,73.96656575518065,revised
E0600068,Cornwall,2017,40.90411828880934,£519.86,8.464348439396861,11.940557162104291,8.047922613998361,109.60519598872428,15.05%,6.114118509659221,70.39803301334712,revised
E0600002,Darlington,2018,54.34012293041857,£579.38,12.564685868813783,8.673301049560472,10.995110202022707,129.46682611703204,19.05%,8.732128889566498,77.27093865263805,revised
E0600038,Shropshire,2014,43.80920799843618,£488.64,9.188493234661717,11.55707791962599,7.464717367119448,104.11728771261014,13.50%,6.998862029170735,69.85456298282156,revised
E0600063,Southampton,2014,39.88387129551028,£475.90,8.585860794989083,11.572708370703587,8.015816132710167,113.44484492011739,18.87%,8.175542001091154,73.330134480591,revised
E0600064,Wokingham,2015,31.669847252192593,£426.81,5.651181332546151,16.91373342039757,3.5221264963455976,97.48146302306668,14.08%,6.102349534772351,65.51963798431514,revised
E0600061,Portsmouth,2017,48.16122149695392,£512.46,9.922266567030958,11.826635544491229,7.331808972378117,109.09402072708939,18.90%,10.146424815696276,70.62298993757454,revised
E0600021,Leeds,2021,45.81049367160837,£565.95,9.702815148761081,11.615602703267557,9.058687552503947,114.30401115218453,17.07%,8.187493184426078,71.03986668632035,revised
E0600063,Southampton,2016,43.05578673186398,£529.86,11.650550559039784,9.891940159827811,8.528028237535288,108.779692723552,17.81%,8.001531108330182,71.73000899354159,revised
E0600056,Westminster,2016,54.79781814387654,£568.06,10.041911898862441,9.365323924221238,9.371993619543366,116.86108557029146,17.77%,8.486070421946911,74.49849090728691,revised
E0600022,North East Lincolnshire,2016,45.78299625095418,£524.74,9.247986479234338,10.16058063142316,7.708393119315912,113.72958573687811,16.08%,8.468420873629125,72.56932728396893,revised
E0600021,Leeds,2016,42.91023504293345,£497.13,9.941302210776797,13.243727741899484,7.46376956920329,110.31040269895637,19.04%,9.904948201559682,71.01296375314541,revised
E0600033,Birmingham,2018,35.52343646013342,£513.89,8.002690144586818,9.952575381191117,8.478693077772705,107.69382672125157,23.02%,7.2358977831134705,72.28170797944263,revised
E0600045,Norwich,2012,45.91877221518549,£476.86,10.178167599660638,13.730638187382363,5.95484693865074,105.22054033280631,16.23%,9.842380597923073,67.94605797392023,revised
E0600016,Stockport,2010,20.005223294058702,£356.61,5.400412337391,16.795228134937314,2.3314479711646046,78.38475314133355,20.46%,5.897796262734628,62.71908725390274,revised
E0600005,Middlesbrough,2019,46.497174024793715,£564.65,8.989476688782307,12.038034068925379,7.024882722681028,107.64676436862689,19.54%,7.9391528656477925,69.30957851633362,revised
E0600032,West Northamptonshire,2013,43.9600907524659,£511.17,9.708695921716258,10.033791661141322,9.346798986261426,118.80184526147913,18.21%,8.018408981292744,75.97720002935736,revised
E0600037,Sandwell,2012,29.237425541993996,£434.71,7.02689250809319,13.481493549412981,5.857750289388358,91.93066698217923,18.07%,7.3339028603828265,70.9615056262151,revised
E0600061,Portsmouth,2012,44.170473434097865,£459.94,9.94095238649838,11.265425018390523,7.327715772083098,100.15647743336179,18.94%,9.06599887782357,71.66323296352323,revised
E0600047,Southend-on-Sea,2011,42.36057042524124,£455.33,10.1338473873459,10.542426769421873,7.6444926030751414,103.97072665752,16.83%,7.290893074976061,73.371401064529,revised
E0600046,Peterborough,2013,31.13469134852583,£425.32,7.212893989544714,14.24882541382184,6.119188968684045,100.78905094416181,18.17%,8.123466453209172,68.67874352002703,revised
E0600024,York,2011,41.954724089560465,£466.68,11.65016907825085,11.455358830048931,8.086127166701903,98.48246122052304,17.93%,8.046932388689745,72.42709523310214,revised
E0600070,Plymouth,2021,49.98149639065489,£590.79,10.674964598778494,9.136927233843412,10.620413825748981,114.78406569456918,21.80%,8.120364612968029,75.08977224203106,revised
E0600029,North Northamptonshire,2016,49.82253986577564,£523.62,9.47031988597683,12.211876760894741,7.231189462638681,110.21323422020967,16.90%,8.69767682839303,71.22191749974385,revised
E0600061,Portsmouth,2014,45.002955522024834,£505.61,10.82339415780125,11.362178985962199,7.939392186044016,103.72755862794014,19.12%,8.819729908836646,70.08133792057451,revised
E0600045,Norwich,2013,43.17039165215855,£460.83,9.929625792907222,12.706268626353236,7.036049998037422,104.67287487633958,16.94%,7.004462463953205,71.26822261264064,revised
E0600002,Darlington,2020,50.39927327185128,£586.36,12.670724603321899,6.964049705034598,11.028037752703423,117.42245592235184,18.29%,12.141828885051043,77.50208199913105,revised
E0600029,North Northamptonshire,2019,52.118284692478305,£552.45,11.952867583151844,10.056473001623141,9.259258925318004,113.86423407965546,16.38%,9.986362843230664,72.45549386904553,revised
E0600046,Peterborough,2017,38.29783737923536,£486.72,8.478033218796725,13.512841329501319,7.866931165419243,102.33533797647874,16.31%,8.41442146546596,68.7257650915382,revised
E0600055,Newham,2015,48.50706236217217,£482.45,10.316610037494003,11.771059243724508,8.514423936897366,113.00313885067388,20.41%,9.224813341422252,72.95566840926885,revised
E0600041,Bedford,2021,53.02259535099538,£581.15,11.742323139164123,10.893102933123139,8.255585696189211,117.60143579208045,16.10%,8.987644592645765,74.85759342294388,revised
E0600006,Newcastle upon Tyne,2020,45.96769434219246,£588.71,11.225144366612923,8.291204587395749,11.822963023646327,116.55105907187829,17.35%,9.334862245864125,76.69941542858975,revised
E0600023,Sheffield,2014,29.053307860970726,£435.85,9.335700241710382,15.10967935297417,5.497251021527762,103.66926028315342,20.21%,8.873558244325078,67.0500616034418,revised
E0600031,South Derbyshire,2010,28.5225099063687,£402.25,9.420566521542007,13.136944414058256,6.034671025480369,82.92379816157292,17.02%,7.620591869532488,67.30120720231642,revised
E0600030,Rutland,2010,35.58479508163225,£443.58,8.864666967134912,11.905982317423977,6.148306713462247,91.7000908231012,20.27%,8.442840282978347,69.21162424094395,revised
E0600023,Sheffield,2017,35.64968725411329,£467.08,9.206719941840964,13.242380689417292,6.746506674170781,103.26900190959519,20.29%,8.684405780721947,67.50755563490677,revised
E0600031,South Derbyshire,2016,39.25287485915347,£495.65,7.33089441180174,11.654145376987616,7.092599038385773,100.91703637745002,16.26%,7.785936553303412,68.92295130066874,revised
E0600060,Oxford,2021,36.32782412233486,£511.72,9.545313883455137,12.525714581526197,8.134109427275632,115.5573129384027,20.85%,6.829465315350755,68.8494410927525,revised
E0600011,Bolton,2010,28.78139998933536,£416.55,7.234589616508154,12.361268530256398,6.015906872847757,91.63063676730897,20.52%,8.849169671746255,71.43231913646368,revised
E0600001,County Durham,2012,29.92571424690338,£430.98,9.615081149277458,11.207686901005049,6.8833534525074285,96.89050339904537,23.94%,8.342495313516503,70.81110472427937,revised
E0600005,Middlesbrough,2012,34.74621462494957,£418.77,8.547881366793419,13.63727156637595,5.76430792065921,95.96242142357644,17.66%,6.75116342734084,68.84127182191354,revised
E0600058,Guildford,2010,28.493471872585165,£380.51,4.586031711609151,16.11981187513177,4.016462841215171,81.26849101249647,23.17%,6.15367374710565,67.80495110142678,revised
E0600020,Kingston upon Hull,2015,37.69591554154737,£461.73,8.704377885228249,14.29888511648562,7.133314836872388,108.63240703853845,19.63%,7.577110907492721,66.01777471479603,revised
E0600020,Kingston upon Hull,2018,39.86165450164128,£504.86,9.699799764258398,14.056865095738535,6.561053987191167,101.63942071026366,19.43%,7.3921307777397836,70.04721163666082,revised
E0600056,Westminster,2018,59.96629800920713,£580.76,10.207188852063346,8.107193528760527,9.974068725168449,120.60329340655885,16.62%,8.956803058934119,76.57516121819485,revised
E0600055,Newham,2012,43.608035597824085,£451.18,9.597348140290448,11.760959390565134,6.8472702952848,97.56903961130914,19.42%,7.381574193329291,72.01660379347922,revised
E0600056,Westminster,2013,54.48736178612032,£505.37,9.908831913243398,8.819447804002836,8.933176799205773,113.19075537256654,17.12%,8.086021678490951,76.1473127145716,revised
E0600052,Hackney,2015,46.34146317875407,£504.13,8.617362462897367,12.563775938483506,7.492279409333708,104.7000011826592,19.79%,7.823929733142759,68.32310268367306,revised
E0600040,Wolverhampton,2012,41.98263476193476,£471.05,10.876674533696416,12.49707399287864,6.425770753011383,98.8221519158229,19.57%,9.59774212669089,66.81240006201125,revised
E0600023,Sheffield,2012,23.944299734202687,£385.29,7.292275476757824,15.681303167246387,4.085706617459881,91.0350495833395,18.53%,9.765925330056803,65.46836485700705,revised
E0600038,Shropshire,2015,43.79308531318589,£500.21,9.876384888070916,12.44764425535723,7.105770311921929,116.20210629104481,15.06%,7.783244616648043,70.24847362882373,revised
E0600061,Portsmouth,2011,41.56144334488087,£449.69,8.927181362135865,12.360304924253136,6.5929457308363535,101.53275335641908,20.05%,8.612349172775136,69.64155533059589,revised
E0600002,Darlington,2012,47.42463582425019,£508.23,10.200591641737493,10.90695506096079,9.243581764435849,106.51678705134495,19.88%,8.449901029039578,77.51124210689738,revised
E0600068,Cornwall,2011,34.70478791206698,£442.00,8.787800284714782,12.122219494757454,5.619177584232917,98.97190811873517,14.58%,7.399061639784948,68.70586795803096,revised
E0600007,North Tyneside,2014,33.06345570109289,£440.62,11.158302725078151,11.830152947666909,6.357150336671575,109.97607381928049,19.14%,9.798306603959894,68.16273696466719,revised
E0600011,Bolton,2019,41.901653413338586,£523.37,9.73131290164796,9.996266576068123,8.868784474830585,110.29935446623521,19.99%,7.1405936069875935,72.74042112147029,revised
E0600040,Wolverhampton,2018,50.00317278083722,£541.25,10.435898505884415,12.376442978567091,8.011479423688932,115.06566477822118,18.72%,9.019018121814394,71.19586985814004,revised
E0600030,Rutland,2016,39.379522077557006,£510.35,9.62444210205231,10.452245809389616,7.947774490718833,104.50057988795275,20.80%,6.955360310097289,70.6603847474065,revised
E0600064,Wokingham,2012,25.63874370807484,£392.86,5.002691968806019,17.018547702866655,2.859303662066518,88.68695571820001,15.36%,7.655853613066701,63.12926963791941,revised
E0600011,Bolton,2020,40.03552425034839,£541.68,10.310611354092552,11.183493254326915,9.423644353306562,100.0312681677505,19.85%,9.980963915869133,72.49040059147117,revised
E0600014,Manchester,2019,42.93171519117638,£516.42,11.976527980402409,12.74822195717275,7.41065330606353,108.99257689727395,15.50%,7.29028706574776,69.4943439698462,revised
E0600037,Sandwell,2010,28.991379069727564,£405.26,8.258052643250558,13.16999356495787,5.506056543787762,93.86467215992845,17.23%,7.82212383584283,68.77386188870204,revised
E0600006,Newcastle upon Tyne,2017,47.52636615399265,£542.40,10.471473940946538,8.825854979849447,9.754230408864789,114.68141180664408,18.45%,8.817946878058414,76.07615186191069,revised
E0600033,Birmingham,2010,25.94528314257016,£413.77,7.173080688952131,12.431855383251875,5.407417229540473,91.63970890641063,24.56%,6.754834660438175,69.30564245553781,revised
E0600071,Swindon,2021,41.54360662855112,£520.72,9.391604816042793,12.778970770010654,8.67520478314444,113.3766314814534,20.29%,5.13847004537625,68.36271728768087,revised
E0600070,Plymouth,2014,44.48698423447472,£502.02,10.297017596434438,11.453516294064565,8.614797924445048,98.11738364385964,21.33%,8.421548951660784,75.87413992410274,revised
E0600016,Stockport,2014,25.08237036216246,£412.44,5.153379570593861,18.02148252446801,3.419393508769639,82.16603116563073,20.36%,6.378354918897705,64.95829088268981,revised
E0600002,Darlington,2014,48.29171972824578,£524.48,11.575769893959817,9.108238114749996,9.229832000878272,109.55532947607429,19.07%,10.215633154950435,74.55777661049106,revised
E0600016,Stockport,2018,31.35768558533014,£465.56,6.475600332087077,14.989880237027077,4.577463982774468,94.74876384268947,19.87%,6.596818523508784,64.10196783348269,revised
E0600024, York,2014,41.163858478822775,£493.56,10.054463929257969,9.428563592501089,8.37947078994629,103.77042539982743,18.51%,7.720778451159569,72.03179973323982,revised
E0600040,Wolverhampton,2010,39.90481282307314,£445.77,8.801835230684137,13.805816508835738,5.360290328526071,93.87433591357525,18.84%,8.092619702344107,70.60985465963417,revised
E0600033,Birmingham,2019,33.263518355071604,£515.86,9.823963710906659,10.60745777702015,8.237767704205389,110.43262417312914,23.21%,6.464692208014102,72.55028885377425,revised
E0600046,Peterborough,2016,32.535487676478205,£474.06,8.672002298663344,11.365436182149029,6.6683885366072495,102.78629091284087,18.51%,8.22131528394427,68.64244508583174,revised
E0600048,Watford,2017,49.03398666011364,£570.30,10.22930599127571,7.439740435654363,11.200038159192722,113.92133787170974,16.47%,7.590847861661578,77.34371636963638,revised
E0600020,Kingston upon Hull,2012,34.40192047461262,£426.50,8.87324531922018,14.671978899484065,5.391239332865051,87.3695943211008,20.07%,6.9139919851426415,69.62881566127676,revised
E0600018,Bradford,2021,49.327926168240104,£609.43,6.868620501951843,10.328891381137394,10.640183344687301,114.31428882535894,16.58%,6.148284790082863,74.52758751964998,revised
E0600041,Bedford,2011,38.892138043718944,£425.02,8.016062645374193,12.403117353536857,6.023275190042269,104.74921822414254,16.74%,8.528735454753273,68.32658199786353,revised
E0600068,Cornwall,2016,37.113385751529584,£495.21,6.571471963144753,10.248970261131994,7.25428543193124,103.29566122994375,15.14%,6.879245451622845,70.83594559568536,revised
E0600013,Liverpool,2021,49.362685191383136,£579.57,7.747911551638514,9.432236288971298,8.788476350387171,113.32302881968792,19.05%,6.546981728377169,74.65538988419077,revised
E0600003,Gateshead,2020,42.47586795719218,£567.72,10.075559088692744,9.814650853285478,9.456133081955217,108.22672381716548,19.30%,9.419156216401062,73.93429148267016,revised
E0600042,Cambridge,2016,51.73236488160346,£546.89,11.911801559346413,9.980554367860332,8.795716754409074,114.61464572275119,15.95%,9.22672335431523,75.46622672091053,revised
E0600037,Sandwell,2021,42.29221385271499,£565.32,9.717539024807232,12.697115351329314,8.5166531716938,116.42586246772791,17.69%,7.1359166573032775,72.73369433146209,revised
E0600029,North Northamptonshire,2011,42.787646942872165,£461.61,9.095818179476584,10.987249412877594,6.483379400543549,93.46561514080811,16.63%,8.198674136672656,69.98556684253754,revised
E0600012,Cheshire East,2018,44.793669532583664,£551.28,10.528191129817653,8.748773163608973,10.885257490291343,126.07187899029606,19.96%,8.407280366031785,75.66719258010534,revised
E0600025,Derby,2017,39.7841010720726,£489.65,8.00017169809237,14.32689918156983,7.068921147484397,104.06042569529791,14.10%,8.755134927087518,67.03089068508827,revised
E0600046,Peterborough,2011,29.000310151189836,£412.54,8.26910050576194,13.649713038541208,5.191787454968863,93.90085648324985,17.89%,7.795659066075245,68.80982414802178,revised
E0600032,West Northamptonshire,2016,44.32422518740442,£530.34,11.169945681263608,9.687077821903205,9.680806475750186,119.94330959248758,18.80%,9.674901947063443,75.98005257358682,revised
E0600065,Bath and North East Somerset,2018,35.02587970183253,£482.41,9.194237470628577,11.724758760479695,7.562411292804824,103.82868354084019,18.07%,5.892435660051431,70.47727259405328,revised
E0600024,York,2013,39.941857898836275,£484.02,11.442087718153209,10.901402057778135,8.419429371281126,102.75953651101099,17.25%,6.6403791911830226,72.3192464607155,revised
E0600054,Lambeth,2015,37.95609600696538,£452.69,11.250415917269615,13.14707310607631,5.227776161376152,95.8710478962403,19.06%,9.2319475677106,68.42789520031626,revised
E0600051,Greenwich,2019,53.214819227131514,£535.08,8.18086312326026,13.124636991618468,6.99753972552426,101.66975571402065,14.05%,7.084688233731611,71.95333976888425,revised
E0600042,Cambridge,2015,53.60969444898772,£542.87,12.306845680460253,10.573619341222011,8.291503126799581,115.54844623266219,16.01%,7.423561816450686,74.05843515400285,revised
E0600016,Stockport,2012,23.450531295152047,£386.03,5.8923201053067205,17.627590528521466,3.535641361609091,88.6567021998765,20.62%,6.433452970280049,63.33769772407997,revised
E0600014,Manchester,2020,39.496577383187486,£527.34,9.292511670501716,11.416061773321209,7.46319101709934,105.72036920108603,16.38%,10.332597463648488,67.73694591657691,revised
E0600019,Calderdale,2021,44.5733556768614,£528.38,7.2575691283362795,14.106330763697358,7.246364591041145,108.41322480057134,21.56%,7.077495882750352,67.93435470858756,revised
E0600058,Guildford,2018,34.6302456074327,£495.66,6.2070931207542674,13.383947316595217,6.652903940040797,95.91888695683771,20.63%,6.154273579373595,69.29130488873072,revised
E0600002,Darlington,2013,47.624057429447596,£507.94,12.571420531218788,8.004440649499768,9.248549308005856,114.04656715988014,18.32%,8.492310385318442,76.2076370137739,revised
E0600013,Liverpool,2016,40.05552089363328,£504.87,6.861640046173246,11.94125274225446,8.306439658737663,103.8686574124782,21.45%,5.287210448981577,71.52553831993424,revised
E0600043,Chelmsford,2011,35.73367805402189,£461.35,8.867895015146688,11.471145389402917,6.829158632938939,105.19104523498935,24.23%,5.889239533633315,71.19948877185747,revised
E0600027,Lincoln,2020,37.207023838806386,£538.64,9.990654664156766,10.200986566136159,9.475691584358524,111.22342299994253,17.40%,10.216498821411745,72.1309375075917,revised
E0600009,Blackburn with Darwen,2020,47.76729092127342,£580.34,11.644368359856623,8.937810611672456,10.253611524739831,119.20613072075633,18.18%,9.705535456949871,75.3967538218475,revised
E0600026,Leicester,2020,37.07795175471596,£532.05,4.932125442444929,13.555318412200497,7.149535772933179,91.29640553001981,19.85%,7.599981073484639,68.0309205448912,revised
E0600067,"Bristol, City of",2014,44.298692385543994,£501.69,10.79750958476271,9.902922554706496,9.311532384798737,106.23456809854373,16.14%,8.005626263289752,76.28880790972012,revised
E0600006,Newcastle upon Tyne,2012,37.9513824988883,£488.79,11.054749280526007,8.97478198355291,8.137939005928425,104.07027770254736,18.37%,7.533606209360793,73.91196987337825,revised
E0600045,Norwich,2010,41.173580411184076,£424.71,8.77506537004471,13.629335956143263,5.23930623113421,94.13852901437718,17.35%,9.574576051574997,67.23002677899595,revised
E0600002,Darlington,2019,56.10223066224387,£582.30,11.859971654050739,7.994909422800751,10.638576226417197,132.78708135194177,19.51%,10.144439627095428,77.34643804925119,revised
E0600006,Newcastle upon Tyne,2010,33.97459092139105,£444.22,9.732046668776823,9.671802167870467,8.038850024123892,96.80601569018555,17.29%,8.952214332349774,73.12720740311048,revised
E0600063,Southampton,2018,42.907189146194,£535.97,9.247725359575806,10.612086258150631,9.015601350445461,112.89502791411175,18.26%,7.289297666272739,72.58786639519617,revised
E0600013,Liverpool,2015,40.86344648618063,£493.45,6.426542281522617,10.478705764764864,6.135100083163507,91.52713361475755,18.51%,6.128828397295247,69.73095065753849,revised
