Data Source,World Development Indicators,,,,,,,,,,,,,,,,,,,,,,,,,,,,,,,,,,,,,,,,,,,,,,,,,,,,,,,,,,,,,,,,,,,
Last Updated Date,12/19/2025,,,,,,,,,,,,,,,,,,,,,,,,,,,,,,,,,,,,,,,,,,,,,,,,,,,,,,,,,,,,,,,,,,,
,,,,,,,,,,,,,,,,,,,,,,,,,,,,,,,,,,,,,,,,,,,,,,,,,,,,,,,,,,,,,,,,,,,,
Country Name,Country Code,Indicator Name,Indicator Code,1960,1961,1962,1963,1964,1965,1966,1967,1968,1969,1970,1971,1972,1973,1974,1975,1976,1977,1978,1979,1980,1981,1982,1983,1984,1985,1986,1987,1988,1989,1990,1991,1992,1993,1994,1995,1996,1997,1998,1999,2000,2001,2002,2003,2004,2005,2006,2007,2008,2009,2010,2011,2012,2013,2014,2015,2016,2017,2018,2019,2020,2021,2022,2023,2024
Aruba,ABW,Trade (% of GDP),NE.TRD.GNFS.ZS,,,,,,,,,,,,,,,,,,,,,,,,,,,,,,,,,,,,171.3620981,175.3441296,168.781911,163.2673599,164.5590143,145.0728795,140.3911086,133.2307714,132.7942913,132.4309298,145.0502801,141.0426267,139.9723095,139.1101498,137.5565759,135.4646547,154.4377869,156.6451972,155.7319044,156.4910528,140.4930011,136.8872633,138.7166201,138.8249722,137.9619293,122.723738,139.9177977,160.6345464,159.0185969,160.3652788
Africa Eastern and Southern,AFE,Trade (% of GDP),NE.TRD.GNFS.ZS,,,,,,,,,,,,,,,,,,,,,,,,,,,,,,,41.25421683,39.7402263,40.41849098,42.85305499,45.36802833,47.43630941,47.19847093,45.06120127,46.65893957,44.90577609,46.55716908,47.9559637,57.29430389,54.86581883,55.90146908,58.65830063,59.22119685,64.92655225,72.11395298,60.82678973,61.1440016,63.06839215,61.02621519,61.47494765,59.89988482,54.91933504,52.95320186,51.83320718,55.02203789,53.52812918,49.52170478,54.50126452,57.15277627,56.17052775,54.42217832
Afghanistan,AFG,Trade (% of GDP),NE.TRD.GNFS.ZS,,,,,,,,,,,,,,,,,,,,,,,,,,,,,,,,,,,,,,,,,,,,,,,,,,,,,,,,,,,,,46.70989455,51.41171637,72.88546961,67.58466515,
Africa Western and Central,AFW,Trade (% of GDP),NE.TRD.GNFS.ZS,33.0232601,,,,,,,,,,,,,,,,,,,,,,,,,,,,,,,,,,,,,,,,,,,,,,,,,,,,,,,,,,,,,,,,
Angola,AGO,Trade (% of GDP),NE.TRD.GNFS.ZS,,,,,,,,,,,,,,,,,,,,,,,,,,,,,,,,,,,,,,,,,,,90.57082097,90.68071618,90.38603847,95.34145929,84.62460412,97.2256307,108.6804087,102.2631833,90.99406314,89.03694434,81.93947855,77.34980137,69.58014245,54.97938088,47.01556614,45.66434235,58.91648008,60.71482433,54.34422868,61.52621367,55.25477327,53.03348363,50.84223056
Albania,ALB,Trade (% of GDP),NE.TRD.GNFS.ZS,,,,,,,,,,,,,,,,,,,,,47.4940925,46.10046628,44.81056161,40.4106676,38.11568302,35.93482397,31.63730488,32.15956392,36.89787074,40.06608646,39.4369634,36.07052006,108.7854722,80.51833277,53.10258474,40.13869895,44.41178201,44.72937806,47.1306267,49.89541841,61.60926104,64.24744626,65.99146503,64.8232151,65.03793832,69.11629266,72.20190895,79.91190089,75.24854728,73.32135756,75.53253297,80.69899853,76.96835832,75.75061856,75.02120231,71.27944766,74.01445045,76.78738179,75.69407837,75.38212893,59.52069944,75.59040409,84.69804359,82.3524934,79.45463608
Andorra,AND,Trade (% of GDP),NE.TRD.GNFS.ZS,,,,,,,,,,,,,,,,,,,,,,,,,,,,,,,,,,,,,,,,,,,,,,,,,,,,,,,,,,,,,,,,,
Arab World,ARB,Trade (% of GDP),NE.TRD.GNFS.ZS,,,,,,,,,,,59.80360126,60.32864065,63.15493422,83.32990822,74.6763705,83.33510288,77.19950498,81.63936849,79.7766596,82.10655202,86.35804612,88.09716648,83.83907196,75.64113348,71.96776196,64.51595033,56.86733396,59.10551963,61.08615252,65.88967579,64.46598932,68.0462111,63.22332824,59.07648546,57.63286543,61.2393921,60.71012843,68.78579965,67.28940067,67.31321855,72.01320139,73.22578749,73.51966997,80.17857909,84.50680772,88.64571645,88.94087196,92.9395641,96.75734782,88.78404998,85.47222344,88.27789257,89.76974843,88.75525732,86.56253762,81.68339044,76.04302974,79.45303449,79.88203961,79.06962264,74.50459199,79.45842845,86.79323932,86.74665862,62.20971088
United Arab Emirates,ARE,Trade (% of GDP),NE.TRD.GNFS.ZS,,,,,,,,,,,,,,,,,,,,,,,,,,,,,,,,,,,,,,,,,,89.86457993,93.07165881,102.3001695,116.6226125,119.5528716,119.4706696,136.7981529,148.513544,153.4619444,135.4857091,144.1767869,156.6376945,157.398084,159.5156151,164.2861827,165.3950192,165.4765425,154.747005,163.8221529,181.2918882,182.9093551,185.741661,199.0449792,
Argentina,ARG,Trade (% of GDP),NE.TRD.GNFS.ZS,15.20809609,11.98989231,14.07552565,15.78090624,11.12742968,10.37645741,11.64260542,12.49266037,11.88816489,12.79742663,10.33744408,12.61518892,14.0356432,13.32216851,13.19157986,11.80272429,15.09688462,16.94228657,14.32379637,12.84068464,11.54567246,14.29297748,15.6114861,14.98767011,12.34638143,18.00942507,14.48603279,15.44896988,15.74345861,19.6377977,14.990859,13.75305416,14.73098059,16.22315145,18.13434587,19.77142309,21.50646841,23.33617884,23.35002797,21.38274496,22.62244478,21.85225545,41.75272436,40.64474803,40.69264611,40.55127097,40.43347987,40.94517062,40.40267338,34.05712691,34.97101326,35.206155,30.52654237,29.333929,28.40679365,22.48622609,26.09388785,25.28960114,30.76253595,32.63061505,30.20369881,33.07868957,31.58017926,26.67695125,27.92976085
Armenia,ARM,Trade (% of GDP),NE.TRD.GNFS.ZS,,,,,,,,,,,,,,,,,,,,,,,,,,,,,,,81.33571855,100.8658552,101.0767594,107.9731463,112.4293646,86.11485707,79.22956012,78.54774505,71.84245188,70.56047914,72.23333023,69.86426639,73.98450184,80.0513676,73.07063399,70.13973858,61.03013798,56.97504709,54.54232796,57.27423574,64.64297597,69.43557366,75.96167596,77.55504816,75.77886696,71.68207434,76.07796746,87.20237654,92.47310702,97.84700487,70.12135714,79.24890576,103.8786292,123.4187501,150.0647266
American Samoa,ASM,Trade (% of GDP),NE.TRD.GNFS.ZS,,,,,,,,,,,,,,,,,,,,,,,,,,,,,,,,,,,,,,,,,,,210.9375,207.4427481,202.3575639,223.2,229.8174442,218.1467181,249.8214286,161.3333333,157.9406632,157.5438596,176.40625,173.8244514,174.8055988,162.4071322,159.1654247,161.4379085,171.8309859,156.568779,154.368932,136.8,124.684271,,
Antigua and Barbuda,ATG,Trade (% of GDP),NE.TRD.GNFS.ZS,,,,,,,,,,,,,,,,,,,,,,,,,,,,,,,,,,,,,,,,,,,,,,,,,,,,,,,141.5461611,130.0715499,132.0259179,127.6643236,130.6551527,137.5377836,94.28952989,101.0749606,117.7035278,,
Australia,AUS,Trade (% of GDP),NE.TRD.GNFS.ZS,26.96676483,27.33935572,26.48742703,26.7521545,28.6110328,28.3979851,27.97411851,26.69262702,26.69811643,25.20882873,26.11471861,25.51691729,24.72149374,25.09620781,26.28670692,28.92959247,26.82497274,28.59100251,28.1375941,29.58132573,32.25251289,31.55766445,30.28078244,29.13310278,28.50692481,32.44920203,32.96771032,32.47057182,32.52367736,32.02352769,32.11002835,32.14569097,32.99817163,35.35027695,36.4066118,37.64687404,38.17402088,37.9217015,39.92406646,38.96024671,40.86312577,44.1337314,41.38131281,40.13480118,36.95051596,39.09788226,41.48789235,41.92974513,42.75222079,45.59361209,40.39050709,41.72198601,43.01984955,41.10051188,42.29930954,41.49475069,40.81340222,42.03541353,43.57322536,46.00168271,44.4995641,40.20223594,45.69464188,49.04433932,47.14538111
Austria,AUT,Trade (% of GDP),NE.TRD.GNFS.ZS,,,,,,,,,,,55.07611932,54.59430952,54.50952613,54.67095989,59.80196966,56.82169664,60.15188981,60.51462521,59.90261924,63.56620002,67.08778144,68.66550399,64.3692404,62.71784384,66.83679753,70.35874876,64.26632074,63.10088184,66.82429381,70.81573622,71.76948195,70.32385669,67.89610882,63.51382704,66.24657391,68.52500575,70.4693163,75.24447603,77.34952166,78.56293298,85.84260773,87.99625672,87.58449371,86.88222632,91.47422019,94.67475478,98.78572532,101.3649584,102.7437044,87.6004931,99.64488255,105.7750984,105.8407914,104.985374,104.49674,103.1175817,101.5734946,105.5560668,108.37797,108.2072849,99.94821411,111.0329321,123.5795787,115.1529148,108.8257778
Azerbaijan,AZE,Trade (% of GDP),NE.TRD.GNFS.ZS,,,,,,,,,,,,,,,,,,,,,,,,,,,,,,,83.08321965,86.86377246,140.7999834,133.4904459,55.34931946,85.89371075,80.84974017,82.07896653,77.2278091,69.82596488,78.54856828,78.81518549,92.81814433,107.5519485,121.5071159,115.8418846,105.2623998,96.64180815,89.24289686,74.74404168,74.98598846,80.50804501,78.26306954,74.67584476,69.4832252,72.60150791,90.07731873,90.40231568,91.67257654,85.81814541,72.01786765,76.28686569,86.98227325,83.53588612,82.68986916
Burundi,BDI,Trade (% of GDP),NE.TRD.GNFS.ZS,,,,,,,,,,,,,,,,,,,,,,,,,,,,,,,,,,,,,,,,,,,,,,,,,,,,,,,,,,,,,,,,,
Belgium,BEL,Trade (% of GDP),NE.TRD.GNFS.ZS,,,,,,,,,,,87.72730198,85.58408077,85.21443873,94.14409402,105.2710776,91.52374868,96.81575843,95.67752274,92.31260394,101.5729705,103.0554478,110.2213521,117.9253495,120.3955625,128.230735,123.8769861,112.3270245,109.9190999,116.4229466,124.9369327,121.4678511,118.5901377,115.0692875,109.012737,113.2323,116.3785678,119.2127758,125.6889401,124.7091226,125.1699905,142.2301351,139.5768398,136.0851495,132.7155528,136.9184053,144.5290507,149.5675093,152.4684469,161.0884478,135.1384057,150.1625636,160.7655169,160.3833014,157.5736228,158.571611,155.068682,159.0576966,166.9040782,168.2776929,165.4654789,156.9501213,177.3818924,191.1790313,165.8469465,158.9318263
Benin,BEN,Trade (% of GDP),NE.TRD.GNFS.ZS,18.23419982,14.11812169,13.47712766,15.44725902,17.38050343,22.17327364,23.04260784,27.43808832,28.41122937,33.20172495,39.63790345,45.61841272,41.18455161,41.61214261,43.8114045,47.94122796,44.01975771,50.95968552,51.07045265,54.53816815,53.1386196,59.8893721,57.85733537,45.34201189,50.51130349,60.30121798,49.2914177,46.21813521,45.88682803,38.30036736,45.72018215,51.34471684,56.7407458,55.38179913,64.40047925,63.80014001,56.51779145,58.71162961,59.5936253,54.39178915,47.3481515,48.25717064,43.76842254,41.61623056,39.90297434,39.09593119,39.77469871,49.11378415,47.77535927,44.70262906,51.43085995,47.21702881,50.73673678,59.20019183,65.26827494,56.75631318,58.98692834,61.47659696,61.79519449,63.68133231,44.83323338,48.05486083,44.38159289,44.66313082,40.63980224
Burkina Faso,BFA,Trade (% of GDP),NE.TRD.GNFS.ZS,20.70137006,21.21886244,21.23794839,21.24850128,14.31727564,16.02921712,16.70021919,18.85581328,21.49212882,22.34960836,21.59701042,25.44255661,27.68872686,29.23133631,32.79367889,37.49937071,35.21349568,38.40353376,35.21924848,37.52857807,40.21302868,40.71152425,39.81975144,37.45829725,39.71870566,40.94754698,37.96172942,39.43994633,38.12968228,32.39475994,35.42265044,33.79623643,28.37401638,29.62508395,39.22922224,40.74747142,38.18029777,37.41641878,40.93978358,35.25481578,35.12294197,31.65817081,31.31252285,30.36823641,35.4809436,34.17216977,35.10654236,33.77971729,35.38531698,40.29598367,49.07323854,57.4972531,61.23860798,64.0358513,58.82356249,59.08918131,57.8931728,59.2687802,60.59562562,60.40869288,60.73977864,62.42035866,67.52029013,63.13268517,60.50242229
Bangladesh,BGD,Trade (% of GDP),NE.TRD.GNFS.ZS,19.30394367,22.48235237,21.55484828,21.63976306,24.15026781,23.02931371,22.93610297,21.90186011,19.93714038,19.81132117,20.82059695,17.01907184,19.40728956,18.39465651,14.04962107,10.99562613,22.38227493,19.4221982,21.03851496,21.90706354,23.37723111,19.24715909,20.60692419,20.31688062,16.81172717,18.22218462,17.01874251,16.68779763,17.67806431,18.32517402,18.96650201,18.88982689,19.9340055,23.12158307,22.86586455,28.20949608,26.07608772,26.32551339,27.8800634,28.38794056,29.32171436,32.09801707,28.96738072,27.6578849,26.85823415,34.39693486,38.11192443,39.94238265,42.62091403,40.09279622,37.80284267,47.42084984,48.11092275,46.29640272,44.5140802,42.08599631,31.33415013,29.99973067,32.51463172,31.57805449,26.27144738,27.7240047,33.77996727,30.98297141,26.7780758
Bulgaria,BGR,Trade (% of GDP),NE.TRD.GNFS.ZS,,,,,,,,,,,,,,,,,,,,,66.39641735,70.1610468,67.49939682,74.08786299,78.37731166,85.99736772,83.50356439,83.40765316,91.46175131,94.57897077,69.84706085,82.68238762,100.0498008,84.04148545,90.72012938,55.262735,85.82079145,86.46373647,77.04520303,90.07496166,77.74570416,79.08136875,75.26961101,79.01388537,93.06389796,99.71421121,111.0474628,123.5325577,124.6887475,92.6926456,103.3805223,117.4181039,123.9713227,129.688683,130.2483771,126.7366422,122.8055144,129.634429,129.1665029,125.2604183,110.4238998,121.2140883,138.8448772,119.899506,110.2263146
Bahrain,BHR,Trade (% of GDP),NE.TRD.GNFS.ZS,,,,,,,,,,,,,,,,,,,,,210.4985363,220.8673692,198.5464254,166.7748507,167.3884395,168.51412,161.4021983,166.8938839,151.9997204,163.8209435,184.8288047,158.8677966,159.2918983,144.7630456,136.4734709,134.0867323,144.3334505,130.672449,113.001419,124.7357372,135.8091353,127.0262663,131.1336342,128.0915822,140.73731,148.3135251,147.1041811,137.7850506,145.8825111,117.9637254,115.5614864,167.529641,178.8240208,184.5895088,168.5758581,147.9160602,132.8229979,136.4292398,144.0753726,135.4175434,135.460985,153.7993165,167.1412412,157.4478547,157.8184921
"Bahamas, The",BHS,Trade (% of GDP),NE.TRD.GNFS.ZS,,,,,,,,,,,,,,,,,,148.7938289,150.1802018,129.075265,133.2584438,129.7511392,125.3373883,124.5844875,121.8950566,124.0617109,121.7229525,117.1260176,,111.0003266,110.1200253,106.1186181,101.4615632,103.3599612,104.4019638,104.4654418,105.856747,79.73488557,77.72616717,75.70273833,79.64494389,72.50088064,70.27798171,71.06354051,76.00198337,81.39627092,87.5507143,88.01281556,87.42922288,76.52104396,78.67560243,88.33368916,84.25152047,84.54841389,80.53702723,69.67797527,67.21292158,68.33428404,72.1542686,68.78662348,53.42075807,65.93254133,75.98296011,76.54947516,79.24245869
Bosnia and Herzegovina,BIH,Trade (% of GDP),NE.TRD.GNFS.ZS,,,,,,,,,,,,,,,,,,,,,,,,,,,,,,,,,,,101.8472277,91.87961266,107.5000435,100.6309648,125.6666091,121.8205416,85.35774313,86.03573401,78.72747836,80.56945726,81.81268618,84.35546282,79.82994778,83.55185889,86.16287984,73.74749423,80.96821596,87.83634771,88.14510886,87.93123803,90.55227804,88.29199259,88.244034,96.64588036,98.43206942,94.51612515,82.5216468,96.73911444,110.2052844,99.6330318,95.15629571
Belarus,BLR,Trade (% of GDP),NE.TRD.GNFS.ZS,,,,,,,,,,,,,,,,,,,,,,,,,,,,,,,89.6073903,66.66666667,117.3913043,150.964467,155.3757095,103.7181948,96.77489979,125.5161792,122.9576977,120.8351178,141.609166,137.0449305,131.0020583,134.1418523,142.1365104,118.8843517,124.2951039,128.153878,129.5994785,108.6356448,115.917973,157.9742551,153.0852693,119.8159652,110.6514244,115.9148262,125.2093229,133.3677547,139.3937363,130.8504061,118.9341761,136.0141679,120.0242076,131.5846749,131.9179291
Belize,BLZ,Trade (% of GDP),NE.TRD.GNFS.ZS,,,,,,,,,,,,,,,,,,,,,78.69985859,80.00367018,71.8370006,69.05004997,80.76390098,67.07328402,69.67048587,76.84657249,81.49214616,78.41603462,79.39374212,79.17796596,80.34747549,75.74810887,80.88297026,77.33676281,79.57390763,85.45073149,85.28376928,93.32229883,96.60184471,93.16240505,93.07945847,94.36312289,86.38535368,92.99712663,98.88107432,95.95555115,105.4618743,89.58088439,94.85815915,106.9149602,111.1666524,108.6726141,107.1125175,104.0709588,96.49983583,97.70725718,100.9892144,102.4418569,81.64314331,98.98243694,107.8402501,106.4005059,108.9724465
Bermuda,BMU,Trade (% of GDP),NE.TRD.GNFS.ZS,,,,,,,,,,,,,,,,,,,,,,,,,,,,,,,,,,,,,,,,,,,,,,,,,,,74.59508034,76.27043681,73.78230306,76.2701067,76.51674746,73.29549852,72.74990938,72.39242845,77.55527038,77.56010165,69.19370023,71.40816981,75.19722503,73.59091864,75.29024433
Bolivia,BOL,Trade (% of GDP),NE.TRD.GNFS.ZS,40.14288904,39.73727422,40.75464614,43.32287308,43.77224199,48.14763231,47.73584906,48.51319746,43.81868132,43.67077146,48.9571263,45.78979717,45.13157895,56.03434631,62.09013468,58.15495241,57.56306364,56.41907062,52.70338555,51.57077929,46.81329151,46.21976714,58.46829881,52.35579794,49.47473086,41.89279119,47.0313574,43.62265667,41.90625186,45.65468554,46.70327258,48.44496887,49.11085788,47.46712569,48.8608505,49.7379871,49.85629137,50.46966281,52.28116296,44.16825649,45.59777502,45.22782243,49.35026037,51.96783644,57.46426609,67.64194136,74.53784843,76.06191145,82.8670209,68.62707391,75.51162625,82.48039542,84.94876117,81.23090753,85.26446956,67.93284519,56.4010345,45.57611237,46.92619534,45.82097327,37.51643424,47.66708432,57.52493358,49.60832556,46.97787161
Brazil,BRA,Trade (% of GDP),NE.TRD.GNFS.ZS,12.61547153,12.89339678,9.384850143,17.93998442,12.20580536,12.8920351,12.26329411,11.35438435,12.59062636,13.27592469,14.47917337,14.65091698,16.13195262,16.85618914,20.96777807,18.23433037,16.41554798,15.15524941,14.5778876,16.56688261,20.15540749,19.63292399,16.49117037,21.90035252,23.83007467,20.44976658,15.86065415,16.26239734,17.76724471,14.39087765,15.15559908,16.59207776,19.25337479,19.59932055,18.6747598,16.98446,15.63559148,16.57620926,16.43858493,20.98216647,22.63976136,26.93628502,27.61835741,28.14038472,29.67825248,27.08679521,26.04169989,25.29261138,27.25756942,22.10597561,22.77217811,23.93440518,25.11427361,25.78595733,24.68540581,26.95362594,24.53368208,24.31973437,28.87620338,28.89025787,32.30207854,37.65633076,38.81606598,33.66622983,35.58452394
Barbados,BRB,Trade (% of GDP),NE.TRD.GNFS.ZS,,,,,,,,,,,,,,,,,,,,,,,,,,,,,,,,,,,,,,,,,,,,,,,,,,,,,,,,,,,,,,,,,
Brunei Darussalam,BRN,Trade (% of GDP),NE.TRD.GNFS.ZS,,,,,,,,,,,,,,,49.71252775,53.11024905,52.13409894,52.1156793,51.84211116,50.65495387,47.95099483,49.80786319,50.87593603,52.0135766,,,,,,58.12116831,57.7484299,62.93761063,69.93564301,70.50571604,62.86961839,71.03725395,80.4854767,77.14880954,78.73060516,75.98935551,87.05533299,91.09978762,93.21618147,89.0856161,84.88216666,81.62011402,81.57095474,81.01141464,89.74542535,90.28708826,95.37154602,99.5379309,105.6409021,110.9395996,102.421001,89.89618825,87.31980133,85.17686043,93.89806177,108.5096584,110.2910037,147.1231124,146.9739659,136.8634347,132.5874396
Bhutan,BTN,Trade (% of GDP),NE.TRD.GNFS.ZS,,,,,,,,,,,,,,,,,,,,,54.11483635,66.78185914,64.68049557,61.11565009,61.24723096,69.75367493,73.76857643,64.28196092,80.48221951,68.81454222,61.21628744,75.97298581,91.76083757,78.75599335,72.10077936,83.88290865,84.62949143,85.21143723,85.58313509,85.86620598,74.02649711,71.09457473,70.2833172,72.84990066,89.0605518,97.74341354,108.1577949,106.9290224,101.9542357,101.5594116,105.0106667,102.7956002,94.04502715,95.05253828,87.9342562,89.63916046,76.38475285,76.78840169,79.73972033,76.1235167,71.83035104,77.58244827,85.57121652,81.73662787,
Botswana,BWA,Trade (% of GDP),NE.TRD.GNFS.ZS,65.91957811,69.74182766,72.76503188,76.3398002,77.38771244,82.31707317,80.21680217,75.38734111,86,75.33753375,85.56925308,94.71365639,97.91502754,100.7966952,105.6984852,107.3862555,116.7078825,120.2103879,120.5849269,119.3729422,119.5015463,121.2353923,123.8361801,124.6490648,118.7734707,117.5228082,117.4595896,123.5717533,114.4515902,105.3608646,104.8473204,99.55838535,89.75125459,86.20820501,88.18060973,94.59517165,90.95557528,108.6044152,101.8410393,98.9290812,91.92472969,87.52506557,91.83577406,85.83404252,90.99782289,88.50535206,86.61243391,98.49652494,99.00822201,88.48078863,94.63900209,98.96146778,111.8752806,125.7830399,119.4975418,112.900891,100.4646898,81.92395138,87.45510399,83.09298136,77.66341786,88.75874959,85.61170775,68.80335784,71.10525791
Central African Republic,CAF,Trade (% of GDP),NE.TRD.GNFS.ZS,57.45453674,62.2516546,62.29507257,63.72239745,69.25285968,64.76964499,70.87628866,73.20096774,73.94352311,64.93312236,73.5008478,67.22269528,58.74788774,65.10492521,71.07293707,61.05031664,51.51347707,59.52930382,57.3060779,57.56550683,66.30232808,58.44319389,56.40225873,60.76526042,58.89567164,53.6444942,46.80905809,46.39443456,42.79863463,46.76704756,42.94298352,43.70932169,43.22907608,39.98862202,48.41803223,50.47589112,47.08440503,55.81850836,51.04953188,43.2123439,45.65978199,39.73049974,36.10856478,36.231226,33.24395492,35.07093687,36.39587023,37.58089902,34.43752181,31.49424649,34.43048195,34.47561833,33.05944859,38.39928757,53.09509202,53.14514778,50.53064402,57.14354571,49.6602,50.0658,49.52102,44.15912,45.23357,43.48057021,46.43189998
Canada,CAN,Trade (% of GDP),NE.TRD.GNFS.ZS,,35.81046501,35.51131987,35.33177956,37.00155752,36.8945521,38.30529369,39.12421956,40.72738496,41.88589949,41.49227652,40.68695859,41.84908645,44.28828225,48.08450197,45.85565452,44.26534428,45.75837883,48.844518,52.23804738,53.31797572,52.10257413,46.6158828,46.70888359,52.47669843,52.84194653,53.06515011,50.8663918,51.36578114,50.06663401,49.99446442,49.22346685,52.73803094,58.25079615,64.39154415,69.06174808,70.26007346,74.33661008,78.08118536,80.11502931,82.76535785,78.34421839,75.70703208,69.84009462,70.19241999,69.75913302,68.05216448,66.28341975,67.02360836,58.47439182,60.2081215,62.49873877,62.59554894,62.2310749,64.37866216,66.16490207,65.36368452,65.10106085,66.59988585,66.17148528,61.15677096,62.24683672,67.31762156,66.63233134,65.14992127
Central Europe and the Baltics,CEB,Trade (% of GDP),NE.TRD.GNFS.ZS,,,,,,,,,,,,,,,,,,,,,,,,,,,,,,,,,,,,65.29647803,68.87839539,74.07055778,74.22183275,73.83077737,79.96618278,80.59117531,79.54472196,83.84674673,90.76346203,93.73208088,101.8881969,104.6820372,104.1851669,92.93197551,104.4649849,112.8839667,116.1208458,117.6828583,119.8751448,119.4135557,120.335513,123.3518798,123.8195006,121.3630139,114.6583109,125.5524259,139.8365093,123.6050078,116.3195126
Switzerland,CHE,Trade (% of GDP),NE.TRD.GNFS.ZS,,,,,,,,,,,82.88126301,78.64015292,76.68223639,77.62691223,82.5985025,74.05162581,78.90103078,87.31801034,83.61997806,87.77179373,94.88464535,95.97544663,88.2093026,87.21299623,91.78892404,92.99246253,87.08479379,81.10987508,83.49506517,88.42692283,82.50881868,78.22391289,78.88264528,77.67113369,76.15536381,76.25217291,78.75248496,88.46997846,88.21561677,89.8170141,97.93685621,96.03983789,91.78185086,90.33549611,95.51709446,102.2611721,106.2451548,113.3318578,116.7780001,109.7759846,120.0651233,125.5562732,126.4538605,133.6937084,120.2134234,117.1384822,123.5659245,123.6218076,124.4285043,124.1276122,121.785978,130.0162613,138.5006988,135.3200022,134.0951485
Channel Islands,CHI,Trade (% of GDP),NE.TRD.GNFS.ZS,,,,,,,,,,,,,,,,,,,,,,,,,,,,,,,,,,,,,,,,,,,,,,,,,,,,,,,,,,,,,,,,,
Chile,CHL,Trade (% of GDP),NE.TRD.GNFS.ZS,28.19589051,26.27984792,23.58506977,26.539351,25.04960504,25.61570778,27.38450848,26.62375088,26.44915763,29.79857602,27.96758898,22.62329095,22.29999149,28.00586382,37.95930987,49.44789876,43.47126788,40.8505713,42.46455645,46.72583757,47.2255574,40.96358863,39.49925359,44.23851308,46.54528559,49.97486668,51.23835927,53.34255856,58.15911277,62.62767565,61.20863778,57.50754716,55.5417477,52.91385306,52.80768395,54.6874836,53.92074989,54.09929818,53.83617852,54.69560983,58.71192309,62.14476697,62.4838519,65.69341959,69.88936005,72.06253424,73.71163504,76.97702471,80.67662624,66.68603096,69.71768014,72.48164281,68.15614289,65.14328795,65.63462812,59.34911048,56.05786109,56.02615897,58.17705063,57.61175457,58.18286356,64.87740632,75.20161774,60.72472369,63.85985725
China,CHN,Trade (% of GDP),NE.TRD.GNFS.ZS,6.30557628,5.808545537,5.565523019,5.662062298,5.716906571,5.899470472,5.92798923,5.582337495,5.578898189,4.941376789,4.82548633,4.945569997,5.667472185,8.083539278,10.33750657,9.976087395,9.591903357,9.320199322,15.39692423,16.51860706,21.5410562,23.74382559,19.65547476,17.88671351,18.99633981,20.67433728,19.84505414,24.81383367,30.01333892,25.06155489,24.22598248,25.87298149,30.03409405,35.90864166,35.60546352,34.10495216,33.62875123,34.31357632,32.17173994,33.22553808,39.01094248,38.08264695,42.19444234,51.07748013,58.64033404,61.36007494,63.56957986,61.266464,56.711133,44.41976443,49.85407223,49.94582723,47.48021308,45.91604138,44.06845648,38.69718484,36.17717069,36.95085262,36.89438439,35.19942027,34.03895079,36.52069118,37.44071988,36.10519237,37.19842014
Cote d'Ivoire,CIV,Trade (% of GDP),NE.TRD.GNFS.ZS,57.14406757,63.39605592,60.1395535,57.45531759,60.60880001,66.94763093,65.10334587,65.01500699,68.6948357,63.83159118,64.8769567,60.63731917,62.51877165,68.98587056,84.07307131,73.31336679,77.98922386,78.95660403,73.95669728,72.26592824,76.18028969,77.45919888,75.75002167,72.68017697,77.10319819,79.17251371,69.67735716,63.05024828,58.37827152,61.08854404,58.80149561,56.99782131,60.02506534,55.34852185,69.83665802,76.20234391,52.80429442,54.00629034,53.65383379,55.89356269,54.96399163,53.11410472,55.90194823,53.26006068,58.1182963,62.82093604,63.69037706,61.43094235,61.9406213,66.67290375,67.47294008,64.71590306,70.30108932,58.35267925,53.68041756,52.71536046,47.56631389,48.65960504,46.04002824,44.66041058,41.94263182,45.11403278,52.86639104,48.81700391,51.26403794
Cameroon,CMR,Trade (% of GDP),NE.TRD.GNFS.ZS,,,,,,48.0200388,44.57197133,43.20451703,46.75675569,46.24256492,50.87995264,50.17613052,46.47761949,44.6908941,48.23801324,48.2279939,50.00721606,52.86570896,51.77722644,49.32094172,55.01613909,50.28117841,62.12539352,59.70119087,64.47202025,65.02458838,46.00580702,37.32029527,31.99460886,38.47648378,37.49644544,34.63877936,38.86259217,26.15884296,36.96112101,36.68227266,45.1156121,48.46963527,42.29465383,37.23837985,47.92794425,51.57226919,48.48172273,40.24319259,41.83774243,44.99768135,47.10443418,53.21569086,56.92441716,42.17610736,47.2385854,51.5219876,50.03601273,49.67453635,50.83238931,45.54014683,40.63863153,39.19902161,40.58760288,43.37851325,33.73883136,36.73083472,41.28660256,37.89033212,34.40317859
"Congo, Dem. Rep.",COD,Trade (% of GDP),NE.TRD.GNFS.ZS,,,,,,,,,,,,,,,,,,,,,,,,,,,,,,,,,,,42.51672247,52.20853142,60.31625674,33.75000042,62.67930673,41.17766082,27.01440292,25.04193751,29.31684564,54.03135618,49.33641463,51.02767491,44.76670899,72.99830318,72.95270932,63.08600455,80.99751539,83.4133638,66.70567475,72.55575451,74.11317294,57.75392362,68.00833429,65.91845253,72.55917391,60.91435237,61.02847077,75.38705239,85.82216919,86.74005818,100.5540883
"Congo, Rep.",COG,Trade (% of GDP),NE.TRD.GNFS.ZS,106.0604921,103.1207575,93.44131169,94.32042104,94.60161267,89.09463187,80.99630996,86.30140176,87.62057878,88.9695727,92.49997368,85.2310873,80.09662802,74.99999172,112.7039177,99.6350365,106.9328952,110.8509521,104.7905245,96.03921569,120.1442841,134.1148237,123.7746479,109.7097097,107.2509129,112.7935723,93.50223489,80.35519248,81.04704097,83.35300932,70.81935433,69.68454299,57.14070589,74.17619428,132.7362484,128.3125043,128.4076633,135.7581795,148.9016625,131.3941903,123.9098844,130.7324811,135.4560711,156.8617773,131.3681987,119.5528923,125.600763,148.5866254,133.1084867,135.5523657,124.0647544,124.5917427,97.44443515,93.00286339,104.1976201,117.3207216,122.2598183,94.61709526,100.5832168,91.57575479,69.30662472,85.54620316,98.16133669,96.2103944,93.18812208
Colombia,COL,Trade (% of GDP),NE.TRD.GNFS.ZS,30.45201202,26.82114888,24.45081756,24.33324947,24.60911788,21.84400212,24.32830729,21.55400928,24.58445758,25.54865387,27.82522897,27.98326983,26.05292858,27.58841915,30.17054196,29.82883577,30.94125162,30.06442476,30.42451404,28.66160225,31.81498673,27.26938485,26.10377296,23.69982093,24.34875009,26.33310128,30.83063591,29.86555019,30.142802,31.82162185,34.77781038,33.52991809,33.61159134,36.17747144,35.91753745,35.49723032,36.04410719,35.59706809,35.90892305,36.14927931,32.66708547,33.90111179,32.98263921,36.51618352,35.86342693,37.42269749,39.64135596,37.0988971,39.16764942,35.15612851,34.26460317,39.47042355,38.83515102,37.9866488,37.48746564,38.36076412,36.20265298,35.28291494,36.5347528,37.55853398,34.05557097,40.05914639,48.28265511,40.38813249,37.02546871
Comoros,COM,Trade (% of GDP),NE.TRD.GNFS.ZS,,,,,,,,,,,,,,,,,,,,,35.75618351,35.75551974,35.75728509,35.75732676,35.75659199,35.75768548,35.75661671,35.75681697,35.75653124,35.75775936,35.75703172,35.75721111,35.75735554,35.75695192,35.75727941,35.75723854,35.75781508,35.75704386,35.75725005,35.75715705,35.75747853,35.75722885,35.75711903,35.75695912,35.75706313,35.75740932,35.75727457,33.15617921,36.21852635,37.89692233,39.5501058,40.00094857,40.81044241,39.24333041,39.23582442,37.80495207,37.13287972,40.16435892,42.99615334,42.26807854,33.7299346,42.06772364,50.38877048,45.68377892,44.37317675
Cabo Verde,CPV,Trade (% of GDP),NE.TRD.GNFS.ZS,,,,,,,,,,,,,,,,,,,,,84.05058205,92.16438745,102.1159219,102.436767,100.473455,101.8212851,93.05252412,83.83261889,76.20162485,81.43779264,85.95158403,80.95396931,83.93988997,60.306432,71.56344205,77.51555138,75.48996786,85.97934615,81.88141375,80.96901996,87.52060836,92.1637225,101.0897023,98.76838081,101.56717,104.3438399,117.8166972,94.20620755,90.96638824,80.46095613,85.54844988,90.55645011,90.64991655,86.16986003,91.30385241,94.00848702,95.37813986,100.0521339,105.8675241,103.6026565,78.39345459,77.45505863,96.99413685,95.03249433,96.50535367
Costa Rica,CRI,Trade (% of GDP),NE.TRD.GNFS.ZS,47.26096506,45.91880922,48.77298076,49.21566897,52.98763339,55.75155628,55.55452176,56.10177052,60.22197632,58.54861708,62.41398,63.89940019,66.83220137,67.67298997,81.26395182,68.60978582,63.8196715,67.20368367,64.21264004,64.11619,63.29690378,91.44453685,87.24877018,72.82011228,68.35352728,63.1993363,61.83621253,67.39880098,69.83549054,73.58296,75.28516419,71.4396757,76.09623548,79.35233683,77.997308,79.77437455,84.05716401,87.6131981,92.03802124,87.53861377,86.52492351,80.85275872,80.41394434,83.32770754,85.2564772,89.22266389,89.81455461,86.45659584,86.40151271,69.75931773,67.51208968,68.63914651,67.0485393,64.06641059,65.19124205,60.75356194,62.17847818,65.07195374,66.94534202,65.76053002,60.13988625,70.7816423,82.22753254,72.47199908,71.33101377
Caribbean small states,CSS,Trade (% of GDP),NE.TRD.GNFS.ZS,,,,,,,,,,,,,,,,,,,,,,,,,,,,,,,,,,,,,,,,,,,,,,,,,,,,,,,,,,,,,,,,,
Cuba,CUB,Trade (% of GDP),NE.TRD.GNFS.ZS,,,,,,,,,,,76.80653796,76.80865045,76.80949749,76.80180344,76.7856934,76.82704406,76.81921841,76.81372741,76.76333053,76.70514707,77.03379205,76.7800937,76.78627504,76.51134797,76.41422843,78.67701557,75.51160049,76.81718105,75.13671282,75.92863188,71.11449322,50.99611654,35.14686734,28.91583018,27.77589665,29.30841762,32.62533361,32.75419893,32.50463298,31.86893225,31.07598788,29.36109638,24.72931335,26.58713358,31.31141533,39.36137443,37.18801429,37.96760966,44.91722075,32.91398196,40.2919413,46.96042905,45.86620363,44.32389693,39.27415285,31.61381248,27.26911324,26.22243638,27.08354845,22.82089114,15.68298681,80.02377031,93.86077559,120.5338784,124.8632389
Curacao,CUW,Trade (% of GDP),NE.TRD.GNFS.ZS,,,,,,,,,,,,,,,,,,,,,,,,,,,,,,,,,,,,,,,,,,,,,,134.9114598,144.5555111,146.0491225,166.7395417,144.7023417,143.9322118,172.9234178,183.2364608,166.4061489,164.3598175,148.3138162,139.0529782,139.8124492,155.268858,,,,,,
Cayman Islands,CYM,Trade (% of GDP),NE.TRD.GNFS.ZS,,,,,,,,,,,,,,,,,,,,,,,,,,,,,,,,,,,,,,,,,,,,,,,,,,,,,,,,,,117.436584,117.1171221,114.8385399,105.4727902,,,,
Cyprus,CYP,Trade (% of GDP),NE.TRD.GNFS.ZS,,,,,,,,,,,,,,,,92.17898634,112.3689838,115.5755086,105.2517279,108.447117,108.325663,113.5730649,115.1624571,114.3837403,121.7586297,107.569825,93.45992761,97.55645632,101.5832425,111.3341264,108.6082087,104.1799049,110.0970073,95.41637535,95.77615161,134.3905141,140.8489834,139.7629766,134.9097368,131.2093333,137.4949032,131.8490679,123.6413321,114.004633,113.9036135,111.9170653,109.806498,111.2751228,112.9259309,102.7910919,108.9016993,110.6171313,112.3442733,120.9262006,130.8443631,137.2764265,139.0220985,148.0133556,147.6235674,150.5061696,160.6687165,176.8277368,205.7535437,190.7407884,190.4028709
Czechia,CZE,Trade (% of GDP),NE.TRD.GNFS.ZS,,,,,,,,,,,,,,,,,,,,,,,,,,,,,,,63.05127858,70.77122767,77.96113108,78.19773818,74.80301808,82.90099907,80.59955796,84.15323067,83.93865232,85.45712364,97.49839563,98.53687373,90.87927155,94.64686007,113.173976,121.1912873,127.0510151,129.8767395,123.9048099,113.0492548,126.7564801,136.7508555,145.4801954,145.5022306,156.4151228,154.018401,148.5470047,147.7508349,145.1417179,138.15461,128.7804303,137.3781163,144.0114941,131.8925983,131.4849811
Germany,DEU,Trade (% of GDP),NE.TRD.GNFS.ZS,,,,,,,,,,,31.59045315,30.72690719,30.61624743,31.58281947,36.81233652,35.77069407,38.22480366,37.95960693,37.03966896,39.07648011,41.69634422,44.01626624,44.2197597,43.41069021,46.06753968,47.73358367,42.78118333,41.5307858,42.36465953,45.04390931,45.68895468,47.6354132,44.684044,39.74939397,41.09574433,42.60614865,43.9035861,48.38032107,50.15546578,51.51922744,59.1955993,59.55928637,58.33256872,58.91454429,62.90649095,66.95310249,72.75919346,74.88384168,76.11316659,66.13912758,73.88523512,78.4330029,79.33164957,77.58602886,76.84835163,77.75658157,76.00599022,77.45483947,79.12522605,79.07324272,72.93353271,79.91953486,88.78575421,81.96254838,79.09073059
Djibouti,DJI,Trade (% of GDP),NE.TRD.GNFS.ZS,,,,,,,,,,,,,,,,,,,,,,,,,,,,,,,,,,,,,,,,,,,,,,,,,,,,,,347.7203171,298.5645358,268.3634563,213.0719986,305.9679664,300.3989005,320.9392304,225.7448713,263.4777287,302.2854092,285.9020438,241.2374631
Dominica,DMA,Trade (% of GDP),NE.TRD.GNFS.ZS,,,,,,,,,,,,,,,,,,,,,,,,,,,,,,,,,,,,,,,,,,,,,,,,,,,,,,,,,,,,,,,,,
Denmark,DNK,Trade (% of GDP),NE.TRD.GNFS.ZS,,,,,,,57.6554018,55.54582724,55.32776659,55.51080742,57.13473465,55.67303037,53.22502272,57.86335332,64.72700294,59.78209245,61.10650292,60.37063179,57.0932057,60.82472466,65.74827203,71.22565171,71.22614245,69.99503383,71.19327588,72.32523336,65.0410314,61.4826479,63.76226322,67.10278747,67.30457944,69.16847628,66.97970061,65.64358337,67.84321794,68.57331465,68.52648242,71.29017598,71.3454175,72.72885664,83.04208595,83.9226646,84.48459255,80.76130018,82.00773082,89.39879525,97.42986077,100.0476746,104.4703102,89.39485666,94.38772823,102.0129305,104.3622805,103.6128132,103.2108592,105.1303625,101.4527838,104.2156769,108.8139855,111.8914751,104.4334327,112.3214727,131.9958249,129.6253374,131.765031
Dominican Republic,DOM,Trade (% of GDP),NE.TRD.GNFS.ZS,44.40811024,39.59637988,48.05242082,46.70493694,47.72816378,36.57245806,41.68106515,43.09045226,45.13020109,44.59162942,45.88269162,45.71554593,45.91965764,49.53495893,60.59158181,61.11392662,51.47061941,49.35199174,48.11278029,53.79393431,54.41492584,50.61522408,41.07497714,41.34118969,51.74349727,56.99711498,49.42608278,58.05647307,71.35252736,69.47267709,69.19841368,83.09106896,80.46480154,78.00289677,77.15790827,73.89795938,72.64249087,74.23323717,75.91130271,76.30275328,79.3003931,70.51056781,68.7232829,84.44950319,81.35142294,61.65355874,63.76648264,61.22925915,61.42850583,50.65093768,56.05739642,59.06925784,58.50625367,56.8137658,55.66010415,52.34712387,51.73065712,50.75953555,52.33517096,50.9129822,44.73316135,51.95002273,54.37819767,49.84361318,51.7835144
Algeria,DZA,Trade (% of GDP),NE.TRD.GNFS.ZS,106.1868043,113.7483279,40.61251936,61.5101972,54.52382126,48.43702191,50.63976952,45.06618609,47.32288896,51.8595349,51.22540181,46.10629668,46.17643028,57.09342653,74.23881924,76.65453541,70.17325688,72.32688423,65.70456889,64.01404929,64.67692316,65.46499364,59.92293127,53.74411736,53.17638369,50.32612063,36.02671057,32.68458447,38.11158728,47.15331971,48.38071368,52.71758671,49.18908424,44.92281337,48.58443779,55.19100521,53.70514788,52.24391151,45.09445056,50.92910934,62.85834364,54.52964912,56.58960528,57.7691353,61.35799757,66.84046022,65.91529197,67.54547339,71.02849225,64.28475472,63.49121599,62.22008996,60.75763933,59.15100816,56.92354197,53.20462259,49.76093279,49.82081617,52.43616768,46.50684261,40.38975656,46.83705926,51.19008937,43.73979845,40.13457412
East Asia & Pacific (excluding high income),EAP,Trade (% of GDP),NE.TRD.GNFS.ZS,10.64704496,10.28723838,9.018656704,9.685972299,10.22760164,9.312952333,10.9385333,10.03286435,10.15559671,9.414034177,9.684413835,9.792518002,10.65401867,13.1911956,16.64411118,15.63454693,15.301195,15.18532582,20.35782529,22.63639012,27.28437958,29.40022388,25.34068324,24.36720798,24.85374874,25.8398744,24.96930587,29.92463369,34.89645228,31.96735984,32.21915941,34.02473121,37.48890397,42.19924576,42.90595165,42.46171764,41.94715408,43.58253727,45.40398888,44.29148829,50.73912118,49.39960198,51.89548494,59.0380544,66.61575427,69.0835745,70.32434968,67.94252011,64.16793619,51.55375885,56.14818651,56.80650176,54.36740475,52.76178297,51.14359064,46.03527117,43.46618343,44.77194194,45.07256727,42.68001466,40.57620099,44.65420357,46.7579624,44.50369235,45.94956492
Early-demographic dividend,EAR,Trade (% of GDP),NE.TRD.GNFS.ZS,23.54060156,23.5965557,20.60516002,22.05509867,22.21781773,20.07345566,22.85152033,21.62432287,25.49421388,25.0448115,26.72291117,27.30107138,28.52073297,34.29280969,35.34559399,36.32275533,35.2365408,36.32141814,35.80286932,37.67457438,39.42538855,39.17785733,37.71391524,37.23327357,36.37284534,34.73734752,32.32495154,34.36030487,36.83480856,38.36501822,39.1985289,40.006867,40.55940061,39.56745344,40.51556189,43.29291072,44.4870397,45.18641275,47.32764695,44.47684007,48.77099659,47.59583071,49.10120546,49.95395471,54.1592975,56.55897826,57.95375926,58.24738151,61.27362893,53.287779,54.83153233,58.06381476,57.74336614,56.66881125,55.00232369,51.05261361,48.69552014,50.69722624,54.62589228,52.21367661,47.33756965,53.40802001,58.93414454,53.07132432,51.66586278
East Asia & Pacific,EAS,Trade (% of GDP),NE.TRD.GNFS.ZS,19.05600946,21.34314539,19.97384115,20.53597635,20.32796287,19.87388678,21.77060151,20.96120824,22.27357259,22.11381415,21.91796995,22.17932475,22.0328957,25.23961181,30.46380205,28.60178816,29.10689772,28.93831083,31.40299896,34.47887801,39.4673973,40.45710957,37.05561889,35.52637294,36.08520057,35.8703613,34.24302155,37.68908342,41.10614112,38.93845113,38.96079563,39.4802618,41.14527027,43.61207687,44.3275904,45.33559347,45.13471738,46.47231689,47.90126454,46.7576805,52.49294498,51.20440342,52.72603176,58.21276272,64.71351233,67.22663757,69.65797585,68.89748726,69.33810791,57.27866088,62.45765774,64.63462747,63.22118568,62.4560491,61.49537494,55.97520613,52.34531713,54.29445796,55.29695713,53.03127247,50.06352217,55.12213303,60.10959923,57.19072954,58.46874166
Europe & Central Asia (excluding high income),ECA,Trade (% of GDP),NE.TRD.GNFS.ZS,,,,,,,,,,,,,,,,,,,,,,,,,,,,,,,40.72108932,39.31253953,61.68701385,56.47519323,61.93060524,56.88534956,56.9714073,58.64790992,55.38549937,55.88799606,64.24753806,66.46319641,65.31902173,65.93379683,70.00608455,66.16740129,66.4960483,66.46607594,69.56002907,61.94173356,61.72115559,68.71862076,68.10335569,64.50716486,64.61290209,62.04544987,61.71770306,66.56353514,72.4218659,71.31330053,65.55372711,73.32206036,82.32197715,72.44537855,64.98576242
Europe & Central Asia,ECS,Trade (% of GDP),NE.TRD.GNFS.ZS,,,,,,,,,,,41.59762734,41.22572262,41.01119225,43.8559567,51.11564253,46.74548818,49.54129472,50.05250359,48.11505171,50.39795332,52.39610166,54.19953225,54.13991281,54.26239796,57.58153407,57.91259052,51.64798973,50.9859196,51.71227992,53.2731744,52.07377437,50.72757077,58.72190264,54.3923179,55.33223646,56.9011764,57.1628045,60.15483904,61.231542,62.88560821,69.14621604,68.17877363,66.00833622,65.07937592,67.45241039,69.8313493,73.33323472,74.02786197,75.69902884,67.31670068,73.53752101,78.08953794,78.87598742,78.53480451,78.3407556,78.76592511,78.45367801,81.22146779,83.4200982,83.25473363,77.13019713,83.30691139,93.58662049,86.37088268,83.04181951
Ecuador,ECU,Trade (% of GDP),NE.TRD.GNFS.ZS,19.91164663,19.10915839,21.03588915,19.19029713,19.04451206,19.27013828,21.60006919,22.13877914,24.96037301,20.60530271,22.45125356,27.27051473,27.95798974,34.53763474,41.4043701,35.40505004,34.01390427,34.44221024,33.29582882,36.07958177,35.02500959,29.91527369,32.41294559,30.87601734,33.05830053,35.7173094,33.11060448,37.73072285,42.66230148,45.11298119,44.59491229,45.19663998,44.80654365,43.17121842,43.7777475,45.91127073,44.21570268,45.01718632,43.39510795,49.2012508,65.40429538,56.12848674,54.79664394,52.3575427,56.07454672,61.95815079,65.84235562,68.85058545,74.59029636,57.34734606,65.77738491,70.03568375,67.00292909,63.43330033,61.42637662,47.82803971,40.5344918,43.61772332,48.00934762,48.08284949,43.98931094,53.26127561,61.88079282,56.99775356,57.20313955
"Egypt, Arab Rep.",EGY,Trade (% of GDP),NE.TRD.GNFS.ZS,41.69169853,37.3881932,34.57085095,41.34578413,43.27228327,37.26329729,36.8175684,35.93971911,29.26348956,29.98589772,30.6627936,31.02467636,30.08534653,31.6962722,51.66482811,53.71424264,45.08546371,52.9519239,53.83938259,69.46426306,73.38303756,74.45957743,64.20199501,57.14285714,52.53164557,46.11260054,36.05442177,35.33980583,52.5974026,50.12987013,52.92275574,62.84444444,59.30984903,55.92783505,50.62857143,50.24509804,46.94856146,43.73824746,41.927627,38.36150845,39.0179359,39.81042654,40.98706783,46.17964072,57.81990521,62.95264624,61.51853651,65.07787325,71.68062535,56.55344464,47.93635007,45.25563416,40.71176927,40.37303806,36.92018779,34.84594296,30.24654905,42.83213436,45.91101967,41.12401716,32.12625557,29.85697348,36.98310488,40.45040077,39.60075209
Euro area,EMU,Trade (% of GDP),NE.TRD.GNFS.ZS,,,,,,,,,,,39.49681711,39.21522848,39.39453514,41.50726985,48.30169505,44.46244705,47.09988437,47.23815121,46.06115087,48.91408058,51.32281182,53.93084671,53.6345424,53.34622495,56.40031314,56.86723226,50.07015823,49.52388184,50.76631398,53.6393314,53.11864228,53.34582158,52.40096458,50.62796801,53.22411558,56.18880136,56.87475987,60.88886294,62.12387306,62.86652345,70.51185175,69.6581866,67.26783835,65.7762309,68.55795578,71.61399093,75.65593143,77.31963555,78.23460331,68.0015634,75.87461399,81.02776637,82.64663259,82.33464632,82.77415589,84.12502392,83.13914348,86.14195152,87.79644295,87.96970407,81.20549873,88.42004535,100.6050842,92.04037692,88.58215911
Eritrea,ERI,Trade (% of GDP),NE.TRD.GNFS.ZS,,,,,,,,,,,,,,,,,,,,,,,,,,,,,,,,,56.37718937,102.0600016,110.8817782,105.3226286,116.6175203,115.4147767,94.92756567,96.25923618,67.88136193,72.06271096,76.59016366,74.00782429,65.57090685,61.10603102,45.26084605,34.55955953,30.56095005,27.97214161,37.47146546,47.39379012,,,,,,,,,,,,,
Spain,ESP,Trade (% of GDP),NE.TRD.GNFS.ZS,,,,,,,,,,,25.85288423,25.92669657,27.21435382,28.14136146,31.73212939,29.11989994,30.11234415,29.19852655,27.75982261,27.87049407,31.59836943,35.42280675,36.57260581,39.81726297,41.59383484,40.91807926,35.392009,36.36480054,36.75814283,37.42855796,35.65290498,35.5206586,36.02077448,36.99516196,41.69588011,44.83062797,46.29775067,51.22713986,52.73031307,54.69691319,60.1216241,58.01388956,55.10214153,53.43578972,54.47951827,54.6991667,56.08392638,57.62694877,55.82813152,46.83669,52.69336997,58.51182289,60.5540347,61.66877264,63.39926214,63.58204122,63.18867785,66.16744614,67.0094104,66.36622504,59.44612801,66.52458894,78.46573387,71.79763661,69.95026124
Estonia,EST,Trade (% of GDP),NE.TRD.GNFS.ZS,,,,,,,,,,,,,,,,,,,,,,,,,,,,,,,,,,132.1263727,148.1430694,139.0874737,132.9774428,151.0513444,156.8382358,144.1164536,126.4956264,126.5466401,123.2823454,122.7447728,129.9495001,135.9127921,136.6207377,133.9808292,136.6819882,116.7590799,143.6717623,166.7460724,169.1560678,164.6016322,157.9539448,148.5071571,147.7462327,144.6356509,143.4852249,140.352148,137.3926413,160.4719223,175.6871195,154.5926171,151.0377024
Ethiopia,ETH,Trade (% of GDP),NE.TRD.GNFS.ZS,,,,,,,,,,,,,,,,,,,,,,,,,,,,,,,,,,,,,,,,,,,,,,,,,,,,48.23293541,45.39790418,41.47178708,40.74108415,39.65612414,34.89902108,31.10364949,31.19936898,28.81529393,24.00611434,24.34505746,26.5954997,20.59820151,17.40043586
European Union,EUU,Trade (% of GDP),NE.TRD.GNFS.ZS,,,,,,,,,,,40.15446855,39.80711452,39.88682849,42.1751185,49.1895684,45.14819564,47.65804594,47.74779594,46.52848559,49.52876845,51.94486993,54.5145795,54.43711705,54.31863525,57.19626084,57.6806849,50.93212701,50.35282161,51.58194854,54.37533289,53.64149474,53.84421746,53.40229815,51.82961195,54.45507393,57.06686187,57.81812384,61.92236621,63.24768733,64.02976428,71.5705362,70.72997128,68.43616134,67.35820618,70.39687641,73.5521063,77.98399572,79.79708256,80.78452291,70.50611172,78.28220153,83.4716469,85.08729941,84.78025447,85.49456193,86.67847482,85.78435199,88.71535672,90.42879443,90.55351856,83.81784548,91.20311156,103.7064337,95.21603718,91.65134349
Fragile and conflict affected situations,FCS,Trade (% of GDP),NE.TRD.GNFS.ZS,,,,,,,,,,,,,,,,,,,,,,,,,,,,,,,,,,,,,,,,,,,,,,,,,,,,,,,,,,,,,,,,,
Finland,FIN,Trade (% of GDP),NE.TRD.GNFS.ZS,,,,,,,,,,,49.41696843,47.43821827,47.78607296,48.503408,55.20999143,50.3280867,49.26369186,52.38531331,52.62124741,58.10835141,62.94117647,61.60636872,57.59020378,57.43883023,56.61839003,55.32674968,49.99680899,49.49478536,48.16644722,47.88299408,45.83901324,43.48141245,50.23942632,58.23151501,62.49917261,64.13553538,65.79032527,68.24780615,66.99105712,66.25449215,74.92557887,70.28413766,69.32093775,68.07150296,70.9678029,76.58897404,82.00056693,82.86316082,86.18965988,70.12793353,75.46120852,78.71594445,79.43037659,77.48517177,74.62777198,71.96182538,71.72221012,75.93878223,79.14361484,80.56415029,72.1845956,79.78927819,94.56253405,85.56339061,83.46010154
Fiji,FJI,Trade (% of GDP),NE.TRD.GNFS.ZS,,,,,,,,,,,,,,,,,,,,,,,,,,,,,,,,,,,,,,,,,,,,,,,,,,,,,,,,,,,,,,,,,
France,FRA,Trade (% of GDP),NE.TRD.GNFS.ZS,28.44178541,27.9140989,26.33849851,26.39023628,27.29674881,27.249247,27.90966784,27.98848777,28.34062803,30.43631669,32.89783195,33.47860653,33.96896425,35.99796655,44.21444986,38.36967518,41.36955422,42.36158275,41.11885636,42.6375432,45.24269041,47.34637502,47.14303373,46.98444516,49.40169569,48.88387988,42.50391014,42.02349515,43.22462237,46.00511587,44.58628695,44.95370016,43.96335449,41.72561631,43.75134915,45.43166169,46.11248016,49.80345347,51.4214328,51.67066146,57.78604703,56.89323286,55.13252485,52.59888229,53.74976483,55.82283612,57.86927753,58.15256113,59.17979284,52.1991123,56.58755525,60.60563548,61.65895708,61.81923387,62.19926694,63.5046872,63.34275644,65.39584816,66.80226078,66.42897717,58.83889072,63.78848263,75.9630078,70.62614506,68.10818754
Faroe Islands,FRO,Trade (% of GDP),NE.TRD.GNFS.ZS,,,98.69180454,86.09505459,82.27170237,87.45940545,76.23651079,78.96678967,74.75966455,79.25066565,75.25902669,78.78787879,78.11407211,90.59872873,93.61294088,85.34476161,86.90519878,84.90349155,80.25889968,79.49489385,81.29273735,83.45846154,79.25945946,84.56404494,99.71668178,93.91822478,87.99784715,93.13984169,85.85889571,79.8870411,78.87655567,81.65405777,84.86113632,72.69963518,75.75631993,75.7029703,98.76263506,97.6325604,91.60981804,100.4919283,110.5453534,104.9043669,98.62315601,108.2582901,93.41539891,100.9627594,97.39471776,99.50600413,103.4962225,96.86080803,97.18244346,105.8464535,117.1577937,114.0622828,106.1425392,105.6106716,104.552703,107.2389084,106.8746648,108.623246,96.22419375,103.4880371,122.8633414,113.3364008,105.752803
"Micronesia, Fed. Sts.",FSM,Trade (% of GDP),NE.TRD.GNFS.ZS,,,,,,,,,,,,,,,,,,,,,,,,111.044594,,,,,,,,,,,,90.93802435,102.9804306,107.1443419,102.5306594,95.76477117,91.89221185,97.29778219,91.7298644,96.70061603,95.52594302,94.34535778,97.35158051,100.7891496,111.1865543,111.0485651,108.0378595,108.5399862,113.0597737,114.7666724,107.6453574,107.6811277,102.7692308,103.3426184,103.5714286,95.68527919,85.00877038,87.33359057,90.63439025,97.85502687,98.4249673
Gabon,GAB,Trade (% of GDP),NE.TRD.GNFS.ZS,66.79819618,62.87450501,62.48265715,92.49665716,77.84335145,80.54054054,79.30463234,96.10781437,97.6679979,108.7063246,87.70947761,118.6488107,145.345318,116.5114587,100.8071025,97.42647059,91.68404951,102.8542451,108.6795252,95.88892336,96.35036496,104.0590758,101.2616705,104.8672909,99.29314998,119.8533822,89.89564775,87.91442761,78.52202075,86.99363534,76.89744539,80.53493855,79.86884209,83.34303654,99.9266868,95.13469619,95.67090085,98.53626451,95.97478261,97.73145246,101.7019289,83.63861324,84.75908154,80.30260821,81.76753714,83.94959984,88.64940926,85.13247916,88.99887259,83.50457742,89.15766272,90.49837733,92.34280894,90.63503615,73.52032902,73.94978146,70.13338106,75.06874045,77.0365977,73.42808945,70.11405465,85.34831221,92.06308885,91.47865332,92.04680552
United Kingdom,GBR,Trade (% of GDP),NE.TRD.GNFS.ZS,,,,,,,,,,,43.00430846,42.65022182,41.58397743,47.44702776,58.74106574,52.75854549,57.42088297,58.93126525,54.98507733,54.66076279,51.31028026,49.3910296,49.61354345,50.81331482,55.40829409,54.95088144,50.52782012,49.89487351,47.36032196,48.67701337,48.24982645,45.31566008,46.30594671,49.74819678,51.88610701,50.8300767,52.05760889,50.70456184,49.14090889,49.46839052,52.33802123,52.63423673,51.2361821,50.0681187,50.28855218,52.54427404,56.70477917,52.7493525,56.43655011,54.65373011,59.05118022,63.32406157,61.96887045,61.71953952,58.82102283,57.12504461,59.83953151,63.18992458,64.9097722,65.00356642,59.1598893,58.53838629,69.19892644,64.99238417,62.84016053
Georgia,GEO,Trade (% of GDP),NE.TRD.GNFS.ZS,,,,,,,,,,,,,,,,,,,,,,,,,,,,82.295843,88.60414395,87.78040964,85.52719498,59.16230366,101.9436997,118.6388891,166.9026155,67.82867881,45.69654905,57.75306593,53.56666932,57.15187433,62.66139564,63.32992508,71.62912554,77.63337654,79.04074591,84.52959754,89.12537437,88.39341407,86.29822437,78.19303903,81.67338706,85.46593509,89.73488009,93.81391379,94.95069794,97.01631151,94.92625284,102.5842777,109.8477406,117.8100802,92.89108418,101.6009075,114.6954377,107.1511792,103.4564714
Ghana,GHA,Trade (% of GDP),NE.TRD.GNFS.ZS,63.63636364,62.58064516,52.68490375,48.63636364,43.77022654,43.86084584,34.25559947,37.36702128,41.17647059,40.07996002,44.04603807,36,35.91474245,37.84632962,40.12875536,37.80049214,31.74992338,22.04604497,18.04536358,22.39387712,17.62111453,10.07903506,6.320343316,11.54489834,18.81461112,24.2438376,36.71168749,45.84812332,42.24549941,41.08589105,42.72817813,42.48834926,45.99359586,56.66912012,62.02115274,57.42309429,72.20494413,85.40183797,80.59954325,81.70510403,116.0484302,110.0458542,97.48924317,97.28714571,99.67033435,98.17151411,64.51905424,65.35432229,69.51422561,71.59473853,75.37781579,86.29545385,93.16803513,60.7593219,63.83656244,76.52127092,67.87699944,70.54836529,67.95851746,76.82480273,66.57549872,62.70783091,70.1154558,64.38786153,69.78842274
Gibraltar,GIB,Trade (% of GDP),NE.TRD.GNFS.ZS,,,,,,,,,,,,,,,,,,,,,,,,,,,,,,,,,,,,,,,,,,,,,,,,,,,,,,,,,,,,,,,,,
Guinea,GIN,Trade (% of GDP),NE.TRD.GNFS.ZS,,,,,,,,,,,,,,,,,,,,,,,,,,,40.57702725,42.75166611,39.74224318,41.75340827,44.248103,41.77871157,34.94190599,37.44824351,33.3418125,31.30442917,29.86142453,29.08978749,33.06462363,32.69589941,36.67969549,40.18787814,38.02840327,35.07512699,34.59509592,47.93770039,69.38629371,71.12103223,64.18424339,69.81534542,73.54657393,85.95467327,86.67433183,80.42644772,76.7719659,72.44273075,111.8394674,101.2516338,88.98411154,78.41531323,115.7652595,115.1955328,94.16527269,95.82952676,97.77781773
"Gambia, The",GMB,Trade (% of GDP),NE.TRD.GNFS.ZS,,,,,,,79.74794174,87.71131855,90.98379009,91.48459086,78.70041303,69.54855895,74.52880068,77.48375,82.68852959,88.32316927,87.41173912,84.25261827,93.56919643,98.21476968,106.3346846,110.718123,103.972547,112.970541,115.9141284,97.78146652,102.722472,108.704991,108.819,120.3374042,131.4854153,64.10294689,67.44308365,64.62992213,49.91607894,59.27679803,50.95439438,48.3174981,53.87096227,52.41329752,56.35981989,46.92926319,59.64295092,68.85879303,49.93429956,50.0187234,50.37446858,44.29384447,39.08909946,41.77739443,41.01251503,42.63970205,47.70067311,45.46191936,58.25793078,44.52237308,38.11408796,55.73357961,64.812464,55.99791162,47.39552017,42.0979828,44.72192154,39.96201732,42.17061723
Guinea-Bissau,GNB,Trade (% of GDP),NE.TRD.GNFS.ZS,,,,,,,,,,,34.18858865,38.47006955,39.98572782,46.78631892,44.26679378,31.13162019,33.20791824,41.90650727,43.78779451,48.79865969,54.52945327,46.91171723,49.12543136,38.26287152,64.68262288,67.46752467,37.07032414,50.32315394,63.60909024,55.08023526,46.97050272,47.77360988,55.01437568,41.58630065,50.76377899,46.81043289,42.36017147,69.49035464,43.50099731,49.09948923,52.73734612,47.58321728,39.67606356,38.03347093,43.19213163,45.78423155,48.76050339,46.24452847,45.13888937,43.59574741,43.51458764,48.61746021,44.12806656,39.95746178,46.86965831,54.37037559,54.30067305,56.91374759,55.01958904,49.94351014,42.88538569,44.80945568,45.75849523,40.47454529,38.80658479
Equatorial Guinea,GNQ,Trade (% of GDP),NE.TRD.GNFS.ZS,,,,,,,,,,,,,,,,,,,,,,,,,,,,,,,,,,,,,,,,,,,,,,131.0244718,118.5327824,134.0837899,128.6880066,122.2120771,144.668225,114.3773466,116.6754225,106.8932849,104.3791987,98.87805917,92.60073072,102.4282583,103.6456816,94.87879243,77.92788464,76.9666486,81.81301614,61.44328152,60.5414511
Greece,GRC,Trade (% of GDP),NE.TRD.GNFS.ZS,23.84035752,22.99132639,22.47342453,23.68485838,23.6523337,23.94576554,24.2945973,23.56645423,22.96704024,22.62760404,22.45739003,22.66834621,24.62112474,30.86463462,34.55354752,34.40316802,33.97357413,33.76281682,32.28801903,34.64205697,43.4793555,46.0059446,40.77850287,40.1030046,39.84929223,39.33495017,41.56427828,41.26012646,38.5985549,39.70769134,39.03573063,37.54151859,37.7870756,36.03303017,35.22023023,36.12563534,36.82092926,39.43854865,42.48989596,48.17603703,59.11265775,56.85763396,50.05333719,47.89431216,49.82531767,50.35553344,51.10474658,54.52568182,57.10528363,46.3779594,50.9225182,56.29299579,62.39421174,62.95472722,66.43353645,65.27164546,63.65754909,70.88249674,79.23799086,80.59009495,70.29374646,88.01266545,108.1218432,92.47108829,89.77652794
Grenada,GRD,Trade (% of GDP),NE.TRD.GNFS.ZS,,,,,,,,,,,,,,,,,,,,,,,,,,,,,,,,,,,,,,,,,,,,,,,,,,,,,,,,,,,,,,,,,
Greenland,GRL,Trade (% of GDP),NE.TRD.GNFS.ZS,,,,,,,,,,,,,,,,,,,,,,,,,,,,,,,,,,,,,,,,,,,,87.29719728,88.15243573,99.70792655,89.69385624,94.96705396,107.3732213,85.75736574,110.4723682,130.5479424,100.9784011,95.91166816,87.08858379,83.10138101,85.83767292,84.20725587,89.77669063,92.19075156,82.65950289,83.68385723,93.36513288,91.89009944,
Guatemala,GTM,Trade (% of GDP),NE.TRD.GNFS.ZS,27.1751655,25.4481309,25.20986359,30.21856193,33.47702513,36.39777951,38.07435105,35.72067423,35.15057436,35.23376677,36.34978992,35.98347441,37.44348736,41.086718,48.07211919,45.25631531,49.15584042,50.7125262,48.73818078,47.19960458,47.10548695,40.69125737,33.47481818,27.546959,28.1531148,24.93224559,30.64401925,38.14296343,38.03991399,39.78154615,45.86948547,39.52025622,45.36224907,43.77892815,42.3708927,44.68943034,40.39295296,41.55195116,44.42373996,46.36050685,49.1455879,70.66903318,67.10481152,67.00233919,70.21487236,67.10369961,67.91192374,69.00136431,65.17873052,58.04068697,63.12519257,65.04705104,61.95941934,56.68524902,55.08327359,49.89345177,46.37273447,46.06940335,47.01168527,45.51673415,41.14075945,49.26114946,54.43103848,48.29707075,47.34419676
Guam,GUM,Trade (% of GDP),NE.TRD.GNFS.ZS,,,,,,,,,,,,,,,,,,,,,,,,,,,,,,,,,,,,,,,,,,,68.88626989,64.023536,68.00206772,66.43721813,72.77017461,79.46327041,78.27393731,72.01739851,72.0347545,77.78892456,76.75213675,79.5332469,78.3600713,71.33988619,70.41179461,69.26658906,72.96314659,78.06451613,63.67478026,61.83830606,71.86685962,,
Guyana,GUY,Trade (% of GDP),NE.TRD.GNFS.ZS,105.688828,105.0533584,101.5260323,109.0607368,110.6319257,112.9103448,115.149177,117.234893,113.3841132,114.6811071,113.4615385,113.1005141,116.2356082,121.0763027,134.7648476,149.7852632,157.0812428,141.9756379,126.1812732,129.0325013,174.9270491,161.2335793,122.8630705,110.4564033,95.52013857,109.9692308,99.51613362,170.3309246,131.5611438,139.8741659,142.5662308,222.6090897,274.9731159,245.3694388,222.0678427,213.3271704,211.3375325,209.1366716,203.8424315,201.0593148,206.7673705,199.5770007,196.7250784,189.1624856,200.7252869,194.3507573,,,,,,,,,,,,,,,,,,,
High income,HIC,Trade (% of GDP),NE.TRD.GNFS.ZS,,,,,,,,,,,30.86126578,30.76831945,30.77297192,34.11426673,39.16205266,36.91974927,38.23419744,38.74390953,38.22879349,40.52108493,43.03342499,43.33631272,41.65327641,40.7716228,42.50162472,41.7739794,38.97796164,39.31223935,40.10544759,41.17022876,40.938463,40.29997152,42.9279265,41.22896489,42.17574117,44.47395164,44.76276429,46.5373022,47.05697717,47.78753544,52.01853016,50.64091984,49.47731988,49.76356064,52.47245412,54.66971298,57.43270102,58.53173416,61.08416361,53.24771269,58.17614047,61.90007122,62.24228597,61.94040594,61.84265447,60.09101979,58.41073601,60.22990364,61.44932522,60.58885267,56.10432222,60.61045937,67.38917589,63.0258324,60.83280443
"Hong Kong SAR, China",HKG,Trade (% of GDP),NE.TRD.GNFS.ZS,,173.6820926,165.0051802,153.2751511,153.5077389,141.0879381,155.3493908,156.6009693,175.0438517,181.1133405,178.6722064,174.5099509,160.8325831,164.5292424,168.4758679,161.2071225,168.2041295,160.1904918,170.1545779,177.9707341,178.0070882,182.5847746,169.1732354,186.3292234,199.9114477,197.8002934,200.3073083,215.1272893,231.3403823,225.1955986,226.0002403,231.865134,240.1328163,233.9691303,237.4279971,256.8982651,244.8537644,233.4402946,221.1332845,220.2723131,247.6540204,240.8489776,255.9964574,292.4546559,326.8410546,342.6892095,359.2086612,362.1494636,376.6568062,348.3975543,404.7705609,421.8547066,430.5685304,442.6200191,425.9758717,389.4059493,371.7272318,376.7956667,376.8927735,353.7435211,350.679705,402.4596815,384.8811432,353.0075001,359.5067107
Honduras,HND,Trade (% of GDP),NE.TRD.GNFS.ZS,36.35025754,38.43632029,38.73603155,53.71273713,56.3187278,65.28684433,71.77634906,72.22851055,74.91569072,71.67219327,74.9391862,69.79498148,67.48168631,80.08065231,96.07401448,92.267208,92.26388976,97.09580681,93.82324066,97.29389327,99.01080266,85.26614884,65.7936179,66.91880069,70.53400829,67.48261442,66.78353626,60.56161439,68.83042834,79.5974815,94.22249139,89.59351247,84.75845943,98.24846654,114.4381139,114.5376475,122.7251127,121.4661902,122.696707,121.5021056,120.3921646,115.9430717,117.9974545,122.2482772,135.4617587,136.489768,133.1318351,135.0706349,135.7489552,96.90500602,109.4418382,122.2169026,121.1882158,116.3060492,112.9750973,107.2644054,99.81571695,101.8131111,103.5511622,99.45997799,88.00085638,103.3726435,112.6985249,98.79197983,91.11015859
Heavily indebted poor countries (HIPC),HPC,Trade (% of GDP),NE.TRD.GNFS.ZS,,,,,,,,,,,,,,,,,,,,,,,,,,,,,42.23700216,44.22896571,42.74987828,42.61306453,44.34087742,44.90197117,51.72686895,52.61598784,52.20128925,51.04437244,51.94529023,50.52122196,53.56153123,52.8976659,54.94514393,55.81418083,58.50017434,60.13707434,57.18251016,61.12103815,62.81485839,57.26224677,61.36430103,63.4586803,63.3430134,59.76035205,58.58086701,56.22441836,53.49248244,52.35029933,53.90211965,53.21509624,47.36028014,51.05498075,55.97361056,52.3169494,52.07035775
Croatia,HRV,Trade (% of GDP),NE.TRD.GNFS.ZS,,,,,,,,,,,,,,,,,,,,,,,,,,,,,,,,,,,,62.80426535,67.05425059,74.8841745,64.98432966,66.26377437,74.60168547,79.4405856,81.1609978,81.44325144,81.64441266,81.49233557,83.51708359,83.26221038,82.07907911,69.70155789,72.64670399,77.78395281,79.00754931,80.9188132,85.21662413,90.65227055,92.13920094,97.24452565,99.08485464,101.3947666,89.54805231,102.3286972,125.410878,107.278314,104.9123261
Haiti,HTI,Trade (% of GDP),NE.TRD.GNFS.ZS,,,,,,,,,,,,,,,,,,,,,,,,,,,,,48.77835906,40.56313257,46.41485432,39.80749018,32.53768844,48.75226664,31.13363998,37.84781906,40.22337985,36.89404881,36.5207867,41.94847951,27.15352206,27.56993302,24.93967848,37.19734344,33.78097035,34.9651045,37.05707041,34.28254896,36.14503815,33.09649982,44.72152413,44.1635704,40.2582415,40.33250976,42.35152591,41.94573812,41.41090222,42.07454779,45.1385763,44.56871878,37.41388013,37.04655946,36.52955028,30.7854237,22.24788537
Hungary,HUN,Trade (% of GDP),NE.TRD.GNFS.ZS,,,,,,,,,,,,,,,,,,,,,,,,,,,,,,,,58.20526416,55.2935236,53.41353607,56.30599459,78.17589159,83.02198064,94.68791015,107.3193351,113.8695328,137.2623131,130.9037142,118.2693352,116.7870885,123.6156861,128.0048106,149.2315316,155.6014324,158.4532241,145.3058773,157.8389601,166.7543472,166.1756986,164.4760248,168.3583551,167.2907385,163.9719445,165.0328558,162.7008588,159.9255565,154.5270029,159.1875273,185.0002041,158.3857475,146.5045615
IBRD only,IBD,Trade (% of GDP),NE.TRD.GNFS.ZS,15.54989824,15.20369155,13.53007061,14.91313314,14.45310476,13.76145684,14.8628514,14.11318941,14.20882903,13.8116695,14.58972019,14.86015977,15.51760481,17.82380142,22.13285712,21.38553965,20.95673985,21.02743459,23.30764636,25.24953195,28.74271516,29.75838922,27.05380637,26.35138676,26.88189833,27.04234914,25.39026222,28.68560966,32.78861496,32.37451633,32.42687082,32.66985018,41.76715549,40.66406481,40.18788333,40.81963941,40.32690264,42.14153825,43.54740198,44.34652994,48.75278032,47.6852567,50.00231411,54.40239796,59.30468231,60.91853419,61.79555977,60.553029,60.25735983,50.51068933,53.79072848,55.46659579,54.25792925,53.04418805,51.77534132,48.44634697,46.4759642,47.85464528,50.13543028,48.1269431,45.38410487,50.69520821,53.74455313,49.41897562,49.34606709
IDA & IBRD total,IBT,Trade (% of GDP),NE.TRD.GNFS.ZS,16.548102,16.04830998,14.41781859,15.79368316,15.37592441,14.76810539,15.73807079,15.01896601,15.1086715,14.6964711,15.53574827,15.74405251,16.32123846,18.69593001,23.01911375,22.24700708,21.87392035,21.91476594,24.13061487,26.09354603,29.58876483,30.43420098,27.71146271,27.02568153,27.50625532,27.66438654,25.98708287,29.13061617,33.07843016,32.71715994,32.78202159,33.04618758,41.82679477,40.90574642,40.61951898,41.3528181,40.84213878,42.5890212,43.84793196,44.56502999,48.82261548,47.83006203,50.04059585,54.26780232,59.03523057,60.61147063,61.43984368,60.34892827,60.18492383,50.60967005,53.75464414,55.48956567,54.28409043,53.01909883,51.73991936,48.4236979,46.41025611,47.77123033,50.09334122,48.16151357,45.30621558,50.52337646,53.62077523,49.36653483,49.23349783
IDA total,IDA,Trade (% of GDP),NE.TRD.GNFS.ZS,32.09331432,,,,,,,,,,,,,,,,,,,,,,,,,,,,,,,,,,,,,,,,,,,,,,,,,,,,,,,48.00458176,45.19434214,46.21963101,49.31044374,48.80455798,43.87800099,47.37258895,51.33267969,48.39051174,47.10911935
IDA blend,IDB,Trade (% of GDP),NE.TRD.GNFS.ZS,29.95369334,,,,,,,,,,,,,,,,,,,,,,,,,,,,,,,,,,,,,,,,,,,,,,,,,,,,,,,,,,,,,,,,
Indonesia,IDN,Trade (% of GDP),NE.TRD.GNFS.ZS,24.09021015,24.67560094,10.56100667,18.41810022,25.31716549,11.01223113,34.85280152,25.64284029,26.44632041,23.8410596,28.68263473,31.0620915,35.41191937,39.53416057,50.41837878,44.52125766,43.00658835,43.57019994,42.71476304,53.65553592,52.65404648,53.17730024,48.67622743,56.55923666,50.11061998,44.71837231,41.00953817,46.97424788,47.25456142,49.08188369,52.89186144,54.83956488,57.42743411,50.52338589,51.87710105,53.95859006,52.26474366,55.99385881,96.18619236,62.94391286,71.43687592,69.79320753,59.07946177,53.61649375,59.76129484,63.98793587,56.65712681,54.82924998,58.56139963,45.51212137,46.70127388,50.18001318,49.5828983,48.63737268,48.08017559,41.93764024,37.4213418,39.35549707,43.07430896,37.62777754,32.9721754,40.20475827,45.4646702,41.33628687,42.5726473
IDA only,IDX,Trade (% of GDP),NE.TRD.GNFS.ZS,,,,,,,,,,,,,,,,,,,,,,,,,,,,,,,37.62538579,38.66789166,40.94724398,44.3616187,48.22594897,51.80277656,51.66261846,51.13744035,50.73862677,51.14394328,54.83498564,53.4245751,53.49297167,53.47300323,55.84219178,57.91592898,56.90294945,59.42788054,60.95112397,54.58212806,57.21304005,60.8583944,60.99128361,58.91825153,57.61951039,54.04070957,51.14735379,51.70758411,54.05868754,53.27184837,47.99786746,52.21419445,55.00140023,51.97793034,50.83873429
Isle of Man,IMN,Trade (% of GDP),NE.TRD.GNFS.ZS,,,,,,,,,,,,,,,,,,,,,,,,,,,,,,,,,,,,,,,,,,,,,,,,,,,,,,,,,,,,,,,,,
India,IND,Trade (% of GDP),NE.TRD.GNFS.ZS,11.29683311,10.26116259,10.20079018,10.18733784,9.41054892,8.51903437,10.81423751,9.981062668,8.981744476,7.744776643,7.661769338,7.669606558,7.736399597,8.932096019,10.85189025,12.29397821,12.80120307,12.64810114,12.90301184,14.91880453,15.38457685,14.50726476,14.12592775,13.69059389,14.00937594,12.90003619,12.2192719,12.58481404,13.49045012,15.16813209,15.50626151,16.98772655,18.43309904,19.65153979,20.07814438,22.86744871,21.92948787,22.61938687,23.69947008,24.81559804,26.90092291,25.99325475,29.50866294,30.59243613,37.50381406,42.00166961,45.7244805,45.68626868,53.36822044,46.27286964,49.2552065,55.62388001,55.79372173,53.84413195,48.92218575,41.92291387,40.08248571,40.74249695,43.61696933,39.90540353,37.75810533,45.42308878,50.07527015,44.99284229,44.64929351
Not classified,INX,Trade (% of GDP),NE.TRD.GNFS.ZS,,,,,,,,,,,,,,,,,,,,,,,,,,,,,,,,,,,,,,,,,,,,,,,,,,,,,,,,,,,,,,,,,
Ireland,IRL,Trade (% of GDP),NE.TRD.GNFS.ZS,,,,,,,,,,,74.42604456,72.2038427,67.62917242,75.23564201,90.67666017,83.04667813,91.23842968,97.99984538,99.71217238,105.2991404,102.3031031,100.9745741,93.96964726,97.73645922,108.3054514,107.7613547,97.12546969,100.7442009,105.2184131,112.4653166,105.029426,106.4402139,109.5454484,116.6026801,126.4889014,136.1031244,138.8681185,142.2694422,157.7723682,159.8709748,174.9545181,174.8407111,163.7193294,146.531474,146.5874964,148.1755643,150.0217858,153.3968471,160.0394201,173.5914749,190.0802728,186.3048792,190.3556823,199.7425862,211.181602,223.7029383,239.7085278,233.3040833,222.453716,257.6527729,258.780437,231.0323509,237.7554196,239.6496276,246.1698749
"Iran, Islamic Rep.",IRN,Trade (% of GDP),NE.TRD.GNFS.ZS,31.23754167,29.59524352,28.17599996,27.79091328,32.72864981,32.62603557,33.90697887,36.95543839,37.99193979,39.07814317,39.66701455,44.42802951,44.45344987,54.09788692,71.40468811,76.11562343,65.43508113,59.88807836,45.69456564,42.80582678,42.48267387,40.31310614,38.06351688,38.73011352,27.93413761,23.17239114,14.1448539,17.88485314,21.58397884,27.93502571,37.0805677,44.19417165,40.39792725,46.04086432,41.6091364,35.14424492,35.22129915,32.64955811,29.22821965,34.88541413,41.25724746,40.53556648,48.17268655,50.67910578,51.31385733,54.44049526,53.16735871,49.88730692,48.22940277,43.69958022,43.77064374,41.21941479,44.08934668,47.08671792,45.35142014,39.42258866,39.87724177,43.15569314,56.61534961,48.59177121,43.88446749,42.67237954,48.91835082,49.3935501,52.06213068
Iraq,IRQ,Trade (% of GDP),NE.TRD.GNFS.ZS,,,,,,,,,,,57.52197286,66.64959016,58.40817817,70.93621399,92.6137199,94.90224694,93.28247187,97.03151139,88.32692034,93.61702128,95.04968074,93.91199358,92.78944843,57.55249188,55.32784914,54.96143034,42.93884794,49.34943182,42.49956258,44.83508837,15.12628182,3.79114097,1.921145633,0.544696684,0.099582362,0.020999232,0.026888483,106.1881699,132.2431605,138.3146012,125.3365956,126.780256,119.7620477,154.2345253,120.2339771,115.7425403,89.65051986,74.09285311,81.05554327,78.68737882,73.49747962,72.17132822,73.60868459,67.41001841,68.98248686,69.5917686,54.58832019,59.78091239,65.80179177,68.98993842,57.7423164,61.50326831,68.75879409,69.4613208,70.70874347
Iceland,ISL,Trade (% of GDP),NE.TRD.GNFS.ZS,,,,,,,,,,,84.12847976,77.5205672,68.47357565,69.76091777,69.15999413,71.44993662,65.49521924,63.5139092,66.80788706,71.24444271,67.6691586,67.41652144,65.86679304,73.61580783,72.51846937,76.58357779,69.90034983,66.36005238,61.41606137,61.78693265,62.91176848,60.87026808,57.857007,59.47908084,63.28862332,64.30059492,68.69552978,69.25979236,70.76763953,68.47258085,70.2477742,73.93953258,68.71083147,67.40099875,69.73262045,71.21067939,76.63085377,73.62496688,81.90274819,89.00144406,92.49015281,100.1332526,102.4331371,97.69802219,95.28791942,94.88880275,87.7600166,86.35853369,88.93499697,83.79236595,68.65502335,76.23172499,93.04871996,87.40494191,85.96719327
Israel,ISR,Trade (% of GDP),NE.TRD.GNFS.ZS,,,,,,,,,,,58.28046447,58.98580711,55.94977292,64.71289179,61.21668024,66.56644066,67.33212986,70.449251,85.97912595,79.21187577,79.97479348,79.33434594,69.26552547,63.56193252,70.27627994,75.66827693,66.30793435,69.0354939,60.25184676,62.8993142,60.8974222,55.71808119,54.90725155,60.01407044,59.78775968,59.38940717,58.13113577,57.56744526,56.90446668,64.73958563,68.34685904,62.13958476,65.47110541,66.88175037,74.97319953,78.32426138,78.43528897,78.8371063,75.38092231,61.67564796,65.63307987,68.90943785,69.96502508,64.13405113,61.71335412,58.89797192,57.79903169,56.28011425,58.74375424,56.32534864,51.23667379,54.9016842,60.64485267,57.99032071,54.4520003
Italy,ITA,Trade (% of GDP),NE.TRD.GNFS.ZS,,,,,,,,,,,30.02963364,30.32619352,31.74963157,33.98633503,40.70906874,37.31444543,41.09743075,41.71341604,41.17329193,43.60990724,42.87384085,45.17791208,43.40824199,40.09727776,42.33808671,42.539111,36.0801894,35.48083251,35.03036369,36.96756661,36.23822767,33.80053396,34.83342762,37.67240196,40.36200261,45.57950266,42.80204905,44.4771652,44.99787427,44.52984023,50.27473115,49.86327232,47.87131868,45.99408598,47.26639239,49.12217423,52.92354296,54.82804156,54.2142549,45.14147657,51.66211181,54.47221494,54.88449527,54.03418463,54.45452993,55.43568581,54.4321467,57.58299403,59.27498351,58.69419026,53.9394839,60.30197762,72.0165023,65.10717788,62.82376851
Jamaica,JAM,Trade (% of GDP),NE.TRD.GNFS.ZS,,,,,,,,,,,,,,,,,,,,,,,,,,,,,,,,,,,,,,,,,,,,,,,,,,,,,,,,,,,,,,,,,
Jordan,JOR,Trade (% of GDP),NE.TRD.GNFS.ZS,,,,,,,,,,,,,,,,,112.1650212,116.0341831,113.2905822,121.4656489,125.6931925,142.1855585,134.8948549,117.1386992,118.6259622,115.9139348,81.83887525,90.78147549,108.1247872,130.4473304,149.4476839,137.2616633,131.6446986,130.4852332,118.3361761,124.5826882,131.0591233,120.7371129,109.0524029,104.4703736,110.3289046,109.2854786,114.0388578,115.7068353,134.6216119,146.9088913,141.7473818,145.9942463,140.912926,112.1519982,114.2226777,118.6996795,117.8555877,111.451528,109.9388055,95.35791223,88.7207179,89.73160051,87.63591519,85.6878335,66.05994881,80.33286994,104.0954594,100.3478688,99.67944774
Japan,JPN,Trade (% of GDP),NE.TRD.GNFS.ZS,,,,,,,,,,,19.15050277,19.49499796,17.75970795,18.88818281,26.33282771,24.07543885,24.78825845,23.12713588,19.30824166,22.65242772,26.6493645,27.04683159,26.72291269,24.51719282,25.80350093,24.11126123,17.79909151,16.78878462,16.88851475,18.54151374,19.33571373,17.75945125,17.01806882,15.72333913,15.81030623,16.39010493,18.25386823,19.78351762,19.00318622,18.12563072,19.56237158,19.55960447,20.44712207,21.32612527,23.66435342,26.22995458,30.0163761,32.81657805,34.12947654,24.39016653,28.49847269,30.19496073,30.47091092,33.97876865,37.43143457,35.42740835,31.31024685,34.42321357,36.6099318,35.21641811,31.33520864,36.73844623,46.81298684,45.15087956,46.40695162
Kazakhstan,KAZ,Trade (% of GDP),NE.TRD.GNFS.ZS,,,,,,,,,,,,,,,,,,,,,,,,,,,,,,,,,149.3366418,84.63452186,84.18173901,82.52240704,71.27357329,72.3595507,65.20418275,82.57915136,105.6996926,92.84906851,94.03168565,91.46333243,96.4091997,97.76250302,91.4535268,92.1616331,94.29480465,75.76606746,74.1382659,73.11785705,73.72373249,65.40760933,64.97203465,53.04972881,60.31159659,56.82538794,63.52795651,64.85861655,57.02644237,58.66860858,68.33431474,62.33428377,57.1613432
Kenya,KEN,Trade (% of GDP),NE.TRD.GNFS.ZS,64.76585106,63.84712143,62.16296315,60.99571232,62.60164409,62.09317118,63.28443577,57.83734666,58.69817098,57.61735624,60.48964482,63.82846302,55.31490832,56.06284868,74.57340436,64.33526782,64.20610897,66.55196516,67.62354066,57.36417475,65.41679594,64.28018576,58.21573715,54.16270539,58.80389758,55.44543455,55.74138559,47.70276801,49.97498209,53.15637722,57.02091368,55.59769922,52.9308701,72.85848136,71.26612523,71.74574164,57.3121107,54.05711686,48.89724194,48.19227499,53.30904439,55.94683603,55.17267226,54.1322659,59.47700335,64.47886616,55.23648513,53.8947888,57.57859865,45.94519181,50.39428735,58.40220597,51.62369202,47.46464251,46.17048936,40.32738469,34.86501957,35.99505788,34.41475318,31.75946184,30.39913878,35.00204778,40.27532384,41.11109042,40.186014
Kyrgyz Republic,KGZ,Trade (% of GDP),NE.TRD.GNFS.ZS,,,,,,,,,,,,,,,,,,,,,,,,,,,,,,,78.73831776,72,83.19169027,74.70633275,73.83020501,71.82426866,87.29577381,84.4771343,94.50929453,99.19949122,89.43093163,73.74691237,82.92072902,83.93278281,93.81573216,95.08400463,120.7499818,137.0583878,146.1060822,133.3791532,133.2328505,136.1798404,139.6759378,134.0267856,125.1261811,110.9615707,105.823574,100.6174458,98.8755599,94.43028235,78.99227843,100.2613769,133.786718,132.3734039,127.6505778
Cambodia,KHM,Trade (% of GDP),NE.TRD.GNFS.ZS,,,,,,,,,,,,,,,,,,,,,,,,,,,,,,,,,,48.72425778,64.46803195,77.76672805,69.1615668,78.93464446,75.619473,94.17688808,110.3971253,111.7717412,118.2695621,120.0749691,131.3514811,133.5519653,140.3487343,133.7000238,130.3935107,102.287949,109.9984006,109.7905052,116.7402334,124.8875528,124.4549085,122.1095968,122.7045556,121.1554513,118.4376554,115.7366791,122.1053963,146.1798465,145.8736328,134.2068424,143.4470097
Kiribati,KIR,Trade (% of GDP),NE.TRD.GNFS.ZS,,,,,,,,,,,,,103.2494338,113.6380778,115.2449384,117.9804888,113.8857382,116.2315854,125.0139433,149.4638879,113.3030962,122.8722602,115.3875291,107.3465897,112.2548461,92.86575764,91.56817104,159.2195,122.0360053,130.515095,151.0717028,134.2088416,111.7726587,98.15986657,82.94575587,101.9578815,86.68363264,93.81619115,85.01463472,100.6171135,94.16652413,110.7847331,125.6254961,103.9289652,101.3597021,123.5942686,94.04680814,96.1590423,95.44192476,97.63603249,85.69724853,93.43139389,96.12870924,96.78140028,104.18798,109.8891125,111.2697977,100.561254,83.36643112,98.31404218,78.40521343,74.50054301,107.685878,107.6037785,
St. Kitts and Nevis,KNA,Trade (% of GDP),NE.TRD.GNFS.ZS,,,,,,,,,,,,,,,,,,,,,,,,,,,,,,,,,,,,,,,,,,,,,,,,,,,,,,,,,,,,,,,,,
"Korea, Rep.",KOR,Trade (% of GDP),NE.TRD.GNFS.ZS,14.55342903,17.92670848,19.40136054,18.52207294,17.25622058,21.31931166,26.46921859,28.56064039,32.52447102,32.78512212,32.2464025,35.29496444,37.53502698,50.81557626,54.55609222,53.04136707,52.96470652,52.96818143,53.25064927,53.51626275,64.22888723,65.73219375,58.95100395,56.60618352,55.99894522,51.32713759,58.42157275,61.11093366,56.93288703,51.32781984,49.19037349,48.2898599,47.20682425,45.42161808,47.74182421,51.39673379,51.61345212,55.89494774,66.32898511,57.89485789,64.05881557,60.42773866,56.6688768,59.42429455,67.92706388,66.16951482,68.37495094,71.3239615,92.0833545,83.12460991,88.02786771,101.6806165,101.5172721,94.16752359,86.9342578,75.38817746,69.89972213,73.19214083,74.70751621,71.44706324,65.54495786,75.30630476,90.58514753,82.25800907,84.64249512
Kuwait,KWT,Trade (% of GDP),NE.TRD.GNFS.ZS,,,,,,90.78771696,90.04683841,87.9587156,87.80231335,92.41658241,83.93257332,85.01230895,89.26229508,94.10261206,98.80147125,106.4812158,110.4877959,115.4691083,110.4049903,106.7867557,112.6469419,107.9761786,106.8686318,108.4815465,104.7540957,96.41950158,94.19909807,89.66314668,90.50440121,93.77143755,103.0110002,142.6129543,94.68806497,92.0570352,93.18428428,94.31962435,91.47214474,92.44354655,94.95984317,85.36811455,86.6183245,86.85046729,81.22519413,86.55517551,89.29764168,92.24268009,89.7130932,91.73250339,92.68345625,88.81106499,97.02802166,99.11649276,101.0114351,97.60549133,100.0371898,98.69998845,96.15767238,97.84004646,102.7856307,91.68571239,82.01251013,82.00193946,90.9204117,96.07978816,
Latin America & Caribbean (excluding high income),LAC,Trade (% of GDP),NE.TRD.GNFS.ZS,18.54557607,17.72393064,16.36688046,20.20906056,16.93329138,16.91239804,16.93886326,16.30812678,17.24314115,17.6018943,19.23598818,19.17346291,20.00862397,21.01386745,24.07778691,21.72018712,21.73459637,22.24800517,21.91560053,23.39003315,24.71179204,23.7612296,22.74000858,25.51413965,25.86132793,25.21381206,24.09019573,24.70360769,28.09967817,26.78881059,27.2510901,26.57644126,27.54734683,25.78244732,26.34534942,29.62496046,30.22476444,30.59816945,31.00190131,32.67847083,34.24345837,34.58521663,37.07429394,38.72066763,40.59970585,39.99901045,40.59519825,40.55198042,42.16537762,36.86462348,39.23483772,41.38372001,41.57290773,40.91814774,40.35277422,41.58080413,41.74619889,41.90886388,45.61606783,44.99757252,45.0877733,51.94110473,55.08845445,47.71634729,48.69968037
Lao PDR,LAO,Trade (% of GDP),NE.TRD.GNFS.ZS,,,,,,,,,,,,,,,,,,,,,,,,,9.105691323,13.80281748,11.31516581,20.11554537,45.52810663,44.126832,35.84720848,38.18232164,44.13075861,52.62881201,64.80927,60.55446614,63.75717361,65.15697077,84.26954051,80.05845617,68.83730137,65.89943688,67.25490285,60.57209588,66.07975162,71.79264627,81.96137542,79.2126289,81.84918209,76.93082622,84.72033789,91.69869587,98.18512643,98.17914662,99.05973829,85.7983217,75.09189092,,,,,,,,
Lebanon,LBN,Trade (% of GDP),NE.TRD.GNFS.ZS,,,,,,,,,,,,,,,,,,,,,,,,,,,,,,109.9250886,117.905808,92.45467201,82.84425645,76.35107472,70.27211547,73.13538699,68.09661276,62.08659794,54.7171976,50.81417077,50.11529593,55.55680836,51.04253256,54.09083402,90.97279703,92.76265627,91.06939703,97.96770797,106.6256732,90.39783886,95.09665294,102.1398824,88.54550192,86.17432859,79.81715659,71.83904263,67.72361779,68.45542926,68.2573073,62.98091601,50.12980429,78.8286204,114.8882783,104.2064101,
Liberia,LBR,Trade (% of GDP),NE.TRD.GNFS.ZS,,,,,,,,,,,,,,,,,,,,,,,,,,,,,,,,,,,,,,,,,,,,,,,,,,,,,,,,,,,,,,,,,
Libya,LBY,Trade (% of GDP),NE.TRD.GNFS.ZS,,,,,,,,,,,,,,,,,,,,,,,,,,,,,,,70.79780086,64.59637011,56.05806519,59.79211316,53.15240293,51.5917603,52.54515599,48.63241218,40.25270758,34.80163011,45.28109377,43.17344961,78.85975704,90.61273052,96.12933208,90.86088969,97.73810112,102.7323155,103.242158,107.6209305,98.07721307,63.00543529,98.22431892,106.3343609,76.52488264,56.90490733,41.11017606,47.54896619,63.7811336,78.99396919,50.97579344,164.28407,156.3216847,159.4338253,128.8161758
St. Lucia,LCA,Trade (% of GDP),NE.TRD.GNFS.ZS,,,,,,,,,,,,,,,,,,,,,,,,,,,,,,,,,,,,,,,,,,,,,,,,,,,,,,,,,,,,,,,,,
Latin America & Caribbean,LCN,Trade (% of GDP),NE.TRD.GNFS.ZS,21.72891548,20.88327285,19.67279425,23.06657488,20.18047322,20.30062734,20.25517072,19.6455331,20.48854211,20.9320225,22.18898282,22.65164693,23.39635806,24.70609896,29.19856394,27.44818478,27.08987897,27.97303004,27.49755425,28.85911399,30.07599718,29.07589143,27.7056397,29.23939761,29.88241117,29.36309897,28.37819078,29.17315056,32.36154992,32.19790255,32.94304032,32.25358309,32.90267302,31.07200363,31.51360083,34.36171409,35.39018216,35.55059702,35.41277374,36.62432475,38.55212163,38.66388305,41.19984012,43.12561837,45.38757204,45.40054971,45.9540681,45.95579675,47.69955698,40.94007977,43.56802597,46.01585038,45.57368734,45.18832186,44.65083924,44.98776816,44.03238709,44.33916955,48.19590888,47.71283935,45.97700005,52.61802791,56.05550331,48.74882997,49.51026515
Least developed countries: UN classification,LDC,Trade (% of GDP),NE.TRD.GNFS.ZS,,,,,,,,,,,,,,,,,,,,,,,,,,,,,,,,,,,39.12405887,43.00940067,41.10816241,38.68282805,39.93918801,39.80304581,40.52155641,40.97433937,50.44314423,50.29391349,51.62089505,55.17694158,55.19294329,59.92459799,63.7796252,58.81725615,58.33399491,60.37914685,59.0169463,58.56014836,55.8805334,50.50462189,46.91820048,47.03038801,51.46194379,50.56703537,46.47107561,50.67930635,51.1776653,48.60386616,47.22008808
Low income,LIC,Trade (% of GDP),NE.TRD.GNFS.ZS,,,,,,,,,,,,,,,,,,,,,,,,,,,,,,,,33.06848159,35.04842939,33.85967091,41.26677625,44.52834658,45.07364219,39.75858877,42.38677298,41.00501741,41.05411479,38.92597072,45.91440279,46.58170079,48.60631176,50.57141859,50.39643424,53.54725539,57.72290872,52.14959825,54.15090649,54.18063226,51.94906281,52.76548662,50.83976948,45.41656412,48.5507452,51.77462726,56.4951993,54.42009238,51.02540072,55.69821119,54.75461575,52.6715631,55.57017766
Liechtenstein,LIE,Trade (% of GDP),NE.TRD.GNFS.ZS,,,,,,,,,,,,,,,,,,,,,,,,,,,,,,,,,,,,,,,,,,,,,,,,,,,,,,,,,,,,,,,,,
Sri Lanka,LKA,Trade (% of GDP),NE.TRD.GNFS.ZS,62.86589331,56.02297322,56.99396925,53.24937922,51.33726182,51.39782286,48.21878374,43.76452363,44.21013343,43.00983326,54.05444965,51.22419929,46.22548698,49.90762878,60.32981364,62.44873387,60.42777208,63.97121433,74.31618423,79.46437093,87.01730125,76.99547085,73.61393821,67.76013355,63.54766953,63.97721324,59.04755006,60.88866071,62.91320918,64.0169756,68.24391517,67.59591239,72.80375656,77.14751834,79.4307907,81.63504909,78.87396371,80.13755331,78.49498913,78.75147835,88.6364417,80.89860153,76.33513178,75.33624733,79.4829449,73.60397296,71.26117849,68.60651166,63.36904361,49.14914153,,,,,,46.91797081,46.47153703,47.1404098,49.80939675,49.42552389,37.08911886,41.22884633,46.68260802,43.5362303,42.39750087
Lower middle income,LMC,Trade (% of GDP),NE.TRD.GNFS.ZS,21.84530036,,,,,19.65193471,20.47344252,19.80910304,18.52947239,17.65016486,18.54147893,18.13435143,17.8814176,20.21893608,24.98046244,25.63840691,26.38272842,26.94824753,26.99292769,30.26642282,32.17803172,32.04757704,29.92074051,28.8683681,28.79192094,27.42060907,25.36900796,25.45762711,27.98535402,32.12221628,34.28763629,34.5374648,35.62801355,37.04026154,38.20941883,40.79323828,40.8965673,42.49121827,42.25643353,42.29839388,44.95883492,44.97167139,47.7291823,49.43795832,55.04038406,57.81289982,59.41564401,60.97359858,65.735172,57.14492164,57.57127243,61.76786417,60.74156558,58.85609558,55.80816345,51.23544708,48.88260735,51.42439203,54.67919116,52.25157313,47.50884077,54.12096305,60.0642338,55.55788669,54.65262543
Low & middle income,LMY,Trade (% of GDP),NE.TRD.GNFS.ZS,15.7459291,15.24446175,13.5666514,14.97568479,14.55097684,13.89318081,14.90872122,14.18242841,14.26877209,13.81318932,14.93664352,15.2026815,15.78232974,18.12648952,22.15637538,21.29382828,20.99617191,21.0143022,23.31827702,25.31250869,28.80881601,29.72234734,27.02929522,26.49951923,26.89748875,27.05445709,25.32390202,28.48491585,32.42539253,31.15301659,31.62473069,32.58067266,36.05554356,38.16842763,39.12352105,39.61873707,39.27672422,41.18725863,42.11078848,42.0330743,46.72645191,46.15130427,48.60181965,53.13491024,58.46068392,60.15758889,61.0314026,59.91298199,59.58122757,49.77032614,52.80722524,54.67651827,53.36485082,51.87626692,50.25974316,46.5474413,44.61581014,46.00699998,48.09870804,46.08880813,43.62441383,48.87638034,52.42012413,48.48230273,48.7194052
Lesotho,LSO,Trade (% of GDP),NE.TRD.GNFS.ZS,50.20242915,58.03921569,62.20735786,65.77380952,64.95956873,68.87755102,67.40740741,68.74557052,67.21348827,65.15280136,61.09979633,67.6416819,85.20900322,82.0451843,90.73170732,118.4448463,156.5420561,124.3307555,107.8515962,145.7224724,131.0919369,136.2992126,,,,,,,,,,,,,,,,,,,,,,,,,,165.0489488,161.1265906,158.8947376,150.1024355,149.7966067,150.2085754,133.3654898,126.2924754,129.7227731,136.3152477,146.3667713,144.4349555,140.5166335,141.0966051,139.1864795,142.3739811,141.5137559,
Late-demographic dividend,LTE,Trade (% of GDP),NE.TRD.GNFS.ZS,11.66797072,11.13747,10.25072484,11.57894839,10.78462933,11.84784222,11.79087646,11.54949597,11.99089433,11.72744307,12.98062268,13.11154355,13.72473399,16.12449811,19.7669443,19.12627402,18.82135715,18.75014034,22.94210575,24.56018494,29.08905788,30.43869004,26.62964535,26.01766196,27.2131796,27.90928882,26.45223362,30.38700109,34.85811598,33.34691894,33.47005941,34.16733427,46.7241109,45.55378354,44.32960221,44.37909259,43.10187441,44.1824113,44.45712472,46.98887132,51.79088837,51.6836692,53.79135895,59.43964521,65.17154683,66.80934011,68.09949638,66.89302559,65.0922563,54.90967445,58.77478653,59.9767159,58.73011709,57.71928714,56.73202482,53.73838884,51.96645555,52.85264981,53.67263774,52.57757524,51.21717592,55.39105338,57.70238905,54.3107068,51.40146038
Lithuania,LTU,Trade (% of GDP),NE.TRD.GNFS.ZS,,,,,,,,,,,,,,,,,,,,,,,,,,,,,,,,,,,,84.5445655,92.8137967,99.64948897,89.3653046,74.58473574,83.19149427,93.48713737,100.3322295,98.09140432,104.0720707,117.4496912,124.613633,116.2958103,126.7597078,105.0402512,131.6265074,149.6453069,156.6389257,156.6266379,143.2901158,138.195575,134.6904497,144.9183931,147.2021325,148.374996,135.7965656,154.8067277,175.6516122,149.041909,143.0483909
Luxembourg,LUX,Trade (% of GDP),NE.TRD.GNFS.ZS,,,,,,,,,,,160.8379859,168.2220159,155.7300397,162.0999563,180.0660677,176.0855236,166.2006939,165.3719305,161.8775524,173.3196616,173.118714,171.5063484,174.9363847,175.6281078,195.3506464,206.5701053,188.5331759,187.4309618,188.9205746,191.0118105,187.8111671,188.6639079,182.5472741,181.4026668,185.7862471,189.5444459,195.6369066,212.0887579,236.570015,239.9224996,272.4123268,270.7656304,250.6891982,244.9779461,265.2268849,284.0774769,305.8795475,307.4850201,292.2134808,263.5327015,293.6718769,308.7144539,311.7868352,320.5335063,333.4288532,351.1319744,348.4374094,353.793992,361.8654452,382.6607806,375.5813964,397.5061809,412.1771699,402.5669682,351.2679212
Latvia,LVA,Trade (% of GDP),NE.TRD.GNFS.ZS,,,,,,,,,,,,,,,,,,,,,,,,,,,,,,,,,,,,76.25000127,92.56182416,90.92615559,93.04865759,82.15055682,83.61213211,88.17682782,85.97720568,88.58155804,97.23526558,104.5171566,105.6953421,100.8809109,95.76816284,88.8320495,110.8623539,129.734758,133.2115037,129.6771849,130.0422522,126.3800144,123.3305184,128.7140033,128.2340956,125.2916317,123.883198,136.7966154,159.8927782,135.6429892,132.2625079
"Macao SAR, China",MAC,Trade (% of GDP),NE.TRD.GNFS.ZS,,,,,,,,,,,,,,,,,,,,,,,210.0941937,214.1657798,211.4397481,198.1459385,205.058239,202.0725719,195.7343911,190.9877168,175.6643625,168.524786,147.1221828,134.5738907,130.4126276,125.3660361,122.3440725,123.2656441,124.8879792,132.2567082,147.7697868,150.0235883,152.382641,150.7883955,148.9037502,136.3722219,128.7856891,130.6705988,126.6071312,113.5545926,119.9384114,122.8868687,123.7113492,121.3750762,118.5808354,119.2504368,112.8902327,115.4546626,116.5686768,115.2312989,123.4343744,171.3159708,170.3680493,145.8744673,142.0794346
St. Martin (French part),MAF,Trade (% of GDP),NE.TRD.GNFS.ZS,,,,,,,,,,,,,,,,,,,,,,,,,,,,,,,,,,,,,,,,,,,,,,,,,,,,,,,,,,,,,,,,,
Morocco,MAR,Trade (% of GDP),NE.TRD.GNFS.ZS,46.27024488,46.532038,39.11311049,38.00104159,38.62721854,35.0536193,38.33470734,38.07732226,38.53820598,37.20980573,39.21632286,36.67924185,37.79695866,42.94273678,55.74925462,55.81884595,54.64444235,54.21715802,46.43924285,46.87474816,47.34206783,57.4360558,55.34027036,52.61409502,60.36267952,59.31507463,50.28060358,49.65750551,50.13760317,50.35084475,54.62668742,49.77929548,50.26331618,49.66845661,47.31355373,51.71502538,47.09554345,51.15015465,45.67235959,48.57887649,53.44030584,53.49157102,54.31012791,52.33185827,55.55163847,61.49382769,64.67219778,71.34964678,77.83447164,62.37095602,69.54197961,76.82587149,78.2221019,73.85775653,71.89356675,67.28867593,71.12266038,74.17335788,77.25488752,75.99811588,68.84380339,75.52341718,100.9063102,93.11788442,92.18724461
Monaco,MCO,Trade (% of GDP),NE.TRD.GNFS.ZS,,,,,,,,,,,,,,,,,,,,,,,,,,,,,,,,,,,,,,,,,,,,,,,,,,,,,,,,,,,,,,,,,
Moldova,MDA,Trade (% of GDP),NE.TRD.GNFS.ZS,,,,,,,,,,,,,,,,,,,,,,,,,,,,,,,,,,,,128.0163865,129.237536,127.5604002,116.8031245,117.5279352,126.1631001,124.5007396,129.8395255,140.0565299,132.6990697,143.0235685,137.1547638,142.720539,134.4216013,110.3633269,87.9378519,98.61759653,96.30640983,95.68729683,94.22829197,88.96641546,89.00468372,88.62339028,87.44678743,87.63223711,79.26572212,88.47088654,112.1176716,93.99462115,88.66611543
Madagascar,MDG,Trade (% of GDP),NE.TRD.GNFS.ZS,26.65470908,34.10808985,32.13855811,32.70676241,33.23064101,33.21170334,40.49278214,39.0183149,40.54051418,41.22081741,40.74596697,35.47031701,32.5862074,33.12658769,35.73331512,36.74965362,32.68844265,36.4939623,41.20843917,44.96251133,30.26635841,23.53336564,21.37757425,19.28969747,23.26467082,22.43931957,21.54301778,30.12906056,30.49648289,31.76298259,32.38099237,35.75679806,33.15761777,32.86588893,43.55891794,45.37449157,35.88246017,36.87374778,37.33218701,40.92441202,42.77712266,41.03512609,50.18169194,34.03060292,48.77538189,59.13008494,62.10283894,66.70273536,74.35735396,62.4116976,57.87489451,56.4830926,52.65171408,56.36758179,61.96943221,61.22037884,60.83469848,65.34340151,67.84150467,62.60132305,49.01070737,55.21585859,70.54713441,61.13304169,54.97958814
Maldives,MDV,Trade (% of GDP),NE.TRD.GNFS.ZS,,,,,,,,,,,,,,,,,,,,,,,,,,,,,,,,,,,,,,,,,,,,,,,,,,,,,,,165.9792512,143.7205067,144.3802123,141.9121106,142.4911285,137.1252309,114.3619029,142.6072967,162.2434329,149.3499762,156.4739557
"Middle East, North Africa, Afghanistan & Pakistan",MEA,Trade (% of GDP),NE.TRD.GNFS.ZS,,,,,,,,,,,53.80284626,54.94968736,56.27582447,73.56111351,70.16637952,77.37716087,71.56685632,74.0150908,72.37909835,73.15752753,76.35179146,77.0645916,72.3518924,66.56694094,63.26333744,58.21310283,50.69252091,53.08873759,54.2353368,58.68544537,59.2776016,62.21808654,58.39913649,57.0650732,55.20826432,56.9477238,56.49608727,61.79328469,59.94595301,61.28495083,64.94600128,66.23095193,67.508202,72.95730773,76.8490758,80.82489665,81.20844175,83.71942627,86.28323105,78.60937572,76.40829184,78.62453046,80.18174626,79.16459816,77.12520705,72.51388723,68.20106952,71.0100716,73.20486243,71.49316361,67.14581912,71.05888976,78.3055019,77.1901577,58.64005702
Mexico,MEX,Trade (% of GDP),NE.TRD.GNFS.ZS,20.16920245,19.02774011,18.67784211,18.27372642,17.48649402,17.15692308,16.48486842,15.8771988,16.39158038,16.81746305,17.4122973,16.35969388,16.8900885,17.87681621,18.98111111,16.51454545,18.35707513,20.54128718,21.51074027,23.64011734,22.43461965,22.11727494,24.13401362,27.09610204,25.67241734,24.33129239,29.60622259,31.26232084,38.79033695,38.32965008,38.51969641,35.78653516,35.5534959,26.16312357,29.15847213,43.66583173,47.76782353,46.49187557,48.03188414,48.01224958,49.91040919,44.74010901,45.20982926,48.70041688,52.04062003,52.56264465,54.48211609,55.25852439,56.36528189,54.59174213,59.27338453,62.16238728,64.25793189,62.69167477,64.09840904,70.41297468,75.69030341,76.95212604,80.21266166,77.46197226,76.85455571,83.06929764,88.79848559,73.57886164,74.58890798
Marshall Islands,MHL,Trade (% of GDP),NE.TRD.GNFS.ZS,,,,,,,,,,,,,,,,,,,,,,,,,,,,,,,,,,,,106.8642602,113.2939436,107.516697,111.9508236,107.9977345,130.0831167,118.7343605,102.3205517,117.0246743,114.0231001,124.7010145,112.4085196,114.5277076,122.046794,128.8622354,144.8049659,153.2401625,157.5171002,161.9197425,149.8534946,138.4898204,116.3263627,125.1452504,128.4822727,153.0077286,107.8259719,120.0561805,128.3379755,118.4935975,123.809134
Middle income,MIC,Trade (% of GDP),NE.TRD.GNFS.ZS,15.63805603,15.12801012,13.43107864,14.82425597,14.3862742,13.74251952,14.75336673,14.00972319,14.09979085,13.64634669,14.76672284,15.03284071,15.63231427,17.99705872,22.02434663,21.17247167,20.88646513,20.91241426,23.20722108,25.17489342,28.6838556,29.63898426,26.94697743,26.42344635,26.8295467,27.00767847,25.28887421,28.45533077,32.45431993,31.16112854,31.65416966,32.57601809,36.06515663,38.2095093,39.10005318,39.56509428,39.21338662,41.20281625,42.10778312,42.04426941,46.7882032,46.22996208,48.63092475,53.20588241,58.56740814,60.26145296,61.14660681,59.98193166,59.60223424,49.74343056,52.79198716,54.68214303,53.38102674,51.86611002,50.2531189,46.56031516,44.57101501,45.93991948,48.00105249,45.99191097,43.53212173,48.79131046,52.39212381,48.43360327,48.64136921
North Macedonia,MKD,Trade (% of GDP),NE.TRD.GNFS.ZS,,,,,,,,,,,,,,,,,,,,,,,,,,,,,,,58.68703008,46.37634298,102.3839916,96.44244854,82.33506494,72.04378866,57.92314311,71.8342589,76.58748212,72.62497869,80.16014736,71.47821057,71.53348467,71.06932049,80.870485,85.84100348,92.55166647,106.092966,111.5700547,87.17675377,97.88106912,113.1919101,112.2148347,104.85723,112.537929,113.6984439,116.1854084,124.1372839,133.2152076,138.5762318,128.2412443,146.7214115,166.1473574,147.7942535,136.3248762
Mali,MLI,Trade (% of GDP),NE.TRD.GNFS.ZS,,,,,,,,35.26535221,28.31769264,30.21585562,30.67108519,33.63166893,29.59858512,33.031145,53.59387365,38.92558777,32.03685919,32.33510631,41.42655288,39.21845995,28.94763448,28.56522965,34.84505732,41.19692363,47.80573,51.77855693,43.10572266,41.06994817,37.44864493,34.61608306,38.45980849,36.15458337,37.97403495,35.78394725,44.06050234,45.08107132,38.99349677,45.04870384,39.83024509,40.53930297,44.66576098,49.32390699,46.35292274,46.89153467,44.01209864,44.91240851,49.01907734,46.89779162,53.64301931,40.54138158,48.81669537,43.18146991,49.42523562,54.60324399,51.07868219,53.57517601,53.61261936,49.49199849,50.69984625,53.99871328,56.04154744,56.71505256,61.56132749,57.53326218,49.89604143
Malta,MLT,Trade (% of GDP),NE.TRD.GNFS.ZS,,,,,,,,,,,115.5396781,114.4499566,113.984501,133.8096109,175.7219016,160.0243346,161.9055844,167.3529782,154.0856179,164.0085077,167.3400071,153.1058803,138.1594489,133.4643269,138.8945414,143.6521956,138.1595323,148.0479624,150.3181748,154.6025226,164.4837376,165.2378098,170.4653958,178.9054348,181.7019494,177.0623736,164.0985961,155.659194,157.0465088,165.1709768,189.6012193,161.3253603,162.5240762,154.5741617,155.8899183,157.5484978,182.4340556,184.8313343,185.7495238,163.5568484,178.2329553,192.0273414,199.2138651,187.4322529,181.3011271,207.1960199,213.3594732,213.047591,228.0985507,233.0704419,242.3611907,220.1656341,245.1603751,221.0618355,218.1705524
Myanmar,MMR,Trade (% of GDP),NE.TRD.GNFS.ZS,,,,,,,,,,,,,,,,,,,,,,,,,,,,,,,,,,,,,,,,,,,,,,,,,,,,,,,,,,,,,,,,,
"Middle East, North Africa, Afghanistan & Pakistan (excluding high income)",MNA,Trade (% of GDP),NE.TRD.GNFS.ZS,44.16580931,43.68461267,31.14434251,36.24828397,37.14961753,34.59604761,34.62017432,34.82122361,33.58151492,34.4355167,38.31564651,40.1954958,38.6539623,47.27249467,62.75302072,65.21652026,60.08825055,60.82691053,54.79574666,58.93404812,60.63605014,61.30159188,56.70879658,49.86142013,46.04391869,42.74848905,33.40927691,35.06634002,40.07720982,45.65057076,46.2045725,47.70241303,45.26362689,45.65376651,43.44435319,43.51805626,42.57317056,53.35484053,52.94996311,54.71180786,55.32408244,54.97809685,57.10214346,63.33486921,63.82992425,67.13956583,64.12687207,63.0367814,66.32144275,58.43834187,56.46213699,55.02060052,55.16803745,54.76459135,52.28281922,47.85826008,44.20663275,49.00913272,55.16379402,52.35172863,44.92206735,50.04546608,58.62857246,57.11989463,55.85122942
Montenegro,MNE,Trade (% of GDP),NE.TRD.GNFS.ZS,,,,,,,,,,,,,,,,,,,,,,,,,,,,,,,,,,,,,,,,,87.92520214,100.4093861,95.22940002,77.59838901,100.109655,104.6251393,118.1771294,128.8442142,132.4805407,99.82557604,98.86849925,106.7527283,108.7799876,103.7859664,100.4384315,104.1251089,104.1359546,106.7113667,111.0989355,110.0161239,87.86120271,105.7192492,125.4559378,116.8066695,109.9441045
Mongolia,MNG,Trade (% of GDP),NE.TRD.GNFS.ZS,,,,,,,,,,,,,,,,,,,,,,94.90462985,90.71632762,89.02993795,94.25124072,94.93633786,111.5713169,103.0655558,94.47149764,76.36414648,58.62189497,136.6037874,65.2956469,129.7420597,99.15729509,82.10365876,77.97407569,99.991449,107.3512108,112.2413385,121.8866098,115.8183269,118.5172531,120.2993935,131.3293182,122.3814599,112.9299831,117.8804264,121.1980134,107.8137572,103.3500317,126.9992286,109.5885643,100.3119897,109.3223119,89.65366348,101.0552372,115.9329019,126.3558732,124.3965146,112.8386476,119.0980784,136.3279299,142.8642466,138.4483791
Northern Mariana Islands,MNP,Trade (% of GDP),NE.TRD.GNFS.ZS,,,,,,,,,,,,,,,,,,,,,,,,,,,,,,,,,,,,,,,,,,,151.9470405,152.7037934,178.0991736,174.5523091,159.6969697,128.5714286,100.8519702,84.52830189,92.61576971,105.0754458,114.8793566,120.0777202,119.8317308,122.7472527,152.8455285,131.4102564,108.7624904,104.749788,78.98383372,78.88402626,93.15693431,,
Mozambique,MOZ,Trade (% of GDP),NE.TRD.GNFS.ZS,,,,,,,,,,,,,,,,,,,,,,,,,,,,,,,,49.48081333,59.33716925,55.24026857,58.74222494,63.77353603,51.02929256,43.29868197,39.00754606,45.52761314,47.9208808,50.41530958,73.30916276,70.16835995,72.05200016,72.00926098,67.34989769,66.12038218,64.9814165,67.89857277,73.83735327,84.40621193,105.9345881,109.3853766,116.3568552,98.76120365,110.3943582,105.7456407,124.6074575,105.5911714,99.90614605,112.0789645,135.2795784,106.0586134,95.65942035
Mauritania,MRT,Trade (% of GDP),NE.TRD.GNFS.ZS,,30.04761471,32.99215823,40.37869444,50.13885762,48.38067112,48.62504549,49.07292671,45.27987374,47.02312327,49.59125419,48.87720605,72.21180397,69.12927769,79.23156481,72.18533676,83.87703503,76.79854377,71.23541117,67.59842589,75.22594289,87.48510944,90.25934255,88.95438551,86.64949444,103.2859033,99.29006259,84.8996438,83.37836594,78.68979163,78.12454877,55.81685117,42.32792012,46.07630404,62.68588367,73.41694026,70.45588975,62.74956357,51.39101255,49.01693804,58.94037477,60.70121246,56.7855296,55.31802433,75.21880468,88.23509956,82.78850121,86.06405568,94.120211,82.0086176,93.42074513,98.4853296,110.7881227,102.3988242,91.61037136,77.34678649,73.15326167,78.81498018,89.14672949,93.48669414,86.77616813,88.30687376,102.0258991,92.16544451,93.59883559
Mauritius,MUS,Trade (% of GDP),NE.TRD.GNFS.ZS,,,,,,,,,,,,,,,,,106.9780021,106.8125061,97.47316356,95.80431944,111.0947547,98.58448855,95.83545891,92.40158799,99.35173085,107.5007253,112.8260732,125.3863428,132.6249475,133.9303507,135.2905007,126.6489114,120.2326995,120.8963561,120.5601759,118.1487206,126.1592125,126.107505,130.442833,128.9549913,120.6876488,128.054579,118.2304704,108.6555793,107.0276983,121.608744,124.7822802,118.6240581,113.4926639,102.4580198,111.5082021,115.552473,117.4476391,136.552118,135.0990648,133.1350691,126.310009,126.9640599,123.5389844,127.9408991,121.1252255,135.1930046,147.663795,147.3213921,145.4217003
Malawi,MWI,Trade (% of GDP),NE.TRD.GNFS.ZS,,,,,,,,,,,,,,,,,,,,,,,,,,,,,,,,,,,,,,,,,,,,,,,,,,,,,,,,,,45.30031372,43.57877349,44.19545246,41.03234294,44.59576182,43.61662486,42.4376684,
Malaysia,MYS,Trade (% of GDP),NE.TRD.GNFS.ZS,92.32867371,90.05496393,89.17904358,89.70588235,86.42970563,85.31491713,81.07658734,79.4919074,82.9328102,84.2396149,86.87970243,79.49054419,73.37552743,77.33269241,96.38638551,90.64571019,93.19565604,92.77674706,92.54605923,103.1535413,112.5872289,110.8621318,110.4586335,108.0162966,106.6297926,104.6831031,106.4977512,111.9195906,122.6242286,136.6890614,146.8882525,159.3114473,150.611221,157.9404625,179.9049427,192.1132003,181.7669825,185.6651112,209.4922028,217.5709194,220.406789,203.364636,199.3562327,194.1951291,210.3742659,203.8546446,202.5771468,192.4655064,176.6683248,162.5589705,157.9447649,154.9376846,147.8417548,142.7209915,138.3122312,131.3700724,126.89901,133.1551734,130.4026255,123.028562,116.7881824,134.0359947,146.4246048,132.5934616,137.3625712
North America,NAC,Trade (% of GDP),NE.TRD.GNFS.ZS,,,,,,,,,,,13.3822769,13.31250895,13.94535644,15.74376785,19.14628924,18.10666575,18.4578999,18.92291202,19.69395908,21.2672064,22.94507208,22.21576497,20.01951078,19.23061464,20.50671759,19.69781962,19.98584016,20.78188712,21.82742534,22.03206126,22.39170899,22.29970735,22.74990403,23.30656682,24.75538599,26.43268771,26.74873618,27.77474381,27.54345015,28.16313114,30.02606403,27.69513462,26.84729662,26.65822252,28.35360141,29.40545809,30.48232019,31.27953452,33.04006638,27.63802187,30.96543323,33.55937664,33.41992857,32.77350259,32.9537012,31.1110366,29.93102324,30.55313902,30.95465398,29.86057203,26.63911513,28.75169759,30.74409032,28.83484319,28.78962228
Namibia,NAM,Trade (% of GDP),NE.TRD.GNFS.ZS,,,,,,,,,,,,,,,,,,,,,126.6630094,124.1791467,113.2854943,97.69858413,96.91126757,91.73169137,102.7146703,97.84663324,91.0117626,96.38015693,93.75924559,93.86472522,91.97346001,96.09557801,89.49368083,93.56084719,96.54422398,92.84109037,92.13050093,91.10020515,85.13224429,88.58410184,94.41522289,95.95247438,81.86226059,80.68038029,86.83396933,104.9793038,119.6444982,123.7628443,108.0724772,102.1891478,100.2134088,97.72490423,103.080137,97.23903179,93.96618796,81.2196661,81.7138653,82.90115074,76.9252424,83.54430309,99.26255478,110.770714,109.6285098
New Caledonia,NCL,Trade (% of GDP),NE.TRD.GNFS.ZS,,,,,,,,,,,,,,,,,,,,,,,,,,,,,,,53.19993469,49.52706311,45.39188003,43.37646342,42.05797709,41.95162015,43.09351942,44.71196367,51.7164362,56.3940657,60.36672252,58.18435233,56.13300404,61.8880339,58.58133786,61.910327,68.02051448,72.17438872,67.91747838,56.07715703,68.16848239,66.84452207,63.75339131,58.8723435,58.95779793,60.0467961,58.02961615,58.92818262,59.0970833,58.2103671,54.58180484,49.04423431,50.47274874,51.63073472,40.36895772
Niger,NER,Trade (% of GDP),NE.TRD.GNFS.ZS,14.50575374,17.826578,22.23136708,19.63342023,23.36530126,23.5004195,28.53846804,22.8043547,22.29032529,25.83069491,28.87307425,27.968903,34.70831407,39.24978802,41.24354352,50.24018357,56.6014748,48.97211232,50.35934881,65.41234282,62.71029742,60.35731579,57.06810853,47.73925875,49.87571527,53.52663718,40.69229502,45.98451144,41.88844334,39.89804357,35.61677356,30.33617924,28.70664995,26.09893765,33.64252862,34.7775357,36.53999764,33.17434539,35.01968955,31.37523672,34.7127807,33.01366708,30.83438575,33.38279314,36.96410445,38.34774181,36.53137318,35.50280285,39.71124405,49.5122567,51.9459863,50.24639516,45.08596447,46.29514915,45.74160084,44.72743037,36.48810922,39.07111174,37.5388484,37.10256643,35.51299066,37.01589355,52.80614843,46.47555806,49.97598374
Nigeria,NGA,Trade (% of GDP),NE.TRD.GNFS.ZS,26.16651287,,,,,,,,,,,,,,,,,,,,,,,,,,,,,,,,,,,,,,,,,,,,,,,,,,,,,,,,,,,,,,,,
Nicaragua,NIC,Trade (% of GDP),NE.TRD.GNFS.ZS,49.82198605,47.9552224,55.33508066,59.06679898,59.37395215,61.70759758,61.23577948,61.50602078,57.07716619,51.56613881,55.92428704,54.83926937,64.93131386,66.01306405,71.68217915,64.98248696,64.83676287,69.51782848,65.65898968,70.15694296,67.49716202,64.12516252,42.0340479,49.39292348,45.89384999,36.59246114,33.60791577,25.53104935,76.25108369,97.72868394,71.29081408,74.32797374,70.51762606,68.28596679,39.08121629,44.03979441,48.4828383,58.00553065,57.01371507,62.53764452,61.29849746,57.98013155,58.09128441,62.17506589,67.19531678,71.64572371,87.30967083,93.02573023,96.79398473,86.99361045,100.3640584,111.8274539,115.1772885,110.9842079,106.6982002,98.19416459,93.81372781,96.38058644,93.98474049,94.04221592,88.63812312,106.2073908,115.4546787,105.0030976,98.52583771
Netherlands,NLD,Trade (% of GDP),NE.TRD.GNFS.ZS,,,,,,,,,,80.98287486,86.48274814,85.42090093,82.75926642,86.23361505,96.11460246,90.52191322,92.85030186,89.73028724,86.48191794,94.59875771,99.88012557,104.9579468,104.5952448,104.8985725,110.6397521,114.5740862,97.20904546,95.74088869,100.0580451,106.1166563,104.1156807,105.1946168,102.0807707,99.03283366,103.046029,107.9168081,108.6646394,114.2950279,112.4080955,114.3277408,125.6670301,119.4754639,112.7500244,111.3045032,116.95816,122.2558495,127.1956135,129.7982417,130.15205,115.1096604,130.0817079,141.7570993,149.3932231,150.6518502,151.7158911,160.3258126,150.9655292,159.6460597,163.5591466,160.6766719,152.2332304,163.1548427,184.1074843,165.0304295,153.8306522
Norway,NOR,Trade (% of GDP),NE.TRD.GNFS.ZS,,,,,,,,,,,70.96361849,69.70368427,66.96280233,73.0704698,80.10892478,76.26870101,78.76493354,76.201984,70.72168668,74.87986264,78.08714995,77.13423905,76.03289433,73.91900938,74.62022642,75.64731278,69.70504131,64.87602264,64.26837569,69.64210116,71.38709708,69.58980467,66.71106503,67.25068126,67.63459579,67.29928629,70.20163615,72.15369653,71.62268418,69.50672858,74.31251872,73.15830391,67.51701409,66.32075094,68.67195377,70.46945049,71.65992995,71.94202631,74.78527993,67.46431546,68.23951936,69.59873363,68.49855284,67.97279259,69.13737722,70.43185654,69.1168424,69.10878176,70.00319579,70.89582053,65.35397904,71.22271378,82.60947984,80.36384564,81.36350918
Nepal,NPL,Trade (% of GDP),NE.TRD.GNFS.ZS,,,,,,21.688683,14.40150487,13.82696783,14.34546175,17.2323108,13.20711679,14.53345202,13.57893669,16.98264552,15.99781527,22.26781875,24.95113214,26.10532292,26.0439879,27.75151912,30.27279561,32.51913562,30.39886389,31.54620972,30.10154981,31.52878547,31.96504199,32.71988914,33.82903805,33.35092809,32.18875416,34.67505513,41.69541314,47.18958118,50.43207274,59.4905184,58.4577687,64.03553489,56.70960129,52.56698125,55.710589,55.79992108,46.2307185,44.24788362,46.14728672,44.06294748,44.76198776,44.57927502,46.03620635,47.07944776,45.98490577,36.29675889,37.92190606,41.86537574,45.98264161,46.66573039,42.11548612,44.64241062,48.44738695,49.24952659,40.91887412,43.05380479,48.97340148,41.57015029,40.52982268
Nauru,NRU,Trade (% of GDP),NE.TRD.GNFS.ZS,,,,,,,,,,,,,,,,,,,,,,,,,,,,,,,,,,,,,,,,,,,,,,,,,164.2857143,145,100,130.3030303,120.4081633,179.3478261,197.2222222,200,170.1492537,142.0689655,140.6400592,155.9066857,134.9801075,110.7962553,167.3387619,143.9555556,165.8467742
New Zealand,NZL,Trade (% of GDP),NE.TRD.GNFS.ZS,,,,,,,,,,,47.1633776,44.18672502,45.85873984,47.86436257,53.55093966,53.13487882,55.94385563,53.89631145,52.54371122,58.8084654,58.69384705,58.87547736,58.44234131,57.99291681,66.19839655,60.74322784,52.77034839,50.00613234,48.4038382,51.97811675,52.60814166,54.63556544,59.23405885,57.55365061,58.81456954,56.91425246,55.11617096,55.24686352,57.89601782,61.40123113,68.51692688,67.23382435,62.65599456,57.91476935,58.79955227,58.01874344,59.60326504,58.42516057,64.26114485,55.01435019,58.1047406,59.17241056,56.9087672,55.98612411,55.0986551,54.85133173,52.40624781,54.14329704,55.76648149,54.45429718,43.97724229,48.54124777,53.47616277,50.40643168,51.22439722
OECD members,OED,Trade (% of GDP),NE.TRD.GNFS.ZS,,,,,,,,,,,26.39421623,26.27393499,26.3076769,28.78043028,33.95288086,31.66019661,32.90205281,33.22032077,32.53347593,34.481919,36.72128975,37.12488292,35.89793114,35.31781792,37.24391502,36.84770784,34.25106417,34.33299794,35.07168444,36.12874001,36.13361004,35.63042403,35.54936619,35.29765394,37.0925617,39.13211647,39.93470543,41.9362397,42.49150634,42.60970892,46.53406746,45.2983384,43.94401669,43.65864669,45.92054788,47.80205798,50.48250462,51.57187905,53.73978931,46.81512215,51.37497989,55.14467916,55.5603613,55.23644223,55.35409177,54.32696668,53.25388606,55.15669827,56.50311044,55.86383085,51.41973346,55.71220028,63.14044217,58.48780773,57.23554877
Oman,OMN,Trade (% of GDP),NE.TRD.GNFS.ZS,,,,,,,,56.18556701,84.87928844,86.5,93.35205993,97.92166267,103.125,123.0224321,121.4776077,118.2408476,108.3003619,102.3447188,107.0469934,101.7758666,100.3146024,102.7758943,101.6977044,91.71867921,87.85978864,87.01061914,80.17299281,77.94499494,71.35990076,,61.23725038,62.71264923,64.72788617,65.08151181,62.68999647,64.15006948,69.39068315,71.59436587,80.48306046,76.61119781,81.41328224,84.52700249,83.65374858,84.84663673,88.61130713,86.76130204,86.14570799,94.86578898,94.76190299,91.62793533,96.38655462,101.6417319,102.0747604,112.5435218,102.2787211,96.37758019,82.8642642,88.95314802,89.27921783,86.47820103,91.8758908,95.94948773,105.7450093,106.446731,114.8526715
Other small states,OSS,Trade (% of GDP),NE.TRD.GNFS.ZS,,,,,,,,,,,,,,,,,,,,,,,,,,,,,,,,,,104.3840392,107.7036691,114.3257294,116.4739959,118.9407346,120.3666511,116.7824846,118.2550406,117.0404062,113.3118136,106.9160222,108.7082603,111.0441054,115.8054441,115.2168733,118.5315678,109.3645045,119.1266865,128.3602682,131.0738373,134.0326007,132.5820847,132.4375834,129.9015024,132.3473785,134.5605624,136.6594288,132.4790643,148.2600142,164.5739058,152.4065603,147.9918265
Pakistan,PAK,Trade (% of GDP),NE.TRD.GNFS.ZS,20.3931892,20.23147912,21.09135201,23.98875385,23.1259582,24.04108376,19.19408526,20.49457042,19.13254648,17.48047111,17.96611589,18.20204367,15.82133777,28.97973093,30.83017412,32.38804493,28.94587463,27.20036328,27.9180419,32.864582,35.89689938,35.16801104,31.3222832,34.69196212,33.36263286,33.17074617,32.40673078,32.8971019,33.28422583,34.42165912,35.0345759,35.4196551,37.69453972,38.49931688,35.05772371,36.13275367,38.33012683,36.8522661,34.01172518,32.31996281,21.45996389,23.57720743,23.12901595,24.65015852,24.80833485,29.87849406,33.04971937,30.78788143,34.34896081,33.32688729,31.98900205,32.36263828,31.31897328,30.89027434,29.46982569,26.68818602,24.70157805,25.472035,27.62605708,28.90557699,26.71628073,27.03042041,33.03135348,28.46769255,27.57846835
Panama,PAN,Trade (% of GDP),NE.TRD.GNFS.ZS,100.1681476,100.8546035,110.3503813,112.7506331,109.4196582,112.6719604,116.1108186,114.725278,113.9839903,117.2900036,117.3731227,115.0489279,115.0244199,113.7751233,150.1390435,149.827502,137.0694091,137.0202354,125.817706,131.8630492,137.5019462,133.7228966,116.7849698,93.1350463,91.87702805,94.05957221,97.32745909,98.59077158,97.66534547,109.5977443,121.7935529,140.2465583,144.8791885,139.6792213,143.6090328,146.90538,165.6096798,174.7138633,157.9964087,131.5573972,139.1979343,135.5843507,126.0244827,117.2674789,124.7617568,139.2111648,141.4725712,148.665601,164.5862864,137.0460214,145.4487186,158.2083956,153.2086203,133.071569,114.970605,96.57915739,84.39597185,84.04753721,86.13096153,80.42865057,68.70042348,80.13346361,93.47526882,88.34891053,83.67377878
Peru,PER,Trade (% of GDP),NE.TRD.GNFS.ZS,40.48130752,43.00818805,41.92622851,40.02640036,37.31221613,34.66368268,34.72761708,35.59791635,36.98378392,34.28676238,32.99367588,28.61499979,28.14686136,28.67298866,35.46343433,31.9224799,31.41887679,37.5938277,39.71091494,45.58713543,47.64339805,41.28004986,41.07045394,43.2368002,39.19006131,44.87870948,34.51633162,27.35090838,33.22179096,22.5367606,29.4696769,26.65925411,27.97729216,28.76658657,28.92299577,30.92721785,31.65420409,33.46954585,32.95302179,33.20577656,35.53803216,35.06440143,35.24918133,37.62461033,41.93607827,47.35731748,51.78505603,55.68811328,58.43376739,48.11192962,51.67280894,55.98828028,52.61989526,49.78714245,46.85312109,45.16276869,45.3888412,47.51355036,48.63147017,46.94350538,44.2459672,55.42724937,57.29697596,50.78518421,51.47588787
Philippines,PHL,Trade (% of GDP),NE.TRD.GNFS.ZS,,,,,,,,,,,,,,,,,,,,,,35.27078088,32.18014025,34.31301184,34.82398435,32.84052184,34.74000679,37.35740111,39.32364561,41.2829243,42.92235629,44.21992378,44.99114273,50.46504292,52.5265038,57.33055798,63.85530355,77.22864592,80.07720152,77.16149371,85.15336846,84.90038862,83.84480409,87.57464436,87.12528482,83.84567457,80.85053867,73.64497999,67.68107077,60.88659079,66.10427851,60.7958367,57.84200551,55.82478123,57.46817209,59.14159211,61.77606577,68.16836974,72.1633983,68.84184226,58.1695603,63.48460981,72.42968361,67.41996932,65.88547253
Palau,PLW,Trade (% of GDP),NE.TRD.GNFS.ZS,,,,,,,,,,,,,,,,,,,,,,,,,,,,,,,,,,,,,,,,,,,,,,118.6842127,126.2658377,114.7865317,126.2831146,111.7376762,120.6586863,135.5999295,143.6411923,142.1946342,145.7020658,126.4954843,118.0202744,121.741751,117.8660196,115.4619723,103.3521889,81.14784534,105.2009352,106.6975903,
Papua New Guinea,PNG,Trade (% of GDP),NE.TRD.GNFS.ZS,,44.23604758,44.12521441,48.37662338,52.60454879,56.00390498,56.9177886,56.99795715,58.9335044,64.81107875,72.41497703,79.6085952,79.458979,79.69828359,86.72602954,86.14302808,82.55464563,91.24374278,87.35608661,91.0694603,96.50489433,96.98430288,97.3302081,89.64760793,92.58839026,94.55467619,94.93448665,92.83887443,95.17365383,93.39396526,89.57154931,94.41979144,93.55197727,89.58928726,93.30266532,104.739981,107.8033526,99.20797503,102.8609321,116.0068021,115.421838,117.5803671,118.9191103,123.449069,131.082911,,,,,,,,,,,,,,,,,,,,
Poland,POL,Trade (% of GDP),NE.TRD.GNFS.ZS,,,,,,,,,,,,,,,,,,,,,,,,,,,,,,,,,,,,43.5552181,45.37673445,50.37637864,56.54605566,53.89801876,60.61072094,57.87853127,60.79679906,69.21344798,70.98157657,70.31147909,77.70080354,80.74539906,80.57468156,74.96859653,82.22585232,86.92368928,88.82990331,90.41750724,92.03401971,92.25542727,96.86590281,100.5658952,102.4424622,101.5810338,99.25909123,110.874283,123.0213329,110.024935,100.3594428
Pre-demographic dividend,PRE,Trade (% of GDP),NE.TRD.GNFS.ZS,,,,,,,,,,,,,,,,,,,,,,,,,,,,,,,,,,,,,,,,,,,,,,,,,,,,,,,,,,,,,,,,,
Puerto Rico (US),PRI,Trade (% of GDP),NE.TRD.GNFS.ZS,,,,,,,,,,,,82.80619112,80.29989414,85.14080887,98.89912555,98.66801654,97.87480766,106.831872,101.4249888,105.2556863,108.4191714,108.6257576,103.6261796,98.56105947,97.45232902,101.8073655,98.45974202,94.86427091,97.82496646,107.941778,114.4526621,115.3010941,105.221044,97.97993936,96.76540786,99.95443795,92.64341956,94.0796549,96.27263046,104.0804965,106.1695121,109.8856497,106.3294868,118.8401575,117.0008638,113.7447947,117.728478,117.5957791,116.2779944,105.2621968,104.1532283,108.5584001,103.3111866,104.8922401,102.3854565,108.8806342,110.2740455,113.131649,106.0012025,107.5714568,103.5098113,96.74536253,98.25646918,101.657551,94.62250856
"Korea, Dem. People's Rep.",PRK,Trade (% of GDP),NE.TRD.GNFS.ZS,,,,,,,,,,,,,,,,,,,,,,,,,,,,,,,,,,,,,,,,,,,,,,,,,,,,,,,,,,,,,,,,,
Portugal,PRT,Trade (% of GDP),NE.TRD.GNFS.ZS,,,,,,,,,,,43.21346221,44.67418878,46.2324812,47.23712272,53.94137424,41.53306686,37.71448028,40.52807305,41.13041021,50.73328563,54.23525013,55.57613998,55.76220445,58.92763863,64.41209567,61.51639838,54.02006627,59.57585328,63.19938199,64.86889638,65.05559263,60.36660022,56.3072776,54.17523266,57.17736002,59.91447216,60.20980505,62.3049515,63.83089886,63.31432982,67.45299799,65.09195518,62.30825942,61.13894749,63.20459367,62.94450456,68.54705312,69.94611758,72.07574292,61.49269353,67.68924019,73.00757567,75.94110672,78.03050569,80.22066907,80.63467563,79.52234648,84.80779231,86.73569549,86.77098891,76.50864072,85.87354521,101.3641465,93.13585371,89.69640885
Paraguay,PRY,Trade (% of GDP),NE.TRD.GNFS.ZS,,,27.30593205,24.53485487,26.59177486,30.70922493,29.38911792,27.84606215,29.12578192,31.77920762,31.03802672,29.31833381,27.60606405,29.23379864,32.66752769,31.06296504,32.69880272,41.8952855,40.53487608,37.61434007,33.89561056,29.13929806,31.89636926,25.14220847,41.12625391,54.20862358,67.13555492,72.48536665,85.07697427,82.95522791,91.3083408,89.13931922,89.49755756,113.6037635,123.0793295,118.0640742,103.0352672,95.93427625,101.6063201,77.55527569,78.64472976,72.60569901,79.44156565,81.12736377,80.10444662,85.02196365,84.7335313,79.00113742,80.77757466,70.84198186,81.25752337,78.49212385,74.76495746,73.36987138,69.08372496,66.91506553,67.75931523,71.0801344,72.06922363,71.22216173,62.76021747,69.74227302,73.73790502,82.40521077,76.83115654
West Bank and Gaza,PSE,Trade (% of GDP),NE.TRD.GNFS.ZS,,,,,,,,,,,,,,,,,,,,,,,,,,,,,,,,,,,86.45587873,91.48592665,89.2685359,90.33725198,88.99159251,96.34528938,87.63909496,82.72597847,76.25288261,76.39868952,81.12359062,83.83635406,82.63747359,91.99924343,79.47991902,75.15119285,68.49765016,67.2495329,66.92932735,66.27131812,67.73983717,70.78096819,65.42251418,68.44866071,71.40127545,68.99349228,67.28819125,73.08354962,82.39492839,79.53316637,81.31368016
Pacific island small states,PSS,Trade (% of GDP),NE.TRD.GNFS.ZS,,,,,,,,,,,,,,,,,,,,,,,,,,,,,,,,,,,,,,,,,,,,,,,,,,,,,,,,,,,,,,,,,
Post-demographic dividend,PST,Trade (% of GDP),NE.TRD.GNFS.ZS,,,,,,,,,,,29.09311504,28.87005258,28.64769171,31.20162851,36.95765229,34.33491774,35.77696646,36.12233754,35.42249756,37.79260137,40.28023506,40.63974353,39.16468716,38.32076809,40.12012357,39.61667562,36.87336048,37.08103634,37.9354425,38.96004932,38.98774624,38.3656833,38.17354309,38.04211577,39.75828584,41.78829618,42.29824837,44.1878088,44.50194533,44.87822648,49.14005522,47.64219821,46.31290931,46.31283638,48.87519324,51.00772192,53.74566713,54.70244729,57.27985244,49.48191563,54.45703511,58.3851697,58.73167769,58.42953402,58.29651368,56.65999976,55.05635887,57.0436446,58.31394737,57.36402249,52.75994429,57.34976142,64.47007991,60.29754744,59.3011266
French Polynesia,PYF,Trade (% of GDP),NE.TRD.GNFS.ZS,,,,,,,,,,,,,,,,,,,,,,,,,,,,,,,,28.08681098,25.42830584,25.93948721,27.19012341,26.78328193,28.37227064,28.99450583,31.74571429,28.37865546,27.94473112,,,,,58.87573964,56.61325748,57.45546809,58.03964777,51.67507771,54.04388211,56.23198542,57.88068198,56.06196756,56.23245789,55.63046864,53.61649494,54.5776905,65.01466285,63.3061124,45.83318344,52.97881839,69.52640232,71.67220377,64.46886657
Qatar,QAT,Trade (% of GDP),NE.TRD.GNFS.ZS,,,,,,,,,,,,,,,,,,,,,,,,,,,,,,,,,,,78.64992687,87.66795203,83.50922105,84.44703884,91.05812556,85.73296979,89.61265972,94.96867168,88.46972363,90.16494869,90.37242884,94.74554417,98.57091931,96.11410571,89.43284165,80.14416297,87.11119704,98.7216351,105.7462864,102.3831544,99.0343139,93.70767394,89.54762314,91.49455748,91.83834327,90.04629341,90.01898573,92.77908976,100.2136408,,
Romania,ROU,Trade (% of GDP),NE.TRD.GNFS.ZS,,,,,,,,,,,,,,,,,,,,,,,,,,,,,,,42.90709873,39.13516947,63.99024746,51.00370337,51.86707007,56.2912254,60.78136937,63.20524233,53.83879571,57.97367504,48.52132539,51.92859102,53.71024781,56.17952705,60.62647867,59.36054945,61.68362593,63.50515667,65.175201,58.47005837,69.95493549,76.27135644,76.59432399,81.39761317,83.37514296,83.5205767,85.89252829,87.15606457,87.09117011,84.90636306,78.36164636,87.07119655,93.94965094,83.37533241,77.21498379
Russian Federation,RUS,Trade (% of GDP),NE.TRD.GNFS.ZS,,,,,,,,,,,,,,,,,,,,,,,,,,,,,,42.91448517,36.10679913,26.25670361,110.5770647,68.69844324,50.95371265,55.18290547,47.92250082,47.25692141,55.77225328,69.3932815,68.09390704,61.11085866,59.64544573,59.12826901,56.5818524,56.71324849,54.73340187,51.70612275,53.38246604,48.43506103,50.35550549,48.03539941,47.15139039,46.2871494,47.80134126,49.35934931,46.51811984,46.87652434,51.58090037,49.22875366,45.9669082,50.58619546,42.78278643,40.83432641,39.50816477
Rwanda,RWA,Trade (% of GDP),NE.TRD.GNFS.ZS,22.52100386,21.31147261,22.07999859,18.59375156,24.61538575,29.03226197,31.27753591,25.92504157,23.87920772,22.03497077,26.73942628,27.0805232,24.53744536,25.04098504,33.50767572,26.87132833,33.97446072,31.9279659,38.58111782,43.79744133,40.81859447,31.58023542,35.70304958,32.34075737,32.29569297,30.66989535,32.73883473,26.59128118,24.22284757,23.42777303,19.68415887,25.37197378,23.83144703,25.67900701,71.09562831,30.97217315,32.23006582,33.46746051,28.79446359,27.33353642,27.48486383,29.19890944,27.60943812,29.31062424,33.4616731,34.21653834,33.22143707,35.9709732,37.60451085,36.80562801,37.27887909,39.71610248,40.540863,42.69349243,43.90273369,45.20197562,49.48490711,53.67526742,55.78412637,57.97566286,55.18795155,54.29383185,61.1450795,64.90690414,69.95441357
South Asia,SAS,Trade (% of GDP),NE.TRD.GNFS.ZS,13.65911008,12.77078882,12.67465502,12.54504658,11.99611674,11.22437021,13.05161665,12.08573914,11.0720886,9.966807155,10.29779141,9.920780373,9.996167329,11.11936865,12.78870473,13.9421515,15.25830347,15.01557986,15.70842391,17.73247968,18.55998141,17.16370387,16.80396844,16.21552655,16.06167388,15.23730982,14.38983942,14.74462685,15.70762686,17.25208649,17.72118254,19.02836424,20.63266155,22.14350156,22.59960817,25.6439158,24.55076174,25.27351845,26.21666792,27.20224911,29.45213456,28.62268944,31.20588564,32.00007797,38.16079502,42.49714644,45.99442145,46.0171112,52.80163595,45.92410172,48.31886967,54.78191229,55.00284048,53.12818401,48.7343659,42.33204919,39.79380345,40.3089859,43.15410397,39.81644185,36.98845377,44.01454141,48.84215027,43.97198968,43.2964087
Saudi Arabia,SAU,Trade (% of GDP),NE.TRD.GNFS.ZS,,,,,,,,,72.44894146,73.13276003,72.36548475,71.90185191,79.85570202,120.6194499,76.13822449,95.06655321,83.98114544,89.98168407,90.91438812,89.10033037,90.75616435,92.91188016,89.85007633,86.14526942,79.74442425,66.7135242,62.48928638,67.99436639,66.52658395,71.82305743,71.70807559,74.69929884,75.09203458,67.80697439,60.07131146,65.04172721,66.65382007,65.18806694,56.08839261,57.84604882,68.1664488,63.56058368,64.59279741,69.83117071,75.08283666,81.95407594,89.94460468,94.8633171,96.10263087,84.85834156,82.54968502,84.35943424,81.74067855,80.25150143,78.00011112,67.10526923,57.92166351,59.53197916,59.10291047,56.79382049,47.53315923,50.88392634,56.82416477,54.16901183,54.67870527
Sudan,SDN,Trade (% of GDP),NE.TRD.GNFS.ZS,27.56246813,27.66557069,29.66486486,34.75026567,33.47124535,29.27749107,28.26465467,30.65928176,31.95823348,31.10523861,32.74989744,32.8187751,32.68563498,31.87120859,33.434893,34.79814219,30.36584201,26.0033701,23.13408513,29.31163331,33.73623182,33.27842393,34.39153439,31.77807687,24.959689,17.62910092,12.96050415,16.64829107,11.48794384,14.68809849,11.09089047,15.07295623,19.67063329,11.46608324,14.61001505,14.77239849,20.02984321,17.85860672,21.87514799,24.71436823,29.40423446,20.29334562,25.62556172,26.44022807,30.43233762,35.8715914,36.20259362,34.40333616,36.74109783,32.78087833,32.72830995,27.51233902,21.85617452,26.8585245,20.845109,18.37827285,15.28166989,17.83138983,21.86791873,26.11962046,9.955145076,4.127548638,2.698834436,2.473728783,1.995412102
Senegal,SEN,Trade (% of GDP),NE.TRD.GNFS.ZS,24.09221228,31.00926861,29.85570283,27.92055239,28.00732755,26.95185599,28.68401552,27.87827835,35.60411856,38.93067735,39.34674513,39.68118247,43.87060134,45.29830859,61.39429146,52.38003668,54.1158122,63.95374896,50.20972685,49.80268138,49.3008323,65.8519215,57.10360684,68.56431505,65.43328678,52.63377178,44.82470403,39.39205319,40.63186768,42.95742026,44.78926396,42.18289965,41.45686173,38.77425996,54.7381346,52.72540343,46.27243272,47.2413224,48.09867482,49.48526217,48.68008972,49.72057806,53.14429946,50.82121989,53.65920313,54.90324357,54.13623781,59.27130435,62.76176982,52.30729088,52.4578552,57.5768786,61.975304,60.62676636,58.44252898,58.11033767,54.10816921,57.70527985,61.78983948,64.23625061,60.04687161,69.37599399,79.59982165,71.39302491,68.14051477
Singapore,SGP,Trade (% of GDP),NE.TRD.GNFS.ZS,339.3065727,299.4018883,286.6445262,296.8814525,255.0306883,257.5412254,253.7778572,235.9349851,256.8004766,273.6976758,271.0594799,259.2966709,229.0533948,245.7289623,313.964961,283.5701851,305.899996,326.9837096,334.601961,375.0104062,410.9367752,399.7782683,372.5371676,333.1470387,313.1235263,304.1448457,294.8264605,325.0384746,359.867159,347.5726857,344.3322178,323.8879948,311.3122673,313.4161398,316.2165476,345.4592639,334.9111633,323.8644221,312.0792557,336.4848464,364.3645205,349.2921057,349.746014,377.2185643,401.5237125,420.4305129,425.3633995,394.2884719,437.3267149,358.1928118,369.6855558,379.0986314,369.2129658,367.04178,360.4673192,329.4713989,302.839656,316.7944093,326.5965873,324.3949851,332.0408055,329.1613837,332.3495678,325.6932241,322.3714279
Solomon Islands,SLB,Trade (% of GDP),NE.TRD.GNFS.ZS,,,,,,,,,,,,,,,,,,,,,142.3528682,142.3528638,142.5308076,142.6909522,150.9064966,142.7966006,157.9273011,157.9957932,192.6255035,193.4615519,142.442018,168.2004094,149.7917767,161.4688071,136.8147122,114.2051863,98.79545332,100.9109732,83.138802,69.16174399,58.55232809,45.11006857,45.12751003,55.95860913,62.81189767,66.57107656,69.78939914,83.74761387,87.3526158,71.88495302,96.14855454,107.2475156,104.8234346,99.60746056,93.45340701,88.18848591,85.54984578,82.1974922,88.49496147,82.9985659,60.22043656,67.42005678,74.83554053,101.1345318,111.3529721
Sierra Leone,SLE,Trade (% of GDP),NE.TRD.GNFS.ZS,,,,,58.59332106,60.14803272,59.39597315,58.39271576,50.53058938,52.82243265,60.30236817,63.65443587,56.80644218,48.04242044,50.23033501,59.5797341,50.46644835,46.44928971,43.83047973,46.99055754,61.08178278,62.75344374,41.68899969,33.1059112,23.02985895,31.43184422,26.92697769,55.15307939,43.11616508,41.58841735,68.69066737,60.24404961,64.49287525,52.85983759,55.16006752,45.02925044,49.59553065,28.27802404,35.33267956,33.7491637,57.5299629,35.93815861,38.9169112,46.44643637,46.17199918,47.54798399,22.08886647,21.80679927,21.25661556,23.0753396,27.95412592,43.78079693,53.38134471,53.36276461,51.11877728,36.48239582,43.0672127,41.52137823,37.37746041,37.56195303,30.61310095,42.14351613,45.05421274,55.28679694,40.54544505
El Salvador,SLV,Trade (% of GDP),NE.TRD.GNFS.ZS,,,,,,55.19755731,54.44100181,54.29625077,52.45206262,48.98036974,49.38389295,51.24607965,57.22153642,62.94303622,73.24897352,71.2629731,72.36070952,75.63807687,69.79628576,74.11278522,67.40646419,60.26649248,51.24774023,54.39780104,50.29067505,52.21053821,53.71412272,45.0946222,38.09570441,36.92829582,49.61562778,47.75343093,48.67524582,53.52729049,55.14864864,59.36075434,55.28185673,63.55709275,60.87229075,60.99048962,68.7100889,65.89073854,65.91909078,68.23698248,69.78226418,69.71581168,73.45556751,77.62105603,80.66597394,66.07119117,73.53728767,79.2766437,77.64857162,80.45119449,78.10442575,76.56027074,72.81909337,74.30465119,75.63361689,76.0420131,66.45950695,81.84507598,88.70110938,81.71477234,84.65964616
San Marino,SMR,Trade (% of GDP),NE.TRD.GNFS.ZS,,,,,,,,,,,,,,,,,,,,,,,,,,,,,,,,,,,,,,,,,,,,,,,,,,,,,,,,321.3640134,320.1460891,313.8503238,309.4879564,307.2647781,304.9031676,342.470174,370.4360718,340.983395,
"Somalia, Fed. Rep.",SOM,Trade (% of GDP),NE.TRD.GNFS.ZS,29.86031318,39.07957524,40.30810883,41.84202792,46.41654072,37.7908151,37.53264752,35.90377641,36.41112344,39.64092361,26.1915794,31.65054798,33.77810794,42.75334322,46.92122357,36.94536068,31.38677512,79.47674233,82.00609272,99.97776134,121.8845629,93.16739528,93.99883294,96.1143266,75.75217526,25.65757874,36.90286262,37.56403098,26.6656393,48.62017336,42.26333247,,,,,,,,,,,,,,,,,,,,,,88.57364608,83.34099913,81.70104146,76.47933224,74.36156255,68.67564909,73.82192303,70.29805915,75.69541029,79.09944111,90.75762031,103.1210075,130.3250606
Serbia,SRB,Trade (% of GDP),NE.TRD.GNFS.ZS,,,,,,,,,,,,,,,,,,,,,,,,,,,,,,,,,,,,12.57449542,27.31900371,32.67802049,39.16697558,24.19794239,21.10904388,53.89507862,54.30288289,58.29467202,72.28761625,71.99254885,75.52923536,72.71658758,75.74324629,63.50172262,73.70886159,75.74936131,82.07668143,84.33225638,88.38150233,93.52814777,97.69069404,102.7404452,105.563713,107.5773095,100.3244608,112.3422983,131.9132923,114.4920646,111.7250284
Sub-Saharan Africa (excluding high income),SSA,Trade (% of GDP),NE.TRD.GNFS.ZS,38.79574612,,,,,,,,,,,,,,,,,,,,,,,,,,,,,,,,,,,,,,,,,,,,,61.55106186,60.51535841,65.47421889,71.03016944,61.94820231,63.1923561,65.88718813,64.79888371,63.28002525,61.64916634,58.09769045,56.07504005,55.29677969,57.90109027,57.04961361,52.53055018,57.22316092,60.77455063,59.18499138,57.96327004
South Sudan,SSD,Trade (% of GDP),NE.TRD.GNFS.ZS,,,,,,,,,,,,,,,,,,,,,,,,,,,,,,,,,,,,,,,,,,,,,,,,,97.26629732,94.83576409,90.94344837,93.22685975,71.61981139,50.81124659,64.63451781,65.55134918,,,,,,,,,
Sub-Saharan Africa,SSF,Trade (% of GDP),NE.TRD.GNFS.ZS,38.79574612,,,,,,,,,,,,,,,,,,,,,,,,,,,,,,,,,,,,,,,,,,,,,,,,,,,65.14809355,63.98685736,62.32223277,60.75738214,57.30621459,55.13995033,54.23327588,56.6953502,55.75402127,51.20339811,55.70464297,59.17755487,57.34804791,56.02087203
Small states,SST,Trade (% of GDP),NE.TRD.GNFS.ZS,,,,,,,,,,,,,,,,,,,,,,,,,,,,,,,,,,,,,,,,,116.6843193,114.7534353,111.2317115,105.6535748,107.8870811,110.3363231,111.8082122,111.5670463,114.9004168,105.2575964,113.9770291,124.0237397,126.178432,129.0309546,127.6075078,126.5364335,123.9646154,126.0960836,128.4266123,130.0870472,124.1300743,138.9421817,154.5073222,144.8539414,141.2896551
Sao Tome and Principe,STP,Trade (% of GDP),NE.TRD.GNFS.ZS,,,,,,,,,,,,,,,,,,,,,,,,,,,,,,,,,,,,,,,,,,,,,,,,,,,,,,,,,,,,,,,,,
Suriname,SUR,Trade (% of GDP),NE.TRD.GNFS.ZS,,,,,,,,,,,,,,,,,,,,,,,,,,,,,,,,,,,,,,,,,,,,,,,98.16819317,101.3770004,109.1668385,87.92066178,90.96139415,,,,,,,,,,,,,,
Slovak Republic,SVK,Trade (% of GDP),NE.TRD.GNFS.ZS,,,,,,,,,,,,,,,,,,,,,,,,,,,,,,,56.46626571,86.77361254,131.4418976,110.8292266,107.0601867,107.2351881,110.8177042,117.2881337,101.9062178,97.53025218,108.939263,121.9311312,120.599168,125.9985062,140.22246,148.7054612,164.9922057,166.5800252,162.464473,136.7143521,155.1084977,169.1780763,176.9689582,180.9031365,176.7563161,179.4260229,182.7573796,186.6446874,188.7329647,183.7226086,167.5341733,181.9794845,204.0563185,181.3908724,171.2128002
Slovenia,SVN,Trade (% of GDP),NE.TRD.GNFS.ZS,,,,,,,,,,,,,,,,,,,,,,,,,,,,,,,139.5735923,130.0993817,98.39195596,96.02235525,97.12480493,93.0505273,93.66844152,96.4295395,97.06808154,92.95818742,104.6203486,105.5832235,104.8804583,103.2800271,112.3999335,121.1272842,130.5179131,137.6630944,135.3870937,114.482301,128.6065754,140.3323558,143.6564486,145.1687894,146.4717051,147.2183677,148.2384481,158.7021358,162.613494,160.0442757,147.5490086,161.7887275,186.6470763,160.1596693,155.6579287
Sweden,SWE,Trade (% of GDP),NE.TRD.GNFS.ZS,42.26104382,40.07386901,39.4023016,39.5536655,40.23029665,40.40133852,39.45994711,38.31483571,39.26723369,41.75992522,44.36074619,43.24208092,42.65854357,47.38106611,59.30653444,51.40614516,51.82806594,51.34905731,50.43770344,56.23261275,55.95384149,55.823836,60.74388816,64.39467095,64.27656095,64.08947778,58.33002414,58.77052679,58.43888037,59.12557692,55.90551877,51.1702275,50.85240747,58.233591,63.94974165,68.68108419,66.50652207,71.99489858,74.3347541,74.84791717,81.47215909,80.56918281,77.0853187,75.32821749,78.73588192,84.16792302,88.33026089,89.54692366,92.80836871,81.95831397,85.09148493,86.39074481,85.29806054,81.64025213,83.82298105,84.1730766,83.45194786,86.06930887,90.40871424,92.75113903,84.47459581,91.11023744,107.1117518,107.6197094,105.8830915
Eswatini,SWZ,Trade (% of GDP),NE.TRD.GNFS.ZS,,,,,,,,,,,,,,,,,,,,,,,,,,,,,,,,,,,,,,,,,,,,,,,,,,,,,,85.20345513,91.62001869,88.2620944,89.35848744,86.88014203,85.49277682,86.64079485,84.01401884,89.93138749,92.57158713,99.72461108,107.4806211
Sint Maarten (Dutch part),SXM,Trade (% of GDP),NE.TRD.GNFS.ZS,,,,,,,,,,,,,,,,,,,,,,,,,,,,,,,,,,,,,,,,,,,,,,,,,,,,,,,,,,,,,,,,,
Seychelles,SYC,Trade (% of GDP),NE.TRD.GNFS.ZS,,,,,,,,,,,,,,,,,97.09213747,88.09833739,85.32027572,83.55900236,77.14440896,67.49989501,72.36017102,69.8477542,71.17611222,71.2917349,56.4464343,51.43385142,63.73275959,61.87121589,62.57648142,56.05891922,52.39553897,57.89189645,50.07234409,53.39257771,98.05534346,76.64718702,78.97394929,88.36432792,151.3024478,179.8849149,156.9298896,168.844235,149.5409368,171.101736,177.5669355,174.9284628,208.8429685,221.9338254,198.1626924,210.0753827,222.1782549,196.5177333,213.3544694,187.4750125,180.8661884,197.4422364,185.7075372,173.4078469,153.4833316,183.770815,189.8268354,180.8272625,188.3691853
Syrian Arab Republic,SYR,Trade (% of GDP),NE.TRD.GNFS.ZS,49.15659306,39.98186453,42.49716343,40.59841476,35.9165248,34.0800718,40.64747597,34.90472896,37.88266154,38.80053508,38.55882353,39.68551104,41.84005202,47.82476422,57.82896813,55.37214157,53.82002022,58.83093325,46.07119701,55.14188946,53.6629608,48.61425726,38.84543816,39.92713976,36.42457062,37.39741664,33.510452,44.59878477,42.77467522,60.1688911,56.29006291,56.47924664,63.88800689,68.76919916,78.45449821,68.97657516,69.91417906,66.22297869,61.42484477,64.30840492,65.28498612,67.3681325,71.64430768,61.54699054,78.11492859,80.13300249,74.20522659,76.37935352,74.2279601,59.94382524,64.01016469,50.69609435,35.36869033,44.70525478,54.26442252,51.08620782,67.11193653,61.05085217,50.65909911,41.99947112,44.8183353,61.2204851,35.60946808,,
Turks and Caicos Islands,TCA,Trade (% of GDP),NE.TRD.GNFS.ZS,,,,,,,,,,,,,,,,,,,,,,,,,,,,,,,,,,,,,,,,,,,,,,,,,,,,,,,,,,,,,,,,,
Chad,TCD,Trade (% of GDP),NE.TRD.GNFS.ZS,30.42721431,32.46780886,33.65933722,32.16026944,35.05707451,31.31329359,31.87583478,32.52602727,33.62604128,30.90566203,38.30956791,36.9700137,33.94915755,39.22903079,45.1948174,40.2532787,42.46815367,43.72665462,44.39031039,52.41622967,45.81058349,37.76177888,20.05679759,39.96040584,42.07083878,43.23366539,48.76989913,51.8817264,45.1233829,45.19009187,41.38702344,36.34954132,35.90456003,42.64733333,50.98835136,55.69655657,46.61003319,49.31310114,48.0589829,50.50786776,51.57117201,64.32190804,126.3508078,83.37891496,101.7685909,77.57749365,77.0815766,75.10599627,69.06777461,64.85975119,63.73116913,57.54375619,54.38518874,51.53081645,40.81162699,48.51149821,43.95801493,43.29006139,46.73843179,46.67772472,40.64281706,43.9465041,47.98837843,46.89510151,47.8679893
East Asia & Pacific (IDA & IBRD countries),TEA,Trade (% of GDP),NE.TRD.GNFS.ZS,10.64704496,10.28723838,9.018656704,9.685972299,10.22760164,9.312952333,10.9385333,10.03286435,10.15559671,9.414034177,9.684413835,9.792518002,10.65401867,13.1911956,16.64411118,15.63454693,15.301195,15.18532582,20.35782529,22.63639012,27.28437958,29.40022388,25.34068324,24.36720798,24.85374874,25.8398744,24.96930587,29.92463369,34.89645228,31.96735984,32.21915941,34.02473121,37.48890397,42.19924576,42.90595165,42.46171764,41.94715408,43.58253727,45.40398888,44.29148829,50.73912118,49.39960198,51.89548494,59.0380544,66.61575427,69.08463779,70.32554889,67.94352431,64.1703555,51.55606427,56.15004584,56.80898936,54.37003601,52.76507544,51.14720477,46.03866876,43.46915801,44.77465179,45.0751687,42.68280789,40.5785748,44.65570602,46.76052793,44.50610871,45.95211793
Europe & Central Asia (IDA & IBRD countries),TEC,Trade (% of GDP),NE.TRD.GNFS.ZS,,,,,,,,,,,,,,,,,,,,,,,,,,,,,,42.0247553,38.85734869,33.08848712,86.84683012,62.69163268,56.38105927,54.55082263,52.41202763,53.71292515,56.01844024,61.89918253,64.98796872,62.88327643,62.23438249,63.44578499,64.6001468,63.08392023,63.56727901,62.91303057,64.88911757,58.28297227,60.56091242,63.47399502,63.21069088,61.93943509,62.9537977,62.63949871,61.97224032,64.69553153,69.19480069,67.56325216,63.01766513,70.09904386,72.74879368,65.50880841,60.39686449
Togo,TGO,Trade (% of GDP),NE.TRD.GNFS.ZS,,,,43.51851852,53.90625,48.04597701,49.90583804,46.31578947,50.25041736,55.17241379,59.83717775,61.53846154,54.22374429,47.89823009,66.87069625,73.49961029,73.58767425,72.03791469,100.6355932,94.73684211,109.6057047,95.81395349,118.6503522,96.00671141,103.1867431,105.5474453,99.61894393,92.16835376,90.05095851,89.0871177,59.76648831,59.46145543,49.65501314,42.71250044,57.56435643,55.60177373,59.4098688,53.20690149,55.73792451,50.10889962,48.80800411,51.39415207,51.60956528,55.38997842,57.87109387,61.45428001,61.61286046,61.77407211,62.30766745,62.21041999,66.79748859,77.73231266,75.71320857,82.14778776,70.91565175,69.12813788,66.44504098,58.20886025,57.57373885,56.34217403,55.0659514,56.37755808,61.5750924,,
Thailand,THA,Trade (% of GDP),NE.TRD.GNFS.ZS,33.55985836,34.44557136,33.33618024,33.50933963,36.13004069,34.91623818,35.5602503,38.3731248,37.62027234,36.12230081,34.40230677,34.80182518,37.3733101,38.64925767,45.54476978,41.33795122,42.94025901,45.33605865,43.99897477,51.86795617,54.47906561,53.96866646,47.54832882,47.38449604,48.06926542,49.15522845,49.17085468,57.22798449,67.41347051,72.40693352,75.78236436,78.47113498,77.95464569,77.74611712,81.24895299,89.75617494,84.274148,95.05179065,100.2404737,100.7062887,121.2979554,120.2679663,114.969743,116.6928197,127.4118737,137.8538668,134.0869462,129.873227,140.4370115,119.2694189,127.2505226,139.6754072,137.6749385,132.4622742,130.9054954,124.8396622,120.5752273,120.8914274,120.8418647,109.6895147,97.80074325,117.2529446,132.8587121,128.8241142,136.747107
Tajikistan,TJK,Trade (% of GDP),NE.TRD.GNFS.ZS,,,,,,,,,,,,,,,,,,,,,,,,,,,,,,,,,,70.19630583,86.36584158,137.5159026,156.6705901,181.5901196,106.8955428,133.605948,175.3512061,146.6573056,138.6839688,137.669593,128.3381707,126.9946993,141.1539121,145.5280997,114.4801491,85.97813704,73.49304451,79.78424467,83.17594454,71.74374289,54.60715961,49.93781607,55.72464469,53.78610461,55.84611141,56.04501591,55.74910402,71.82593744,65.43551159,65.63470104,
Turkmenistan,TKM,Trade (% of GDP),NE.TRD.GNFS.ZS,,,,,,,,,,,,,,,,,,,,,,,,,,,,,,,,66.10169492,105.3125,146.0678643,170.2580275,168.1795245,152.516129,103.690369,96.32011433,90.47619048,103.5803178,81.98585494,63.70468612,63.20175069,59.31996749,53.97234197,52.447301,56.27777778,94.7240752,104.9521793,96.86305584,111.0628338,109.3336526,98.59282268,91.09348296,81.29993057,62.0460847,53.57535671,50.90027264,44.2857594,35.93659385,33.05811708,37.36095096,34.0992738,28.73460763
Latin America & the Caribbean (IDA & IBRD countries),TLA,Trade (% of GDP),NE.TRD.GNFS.ZS,21.72891548,20.88327285,19.67279425,23.06657488,20.18047322,20.30062734,20.25517072,19.6455331,20.48854211,20.9320225,21.36538993,21.08819453,21.88448307,23.17025126,27.61566892,25.8194104,25.46121883,26.02114808,25.59684195,26.99311238,28.19396991,27.17253967,25.83253531,27.47993099,28.16236111,27.5353594,26.61529405,27.46759268,30.90822156,30.44925298,31.2097738,30.79983108,31.84010012,30.13527717,30.61997787,33.41941063,34.51448507,34.71426787,34.55565924,35.71960637,37.69327135,37.80447274,40.36878843,42.11360744,44.33657412,44.15383566,44.65852162,44.64325984,46.13146536,39.76068605,42.31609506,44.57425068,44.56567993,44.1918343,43.73802607,44.21428794,43.26921698,43.49456572,47.53152454,47.14988186,45.58943151,51.49967558,54.76757744,46.90304095,47.7033006
Timor-Leste,TLS,Trade (% of GDP),NE.TRD.GNFS.ZS,,,,,,,,,,,,,,,,,,,,,,,,,,,,,,,,,,,,,,,,,175.6484595,166.7434323,180.4037472,122.3119605,107.3308361,74.67126932,98.87571871,128.7608932,135.2507687,157.6864398,134.4005104,140.7663441,128.5004889,79.63412157,82.73577677,60.07692302,60.31062394,58.63475348,64.81918037,70.61424319,84.75031025,99.85999942,97.62111036,89.30465292,95.44850213
"Middle East, North Africa, Afghanistan & Pakistan (IDA & IBRD)",TMN,Trade (% of GDP),NE.TRD.GNFS.ZS,44.16580931,43.68461267,31.14434251,36.24828397,37.14961753,34.59604761,34.62017432,34.82122361,33.58151492,34.4355167,38.31564651,40.1954958,38.6539623,47.27249467,62.75302072,65.21652026,60.08825055,60.82691053,54.79574666,58.93404812,60.63605014,61.30159188,56.70879658,49.86142013,46.04391869,42.74848905,33.40927691,35.06634002,40.07720982,45.65057076,46.2045725,47.70241303,45.26362689,45.65376651,43.04524506,43.07295772,42.13987972,53.01167713,52.61552932,54.32548672,55.02422829,54.72062155,56.92444189,63.21364875,63.66945464,66.9846347,63.95511039,62.7680359,66.19934397,58.2832617,56.3504583,54.90712707,55.05890329,54.6579769,52.13960374,47.64587198,44.01005908,48.82901768,55.01334723,52.197536,44.71732865,49.83457629,58.41101608,56.91419862,55.61754981
Tonga,TON,Trade (% of GDP),NE.TRD.GNFS.ZS,,,,,,,,,,,,,,,,112.1480837,83.56632545,91.0432684,96.66193984,95.88128862,97.78077096,92.62042354,92.21316164,87.82841664,89.5630438,102.3593572,95.58816322,95.5322925,89.48574358,87.90899242,98.96572345,83.462068,72.63082072,67.44352272,62.95976808,71.11928575,77.83335654,71.85019826,78.29163186,60.77752088,61.5082393,62.40656439,73.83740938,73.21605682,73.97371512,76.20804944,66.35498847,68.22991825,72.65637912,74.34066489,70.79766812,78.85786489,77.97228728,82.7315812,74.73042459,81.39024109,87.77716754,88.04349375,86.10396243,88.0453901,81.84949889,68.5461486,70.12727566,79.6239205,
South Asia (IDA & IBRD),TSA,Trade (% of GDP),NE.TRD.GNFS.ZS,13.65911008,12.77078882,12.67465502,12.54504658,11.99611674,11.22437021,13.05161665,12.08573914,11.0720886,9.966807155,10.29779141,9.920780373,9.996167329,11.11936865,12.78870473,13.9421515,15.25830347,15.01557986,15.70842391,17.73247968,18.55998141,17.16370387,16.80396844,16.21552655,16.06167388,15.23730982,14.38983942,14.74462685,15.70762686,17.25208649,17.72118254,19.02836424,20.63266155,22.14350156,22.59960817,25.6439158,24.55076174,25.27351845,26.21666792,27.20224911,29.45213456,28.62268944,31.20588564,32.00007797,38.16079502,42.49714644,45.99442145,46.0171112,52.80163595,45.92410172,48.31886967,54.78191229,55.00284048,53.12818401,48.7343659,42.33204919,39.79380345,40.3089859,43.15410397,39.81644185,36.98845377,44.01454141,48.84215027,43.97198968,43.2964087
Sub-Saharan Africa (IDA & IBRD countries),TSS,Trade (% of GDP),NE.TRD.GNFS.ZS,38.79574612,,,,,,,,,,,,,,,,,,,,,,,,,,,,,,,,,,,,,,,,,,,,,,,,,,,65.14809355,63.98685736,62.32223277,60.75738214,57.30621459,55.13995033,54.23327588,56.6953502,55.75402127,51.20339811,55.70464297,59.17755487,57.34804791,56.02087203
Trinidad and Tobago,TTO,Trade (% of GDP),NE.TRD.GNFS.ZS,,,,,,,,,,,,,,,,,,,,,,,,,,,,,,,,,,,,,,,,,,,,,,,,,,,,,,,,,,,,,,,,,
Tunisia,TUN,Trade (% of GDP),NE.TRD.GNFS.ZS,,,,,,33.44224486,34.52881976,35.73684211,31.78610632,34.80507974,46.74430916,48.53608715,50.08899297,52.4711196,67.57332989,63.96003216,63.09881014,67.59432456,69.70087363,80.94798084,85.83815845,91.21095627,84.34976272,77.08403169,77.29087393,70.23638203,67.4850567,70.64204199,83.67549592,92.00721593,94.16126557,85.68602022,86.00008755,88.41096774,92.80438604,93.71444657,85.72035476,80.50071044,79.97945826,77.90511394,82.63911067,89.55220119,85.34217597,82.39034071,86.9253447,90.25124788,93.94093041,104.059401,114.3436602,93.01687879,100.1510098,100.1063793,101.5507239,98.95495669,96.10710386,87.24853066,87.09266436,95.80919798,103.8718243,102.3326147,84.33332971,93.63341407,116.0957944,112.128858,106.2985492
Turkiye,TUR,Trade (% of GDP),NE.TRD.GNFS.ZS,5.726872247,11.96105702,13.57409714,11.15879828,9.940357853,9.935004643,9.771473601,9.090909091,8.761904762,8.333333333,10.78880407,13.56701031,14.56243514,16.12637363,17.00282372,15.65311821,15.52478134,14.52238947,11.4356154,9.09974443,17.08981761,21.14162764,26.88092107,29.03105179,35.2801051,34.82697212,29.41445948,33.33828503,36.20683384,33.98366824,30.9429955,30.47601167,31.73736564,33.01708778,41.74585234,35.9924805,39.64771803,42.76106668,40.37698874,37.66650433,42.3746747,49.94478307,48.10261012,46.36815534,48.99345754,46.30883088,48.94567666,48.02746818,50.76125001,47.03913857,46.94333667,53.6515839,53.3277613,53.068353,54.30677404,51.87492526,48.87018381,56.13565852,62.82513239,62.57845893,60.38985312,69.60889761,79.89827223,65.68320847,54.59880612
Tuvalu,TUV,Trade (% of GDP),NE.TRD.GNFS.ZS,,,,,,,,,,,,,,,,,,,,,,,,,,,,,,,,,,,,,,,,,,,,,,,,,,,,,,,,,,,,,,,,,
Tanzania,TZA,Trade (% of GDP),NE.TRD.GNFS.ZS,,,,,,,,,,,,,,,,,,,,,,,,,,,,,,,34.48360658,30.23162255,35.66779633,45.23649747,44.23676756,45.16191999,35.7265067,28.85878322,26.14364206,25.02205481,23.98911515,28.03014323,27.49921727,30.44883582,33.60978674,36.95927329,42.76816647,48.05839478,49.02654455,43.53260065,47.64043943,56.16612418,54.36894908,48.63162753,45.35602234,40.75768088,35.4204704,33.11259199,32.6426099,33.01858925,27.9630152,29.91518401,35.00345171,38.21203481,41.51312072
Uganda,UGA,Trade (% of GDP),NE.TRD.GNFS.ZS,49.14583075,46.0620967,45.55511978,52.17148485,52.99398534,49.93668883,50.89258699,49.68881169,46.55870445,41.87133102,43.47004557,43.77160921,36.16901408,29.70549523,29.76497758,19.56583161,20.99456544,16.95112179,32.51535947,36.93271467,45.47609291,38.13654378,25.90126292,22.30322869,27.01757946,28.7468564,28.04839215,26.29039064,25.3500383,26.04762852,26.60954376,29.40220186,33.05214405,28.23983454,27.83935986,32.62314586,35.38548688,34.15856697,30.04392193,36.02471016,32.74903334,35.32997678,36.27779416,36.58572646,35.46008625,38.99428548,43.63328579,46.77741665,56.25826821,47.06387807,38.26924904,39.75522556,43.50213714,43.10915487,36.01440108,37.68929833,31.20936202,36.83705293,36.6384056,39.36105396,37.00069239,41.71363074,34.50530193,33.34169633,42.65278891
Ukraine,UKR,Trade (% of GDP),NE.TRD.GNFS.ZS,,,,,,,,,,,,,,,,,,,,,,,,,,,,,,64.21539866,56.40718563,50.13377926,45.96860719,52.068819,73.94400421,97.22969648,93.85664508,84.24141616,86.04972844,101.951707,115.7357149,99.92612762,95.99466981,102.5901823,109.9817085,94.64757011,89.18105264,88.04656067,94.17189214,87.47616262,95.72973045,104.8050739,102.6227884,94.00166945,100.6917825,107.8066163,105.5212049,104.0349829,99.19981507,90.51123429,79.15645238,82.69796136,87.39651399,77.50961419,77.75301133
Upper middle income,UMC,Trade (% of GDP),NE.TRD.GNFS.ZS,14.39562669,14.20999534,12.34752206,13.84927942,13.3683657,12.6806941,13.7255625,12.96766931,13.30384939,12.92692593,14.09853645,14.48382848,15.23414579,17.60371017,21.50101268,20.37779789,19.89875688,19.82774238,22.52690912,24.25991805,28.05334643,29.16179994,26.35823663,25.93935686,26.43969524,26.92564437,25.27216632,29.07982381,33.38872733,30.95900812,31.09808965,32.16266021,36.15636053,38.45504334,39.2887255,39.30557363,38.8577116,40.92533194,42.07576815,41.98953839,47.18234749,46.50106556,48.83085943,54.04130797,59.34942126,60.80117701,61.52806106,59.7632634,58.25036896,48.11194182,51.75723688,53.14765282,51.78702175,50.3500253,49.04847263,45.52815696,43.61911773,44.73271157,46.53110224,44.61407316,42.65679113,47.61818055,50.7033868,46.86571803,47.32254662
Uruguay,URY,Trade (% of GDP),NE.TRD.GNFS.ZS,32.4137931,28.97727273,25.77319588,24.03433476,23.28358209,29.87249545,28.61538462,27.78771616,27.38836265,25.52806276,29.09433962,21.71789716,30.33040785,19.9234844,31.27281631,37.0585261,39.63817419,42.55498313,40.00155531,38.00012436,35.66439634,34.23545888,31.61665882,49.29273925,47.9560746,47.85656984,46.48374023,40.85464499,39.79381317,41.19356188,41.62847212,38.55490474,40.07304363,38.68496676,40.14883372,38.09767484,39.52843646,37.70639708,35.6400154,33.38644895,36.71373815,36.30951264,40.02906731,51.75919958,61.47668809,58.87769633,61.97157452,59.21044784,65.20809501,53.39441927,51.6990372,53.24703401,55.06115416,49.71784647,49.08762406,45.32824081,48.47055838,46.3780042,47.79131048,49.74483412,47.73187332,58.31504102,61.0307951,52.91098707,52.46491679
United States,USA,Trade (% of GDP),NE.TRD.GNFS.ZS,,,,,,,,,,,10.7582854,10.75717904,11.34061965,13.07921559,16.44498632,15.51637363,16.04884564,16.41789468,16.97283423,18.3761632,20.10984469,19.42591317,17.53681228,16.66559348,17.52240742,16.60390613,16.89797715,17.97358098,19.07010071,19.41511066,19.81506735,19.78644812,19.9505945,20.0446187,21.05545916,22.45338165,22.68707199,23.42832109,22.82589095,23.3135637,25.10299536,22.96718134,22.28637411,22.62731301,24.44806226,25.63855303,26.9752781,28.01201768,29.86779579,24.75953117,28.21989523,30.84248624,30.68183537,30.00795397,30.00447816,27.82356492,26.60796206,27.31302089,27.61037927,26.45375949,23.401563,25.60955766,27.31393974,25.29032979,25.37863425
Uzbekistan,UZB,Trade (% of GDP),NE.TRD.GNFS.ZS,,,,,,,,,,,,,,,,,,,,,,,,,,,,,,,,,,,,,,57.19859136,45.41795478,36.61885881,44.05402998,56.77627759,58.95452471,70.45927469,76.5956692,69.52525842,67.47129217,74.41419298,79.74799203,68.6731422,49.2689978,49.65428849,44.23931913,42.37791497,36.35705466,30.75619143,29.19229704,42.55950819,64.1381395,64.96392276,56.05153083,57.4589717,62.84125254,66.1051443,60.72744038
St. Vincent and the Grenadines,VCT,Trade (% of GDP),NE.TRD.GNFS.ZS,,,,,,,,,,,,,,,,,,,,,,,,,,,,,,,,,,,,,,,,,,,,,,,,,,,,,,,,,,,,,,,,,
"Venezuela, RB",VEN,Trade (% of GDP),NE.TRD.GNFS.ZS,48.58205757,48.65563943,49.57933954,47.22456969,48.1611808,48.2249176,44.81399939,44.63591592,44.78950282,44.32513018,42.03690533,44.20066152,43.26916198,47.82097662,61.47531051,57.84924385,58.58960505,62.1484079,61.36058204,58.32114645,57.36822436,55.40640515,53.05759644,35.71051871,42.61267116,39.44059164,39.0019257,42.30574609,46.37203518,53.42731969,57.70721738,55.71963976,53.4761392,52.39018552,51.444814,47.34234294,55.97242779,51.24503641,43.59939293,42.07023048,47.85722155,42.14126802,48.57571065,50.57700738,55.3674556,60.12732976,58.66559156,56.19909548,51.82901238,38.52092966,46.13689352,49.6381216,50.64858388,62.47952142,64.20744011,60.2888461,41.3072172,42.58293584,54.64506679,58.12929033,26.0912345,29.22634003,27.89827707,28.09460774,26.08116576
British Virgin Islands,VGB,Trade (% of GDP),NE.TRD.GNFS.ZS,,,,,,,,,,,,,,,,,,,,,,,,,,,,,,,,,,,,,,,,,,,,,,,,,,,,,,,,,,,,,,,,,
Virgin Islands (U.S.),VIR,Trade (% of GDP),NE.TRD.GNFS.ZS,,,,,,,,,,,,,,,,,,,,,,,,,,,,,,,,,,,,,,,,,,,283.1698345,362.9683416,435.1593363,503.2068654,552.1186441,560.367893,863.195099,508.4027612,586.4014801,679.2327729,157.1777941,142.2418406,164.2917251,84.76658477,113.2964718,157.6963627,159.2403773,155.4234409,113.5965949,180.2973153,205.6292808,,
Viet Nam,VNM,Trade (% of GDP),NE.TRD.GNFS.ZS,,,,,,,,,,,,,,,,,,,,,,,,,,,23.21869432,20.79860657,18.95048709,57.90446215,81.31569794,66.94695239,73.57688513,66.21226715,77.47319794,74.72126592,92.7057468,94.34448407,97.00124851,102.7874066,111.4170944,111.955938,116.6968687,124.3279544,133.0164979,130.714846,138.3136219,154.605384,154.3174796,134.7063177,113.9776875,125.2605779,123.2241167,130.8463549,135.4105215,144.9142282,145.409508,160.9800837,164.6639368,164.704215,163.2458628,186.6758328,183.1536191,164.8180713,173.8620248
Vanuatu,VUT,Trade (% of GDP),NE.TRD.GNFS.ZS,,,,,,,,,,,,,,,,,,,,,70.13049783,68.65805964,75.48111837,113.6733579,112.5061031,110.5285745,93.42930971,93.8381201,89.70730527,94.09131603,112.5752441,94.22281521,94.63916656,94.97046275,92.87237171,91.96150682,92.94178082,96.19692463,94.74093342,91.23233024,87.15579178,87.77214514,91.69972369,91.56798959,98.7059775,100.1738203,89.54146181,90.1716511,105.7748526,108.4891791,103.8233122,96.99876642,104.4516297,106.4107571,105.1993183,108.7586657,106.3519353,105.5265737,110.6796598,99.38296882,69.91489483,59.95212597,63.59961217,,
World,WLD,Trade (% of GDP),NE.TRD.GNFS.ZS,,,,,,,,,,,25.78770078,25.82323289,26.00884633,29.03467265,33.78937068,31.98340129,32.7701647,33.13416504,33.52398358,35.70045438,38.51681734,38.96155789,36.95093464,36.12196592,37.43605732,36.98648659,34.52086208,35.78728644,37.61910858,38.00053568,38.01136444,37.88010625,40.74963386,40.28149521,41.22398477,42.92847044,43.04452999,44.83587972,45.456529,45.91959436,50.30420441,49.17653841,49.19346403,50.84730579,54.40247796,56.44754778,58.59055353,58.96637547,60.5698143,52.08099002,56.41594687,59.53711056,59.35025072,58.70788618,58.13001875,55.73498581,53.9114216,55.58824729,57.12411973,55.90911273,51.97336286,56.71048142,62.42166647,58.19817324,56.75814391
Samoa,WSM,Trade (% of GDP),NE.TRD.GNFS.ZS,,,,,,,,,,,,,,,,,,,,,,,,,,,,,,,,,,,,,,,,,,,87.91997114,76.27214877,72.52937031,76.22474427,82.46919384,83.20220418,73.88642706,75.97939216,78.56980168,81.60095501,82.73397948,77.87775174,80.50077404,74.63435456,75.21181717,74.01108503,78.93496762,83.33108204,77.48480062,59.76977919,60.84777965,80.84051252,79.52414618
Kosovo,XKX,Trade (% of GDP),NE.TRD.GNFS.ZS,,,,,,,,,,,,,,,,,,,,,,,,,,,,,,,,,,,,,,,,,,,,,,,,,76.73074308,77.7553767,82.17747997,86.15174947,81.36391626,75.10348366,77.07605216,74.02044225,75.01881231,80.41013735,86.31508467,85.75340851,75.60801713,98.63843049,110.0120316,109.9518516,113.789652
"Yemen, Rep.",YEM,Trade (% of GDP),NE.TRD.GNFS.ZS,,,,,,,,,,,,,,,,,,,,,,,,,,,,,,,27.62766623,47.92135932,46.15035147,58.14041424,68.96404031,87.44469198,85.93910744,80.14598865,72.66199855,72.00392774,75.43883864,70.89239798,74.73045586,74.3826166,71.84667401,76.77328568,82.07616266,79.12342059,81.24471885,68.07139101,64.38563678,63.05945795,61.36163718,52.51187814,48.24304051,30.36765908,31.08154429,42.96990467,56.07782272,,,,,,
South Africa,ZAF,Trade (% of GDP),NE.TRD.GNFS.ZS,46.85549688,43.74810319,43.35235378,44.97613827,45.94847775,45.51687199,42.09437494,42.49181488,41.29332897,39.62195565,39.78622328,40.49808887,40.77257774,41.15149677,48.79635885,49.8140561,48.88075343,48.21138624,50.95151083,54.10700829,56.50731651,52.19295563,47.14181569,40.25620213,43.39294129,47.94826638,46.64892792,44.97125413,45.85131225,42.69976535,38.21180092,34.88160926,34.3213535,35.69812435,37.11460917,39.47803378,42.19925173,42.30133443,44.03574534,42.25829602,46.22072174,49.17094519,53.46550163,45.72386257,45.64357522,47.4277814,53.76814127,57.12513914,65.9745238,49.58753533,50.40608716,54.63635044,55.58261719,58.87502763,59.49957406,56.72667614,55.8612575,53.53593183,54.48554513,53.89799641,50.75965908,56.16471363,64.9471344,65.67987597,61.64677047
Zambia,ZMB,Trade (% of GDP),NE.TRD.GNFS.ZS,,,,,,,,,,,,,,,,,,,,,,,,,,,,,,,,,,,66.65059483,69.2267747,63.82148218,58.27286262,56.25030702,59.7675342,60.38746899,64.66828271,64.916497,62.31284468,70.81307493,62.20028219,57.85681887,65.77145869,59.45488912,56.12138096,65.01470252,72.79543244,75.36770986,80.45624102,76.19349973,79.86526876,73.95856125,71.58569465,74.88836953,68.79120494,79.20684941,86.20851119,69.29731542,78.24188705,62.53488741
Zimbabwe,ZWE,Trade (% of GDP),NE.TRD.GNFS.ZS,,,,,,,,,,,,,,,,47.19860841,41.55734615,41.61263057,42.00714657,44.46113667,49.89041556,45.33064354,39.14528878,35.91685517,41.36613539,44.21367667,45.57035303,45.29059605,44.10034949,45.06254264,45.65925197,51.05250983,63.71206514,63.1695154,71.12086159,79.15671117,72.06836109,82.20353879,88.51332891,70.9210814,74.07089232,67.89809387,66.80981837,70.45196754,76.03942498,76.04306864,82.82003029,84.1682799,109.5235401,61.77649097,83.12340479,89.46594372,74.16270038,58.65607371,54.67175925,56.74965266,51.21903766,55.02831783,54.55031659,46.10654427,40.17840622,44.11455949,55.06735225,40.2912612,41.48653127
