Data Source,World Development Indicators,,,,,,,,,,,,,,,,,,,,,,,,,,,,,,,,,,,,,,,,,,,,,,,,,,,,,,,,,,,,,,,,,,,
Last Updated Date,12/19/2025,,,,,,,,,,,,,,,,,,,,,,,,,,,,,,,,,,,,,,,,,,,,,,,,,,,,,,,,,,,,,,,,,,,
,,,,,,,,,,,,,,,,,,,,,,,,,,,,,,,,,,,,,,,,,,,,,,,,,,,,,,,,,,,,,,,,,,,,
Country Name,Country Code,Indicator Name,Indicator Code,1960,1961,1962,1963,1964,1965,1966,1967,1968,1969,1970,1971,1972,1973,1974,1975,1976,1977,1978,1979,1980,1981,1982,1983,1984,1985,1986,1987,1988,1989,1990,1991,1992,1993,1994,1995,1996,1997,1998,1999,2000,2001,2002,2003,2004,2005,2006,2007,2008,2009,2010,2011,2012,2013,2014,2015,2016,2017,2018,2019,2020,2021,2022,2023,2024
Aruba,ABW,External debt stocks (% of GNI),DT.DOD.DECT.GN.ZS,,,,,,,,,,,,,,,,,,,,,,,,,,,,,,,,,,,,,,,,,,,,,,,,,,,,,,,,,,,,,,,,,
Africa Eastern and Southern,AFE,External debt stocks (% of GNI),DT.DOD.DECT.GN.ZS,,,,,,,,,,,,,,,,,,,,,,,,,,,,,,,,,,,,,,,,,,,,,,,,,,,,,,,,,,,,,,,,,
Afghanistan,AFG,External debt stocks (% of GNI),DT.DOD.DECT.GN.ZS,,,,,,,,,,,,,,,,,,,,,,,,,,,,,,,,,,,,,,,,,,,,,,,13.79285837,20.48067585,21.21213235,20.03672485,15.3334974,13.9770517,12.92816044,12.80483637,12.30498827,13.49083011,14.14704504,14.51334274,14.64242467,13.94965204,15.12085853,24.78573995,23.33684898,19.89093682,
Africa Western and Central,AFW,External debt stocks (% of GNI),DT.DOD.DECT.GN.ZS,,,,,,,,,,,,,,,,,,,,,,,,,,,,,,,,,,,,,,,,,,,,,,,,,,,,,,,,,,,,,,,,,
Angola,AGO,External debt stocks (% of GNI),DT.DOD.DECT.GN.ZS,,,,,,,,,,,,,,,,,,,,,,,,,,,,,,72.68855406,85.68411475,84.87860559,287.5681527,326.5244973,581.1185947,241.05758,180.8994336,147.8061215,194.7478649,223.2478613,131.0754866,119.0076084,66.80154791,56.66089447,46.53163873,37.15351354,21.43832044,20.70807101,20.84441963,31.94074681,35.39116131,33.96878333,30.74467961,35.31417081,35.96019823,56.78015518,114.8450947,84.94048327,84.28436258,96.59472679,148.1598993,108.1380961,62.71151531,74.56286428,79.57263915
Albania,ALB,External debt stocks (% of GNI),DT.DOD.DECT.GN.ZS,,,,,,,,,,,,,,,,,,,,,,,,,,,,,,,,47.45386392,102.5194343,64.47044113,46.60851252,15.56156469,14.88108153,22.0851757,23.34032594,23.01411284,30.41441178,27.58168645,25.53977834,26.05398977,21.17841353,25.26465992,26.75037396,26.0011017,31.96002289,37.93256389,45.43869142,49.97048144,60.7645738,66.43685651,63.44596773,72.78393118,69.91086887,73.7483027,62.81927872,60.2886652,69.89005148,62.16788084,55.76462693,48.67478239,39.71906818
Andorra,AND,External debt stocks (% of GNI),DT.DOD.DECT.GN.ZS,,,,,,,,,,,,,,,,,,,,,,,,,,,,,,,,,,,,,,,,,,,,,,,,,,,,,,,,,,,,,,,,,
Arab World,ARB,External debt stocks (% of GNI),DT.DOD.DECT.GN.ZS,,,,,,,,,,,,,,,,,,,,,,,,,,,,,,,,,,,,,,,,,,,,,,,,,,,,,,,,,,,,,,,,,
United Arab Emirates,ARE,External debt stocks (% of GNI),DT.DOD.DECT.GN.ZS,,,,,,,,,,,,,,,,,,,,,,,,,,,,,,,,,,,,,,,,,,,,,,,,,,,,,,,,,,,,,,,,,
Argentina,ARG,External debt stocks (% of GNI),DT.DOD.DECT.GN.ZS,,,,,,,,,,,19.38784636,18.89097515,20.15761407,13.98769107,10.72996347,14.86708772,18.56327145,20.72400524,15.26500832,30.85825207,35.81556004,46.60135483,55.25604284,47.01468058,44.25415721,61.32357883,52.12062605,56.59786538,48.62440768,93.34241862,46.2282372,35.719193,30.55643811,27.67193185,29.59450447,38.98484176,41.68252947,44.7428492,48.53654132,55.02941276,54.24170994,58.49329352,159.8901835,133.4749556,114.783966,74.24694157,52.8779757,43.15019175,36.79677862,41.42416233,30.94913019,27.74417801,26.23968789,27.80974522,29.83190239,30.35971303,33.31256112,36.02101404,54.89607122,65.24994527,68.09834014,51.61768775,40.08219425,39.95289495,39.05834524
Armenia,ARM,External debt stocks (% of GNI),DT.DOD.DECT.GN.ZS,,,,,,,,,,,,,,,,,,,,,,,,,,,,,,,,,,11.16004959,16.34674957,24.58200067,31.70764357,36.76436087,41.18949486,53.80842885,51.68229391,64.63698147,69.93715584,68.83361041,56.58880456,38.57503364,31.98818859,31.76033796,29.24306826,54.79197775,64.89815496,70.56429087,69.1932585,73.54356149,70.52297324,80.41546395,91.33022175,85.71426993,84.7329121,86.07489261,105.0066427,104.1518868,83.88494195,67.58880318,65.98709507
American Samoa,ASM,External debt stocks (% of GNI),DT.DOD.DECT.GN.ZS,,,,,,,,,,,,,,,,,,,,,,,,,,,,,,,,,,,,,,,,,,,,,,,,,,,,,,,,,,,,,,,,,
Antigua and Barbuda,ATG,External debt stocks (% of GNI),DT.DOD.DECT.GN.ZS,,,,,,,,,,,,,,,,,,,,,,,,,,,,,,,,,,,,,,,,,,,,,,,,,,,,,,,,,,,,,,,,,
Australia,AUS,External debt stocks (% of GNI),DT.DOD.DECT.GN.ZS,,,,,,,,,,,,,,,,,,,,,,,,,,,,,,,,,,,,,,,,,,,,,,,,,,,,,,,,,,,,,,,,,
Austria,AUT,External debt stocks (% of GNI),DT.DOD.DECT.GN.ZS,,,,,,,,,,,,,,,,,,,,,,,,,,,,,,,,,,,,,,,,,,,,,,,,,,,,,,,,,,,,,,,,,
Azerbaijan,AZE,External debt stocks (% of GNI),DT.DOD.DECT.GN.ZS,,,,,,,,,,,,,,,,,,,,,,,,,,,,,,,,,,2.25594381,9.447716749,13.29978892,13.83849155,12.85187068,15.83783331,27.03565673,30.61401559,27.32043179,28.16323181,27.89136615,26.84738754,19.34486746,15.27004491,13.90680316,10.31829127,11.16385012,14.64685412,12.56837171,16.51572236,15.0367743,16.58031422,25.65066234,40.65516136,38.9047105,36.70624705,35.48828954,38.62187091,29.01466618,21.02412113,21.6154482,17.04278566
Burundi,BDI,External debt stocks (% of GNI),DT.DOD.DECT.GN.ZS,,,,,,,,,,,6.362709431,5.590792432,2.929135406,2.628792245,2.806493996,4.699673838,5.116247692,8.790584601,12.5351249,17.63342113,17.97757478,18.48721948,22.61752811,28.66318683,35.7254502,40.21694646,48.2972878,69.76888324,75.57511883,81.07684659,81.17855607,83.33457051,95.99814883,114.7313201,123.3950432,117.6042417,132.2316631,111.303812,126.6925254,144.8006495,127.2476256,126.496859,151.8049541,175.8491969,152.9279439,117.1529316,108.4893259,104.400317,86.48594456,34.41181349,30.71742055,27.27531854,28.53344327,27.72569264,25.61325404,20.19551951,22.8401921,22.32692564,22.21478159,24.33103992,24.96281474,35.05773852,28.24373728,39.03772195,47.12696698
Belgium,BEL,External debt stocks (% of GNI),DT.DOD.DECT.GN.ZS,,,,,,,,,,,,,,,,,,,,,,,,,,,,,,,,,,,,,,,,,,,,,,,,,,,,,,,,,,,,,,,,,
Benin,BEN,External debt stocks (% of GNI),DT.DOD.DECT.GN.ZS,,,,,,,,,,,13.04833212,15.37791017,11.59041225,17.93977606,19.53639853,17.64552719,20.22058012,28.32250195,30.55555539,38.21850556,33.86247169,42.17839327,60.0963634,73.78959056,74.65248493,88.136233,79.27748322,81.13749513,73.3466221,73.09095693,57.82463518,58.79060395,73.33906804,56.85756634,88.42962964,65.70368978,59.49960759,61.39692191,60.08633346,42.62742183,42.88163955,44.60804561,44.43706581,32.13344555,32.41918608,28.6476158,17.91819424,18.45028392,17.41054614,20.76388577,24.08947704,20.51405155,24.11261542,24.68396964,27.5787747,31.83374133,35.51616616,38.80785918,48.50448874,48.45231082,54.71307288,59.66593452,63.16366078,64.41037742,66.55434082
Burkina Faso,BFA,External debt stocks (% of GNI),DT.DOD.DECT.GN.ZS,,,,,,,,,,,4.535190293,4.896801498,3.46720981,4.605722664,6.323373264,6.739717293,8.821513151,14.78668732,17.9385569,16.9631257,17.16771587,18.58166127,20.17171009,25.01060994,28.17747762,33.04261645,31.49814203,35.04828127,32.47287552,27.5478434,26.94523419,30.94991367,31.08791044,35.17624925,60.34119027,53.77796595,50.18270291,53.47839947,52.4738714,47.39218603,48.78636777,47.69878408,43.60368366,37.51176733,35.96754765,33.06867767,17.52111077,25.90431693,28.41177185,39.88995225,49.02102699,51.56494338,60.76226011,68.39098397,77.24497302,111.5882579,83.60879326,94.06235826,69.05141563,59.77176944,57.11138826,55.03655047,54.94235218,53.77461978,48.76174443
Bangladesh,BGD,External debt stocks (% of GNI),DT.DOD.DECT.GN.ZS,,,,,,,,,,,,,,6.139896578,10.0415094,8.644508249,19.73211734,24.26645787,21.30261976,19.09837078,20.94090891,20.44271819,26.21260145,29.50007938,28.48834124,28.82350218,35.64440249,39.16030364,37.80082497,36.37515678,38.13290122,41.1077239,41.34396077,41.46034149,44.48178336,40.24564344,31.83460855,28.73778209,30.16083574,31.1302505,28.31228579,26.92586964,29.32377541,29.46495112,29.02310531,25.50208473,26.58155757,25.40563166,23.65675677,22.94559826,21.32337466,19.48700426,20.1641903,20.02592787,19.12637443,18.65646473,14.97179048,16.80574504,17.09248027,17.08565118,18.88538361,20.87661178,20.26597532,22.28548849,22.25479772
Bulgaria,BGR,External debt stocks (% of GNI),DT.DOD.DECT.GN.ZS,,,,,,,,,,,,,,,,,,,,,,3.928053706,6.843452164,10.5468402,14.71792024,22.53338835,29.15824435,29.74638324,40.4062318,47.47678762,57.32612409,171.3041456,139.9058643,114.4585339,103.2782838,55.92189138,87.13765455,101.2794599,77.33234915,87.67929008,92.92744647,79.35346063,73.52850714,66.35903886,62.80511515,61.78971221,83.53038297,106.4748634,102.355249,110.5752384,102.1547239,85.43903741,95.99018162,94.6293062,83.38782506,82.21099703,76.71793405,71.01722662,62.81961588,60.92068615,68.92036794,55.45918102,55.14201989,,
Bahrain,BHR,External debt stocks (% of GNI),DT.DOD.DECT.GN.ZS,,,,,,,,,,,,,,,,,,,,,,,,,,,,,,,,,,,,,,,,,,,,,,,,,,,,,,,,,,,,,,,,,
"Bahamas, The",BHS,External debt stocks (% of GNI),DT.DOD.DECT.GN.ZS,,,,,,,,,,,,,,,,,,,,,,,,,,,,,,,,,,,,,,,,,,,,,,,,,,,,,,,,,,,,,,,,,
Bosnia and Herzegovina,BIH,External debt stocks (% of GNI),DT.DOD.DECT.GN.ZS,,,,,,,,,,,,,,,,,,,,,,,,,,,,,,,,,,,,,,,,44.48997633,45.78295804,42.49397685,44.58253223,50.91944838,50.31449038,60.50466733,65.5535008,71.69470767,66.51414381,76.97437101,82.24530821,66.01975823,75.21729041,75.12539989,70.17773315,70.57625409,68.05574643,71.87227678,63.73944813,62.09446585,69.50812864,58.81744469,55.50700511,50.55329514,49.15507321
Belarus,BLR,External debt stocks (% of GNI),DT.DOD.DECT.GN.ZS,,,,,,,,,,,,,,,,,,,,,,,,,,,,,,,,,,5.943454894,8.692719633,12.12701246,13.26037267,14.75776222,15.68634828,22.24962636,20.65726945,22.73255641,23.33721084,21.17325578,19.89987597,17.51223228,17.80898753,27.91971348,25.26980455,44.37081301,50.67329886,55.55438418,52.56631915,54.30296383,52.34070136,70.76682315,82.5010406,75.15549155,67.00098076,65.17476605,70.9847643,62.06228321,56.39479887,52.43762851,46.14528867
Belize,BLZ,External debt stocks (% of GNI),DT.DOD.DECT.GN.ZS,,,,,,,,,,,7.916294902,7.635747609,8.037884004,6.511702953,5.711079199,4.557453898,10.33459248,18.44631629,25.72414448,49.03106765,24.67939761,23.26773371,28.64984051,39.21219162,34.94140962,42.58302819,39.91925277,37.58811025,31.8548261,28.50316597,26.48191257,27.52793308,26.56115793,26.49509816,26.60636422,32.03575532,34.14924091,52.94817146,37.16063364,43.38874343,58.00214353,65.29320961,72.1671354,87.06831693,75.21610407,75.20355812,71.91865306,69.46998959,81.06782519,80.80633531,81.12719405,73.6871934,66.86409687,65.28092996,64.32731885,61.03741686,60.6171908,62.55822038,63.14334931,61.9332736,77.00093275,61.98748595,54.2321775,51.36922671,46.04289647
Bermuda,BMU,External debt stocks (% of GNI),DT.DOD.DECT.GN.ZS,,,,,,,,,,,,,,,,,,,,,,,,,,,,,,,,,,,,,,,,,,,,,,,,,,,,,,,,,,,,,,,,,
Bolivia,BOL,External debt stocks (% of GNI),DT.DOD.DECT.GN.ZS,,,,,,,,,,,,,,,,,50.36077857,57.03598663,61.38969471,60.89912996,66.58773995,61.24815864,66.03058508,82.4316774,76.67485923,97.87785723,155.3495717,146.6794422,115.3407777,94.90628235,94.60905977,81.60602329,79.54902625,79.58991142,85.62552395,82.34192508,73.38529143,68.74010209,68.24267298,69.91279229,72.10634486,60.45178508,66.31798774,75.36917858,74.91558841,75.96006034,56.58972101,40.09907335,35.32702532,34.68295928,30.79031349,26.90469,25.9950614,28.31771411,28.38503956,31.04562758,32.99572929,35.68795641,33.70060081,35.69983902,42.58181863,40.69789157,37.2686638,37.1837076,32.53769749
Brazil,BRA,External debt stocks (% of GNI),DT.DOD.DECT.GN.ZS,,,,,,,,,,,14.34068531,15.8702009,20.42804066,19.22154238,21.5335073,22.76866586,22.48056843,24.53064285,28.06603022,28.22408687,31.66914419,32.42082515,35.33621976,51.72318402,52.9382284,49.35626708,42.8010802,42.577923,37.27017455,26.40699838,32.10658843,36.23527752,40.22844031,40.24188248,30.26711903,21.21898441,21.66653618,22.9073573,28.6093884,42.17678067,38.09647348,42.44350058,47.07685384,43.64475396,33.9781538,21.75462757,17.99252754,17.43730593,15.89564621,17.27804482,16.46096339,15.85160333,18.32562472,19.83772447,23.10604297,30.72992828,30.90908735,26.81566646,29.92896042,31.19641446,38.0076646,35.29101319,30.56211816,28.62865018,28.66126611
Barbados,BRB,External debt stocks (% of GNI),DT.DOD.DECT.GN.ZS,,,,,,,,,,,,,,,,,,,,,,,,,,,,,,,,,,,,,,,,,,,,,,,,,,,,,,,,,,,,,,,,,
Brunei Darussalam,BRN,External debt stocks (% of GNI),DT.DOD.DECT.GN.ZS,,,,,,,,,,,,,,,,,,,,,,,,,,,,,,,,,,,,,,,,,,,,,,,,,,,,,,,,,,,,,,,,,
Bhutan,BTN,External debt stocks (% of GNI),DT.DOD.DECT.GN.ZS,,,,,,,,,,,,,,,,,,,,,,0.301695675,1.064848959,1.581581345,2.163148216,6.862786641,13.48850299,19.03598408,27.26497003,29.34037201,31.04236216,39.47933549,42.09211201,47.85682481,43.77356797,41.76511995,42.14363458,37.28672822,55.6865946,58.59953758,45.9701581,54.99643602,70.02507308,77.35282025,83.5882779,77.35435971,76.76958876,64.6856312,53.99882114,61.41219357,57.66088582,57.43529509,79.16083141,89.44591156,99.33811929,103.230441,110.0207325,113.8495473,112.2222583,111.877606,139.8318177,125.1388199,115.0155063,114.4995035,
Botswana,BWA,External debt stocks (% of GNI),DT.DOD.DECT.GN.ZS,,,,,,,,,,,17.24287213,25.35999489,45.45763424,47.02016937,43.32410218,41.66456775,44.71556823,41.08763305,21.26284063,15.85844426,13.37490686,14.35568145,19.62337197,20.1419712,23.688776,33.94392163,31.74821389,31.42644901,21.58005557,19.51687582,15.00542891,15.29200191,14.23738194,14.90838475,17.35846615,15.26452178,13.63601373,11.78819554,10.83835503,9.770031029,8.322685978,7.479765632,10.36456113,7.565283317,6.449163419,5.06958019,3.895005609,4.168161332,4.398732006,16.38539624,14.87527448,15.95085872,17.77283914,17.4581483,16.60428411,16.99951868,15.37994023,11.75243426,11.48362038,9.323394485,10.69921559,10.63180038,9.838853429,11.23737333,11.9275332
Central African Republic,CAF,External debt stocks (% of GNI),DT.DOD.DECT.GN.ZS,,,,,,,,,,,12.88915613,14.28564199,16.12684652,20.94561881,24.57792427,21.01315082,20.9958549,26.04346519,23.26994573,22.69635539,24.34494189,33.43107693,34.20451876,39.80116278,41.96749927,40.05909613,41.61435034,52.49774609,54.05164341,57.39791414,49.25037627,58.34169818,58.28344288,69.45114849,106.9453577,86.43909821,94.53074476,95.76525259,96.86038684,93.22732364,96.16327424,90.26751246,108.2551359,92.06389234,87.52945761,78.61019227,72.21972212,60.84119187,50.58745461,26.64478643,30.43497173,25.35044171,24.85903621,38.12987631,37.22999882,43.11832015,40.25900035,35.47939454,34.99535878,36.36719399,36.9485083,41.34494249,41.66479317,40.03257378,35.85407126
Canada,CAN,External debt stocks (% of GNI),DT.DOD.DECT.GN.ZS,,,,,,,,,,,,,,,,,,,,,,,,,,,,,,,,,,,,,,,,,,,,,,,,,,,,,,,,,,,,,,,,,
Central Europe and the Baltics,CEB,External debt stocks (% of GNI),DT.DOD.DECT.GN.ZS,,,,,,,,,,,,,,,,,,,,,,,,,,,,,,,,,,,,,,,,,,,,,,,,,,,,,,,,,,,,,,,,,
Switzerland,CHE,External debt stocks (% of GNI),DT.DOD.DECT.GN.ZS,,,,,,,,,,,,,,,,,,,,,,,,,,,,,,,,,,,,,,,,,,,,,,,,,,,,,,,,,,,,,,,,,
Channel Islands,CHI,External debt stocks (% of GNI),DT.DOD.DECT.GN.ZS,,,,,,,,,,,,,,,,,,,,,,,,,,,,,,,,,,,,,,,,,,,,,,,,,,,,,,,,,,,,,,,,,
Chile,CHL,External debt stocks (% of GNI),DT.DOD.DECT.GN.ZS,,,,,,,,,,,,,,,,,,,,,,,,,,,,,,,,,,,,,,,,,,,,,,,,,,,,,,,,,,,,,,,,,
China,CHN,External debt stocks (% of GNI),DT.DOD.DECT.GN.ZS,,,,,,,,,,,,,,,,,,,,,,2.956195103,4.063130359,4.142835964,4.619071654,5.371167651,7.872666043,12.93181785,13.5689412,12.8910079,15.25455558,15.63998853,16.9200403,19.31907516,17.78906566,16.28743174,15.07290366,15.35455113,14.1318708,13.66158401,12.06749045,13.79747964,12.57500116,12.37870591,12.49879702,12.42076986,11.71492347,10.45789193,8.228926045,8.772275333,12.04473255,13.86866041,13.2676744,15.31744643,16.63929883,11.8789197,12.40231688,13.6631367,13.92488824,14.5601861,15.63453521,15.07036833,13.93176341,13.50675136,13.00075226
Cote d'Ivoire,CIV,External debt stocks (% of GNI),DT.DOD.DECT.GN.ZS,,,,,,,,,,,26.31335821,33.90027649,32.40194683,35.88989416,35.85812242,39.02383931,40.58246284,42.38028747,50.52853591,54.96202076,77.08710847,102.9145967,127.5352025,144.0368083,134.589301,153.4224605,135.2101477,147.631839,143.4273629,177.0158264,187.3258249,199.2435799,189.1102168,197.0325223,230.7226513,188.7452168,173.9564161,141.8610595,123.5508368,112.5978713,123.8277407,117.1357361,107.8376107,89.52638341,89.10885136,73.06040165,79.75934509,73.54087135,55.36615647,63.55300277,48.7687328,52.36374526,36.80434939,32.99593057,20.45313439,25.41090257,24.20068664,26.37797182,28.46347714,33.7779621,41.04394274,42.19623416,46.08233288,47.48264113,48.83040446
Cameroon,CMR,External debt stocks (% of GNI),DT.DOD.DECT.GN.ZS,,,,,,,,,,,14.34881878,16.09095727,16.09256878,16.27747878,17.24725807,17.37370532,23.85285946,42.350194,35.86065908,38.94944055,46.250324,44.48783197,45.15450075,44.7576536,41.03997162,38.19096556,35.35052793,35.62242733,39.47020485,49.6835727,55.67691641,60.95209546,65.99090318,49.97739822,110.432486,106.1764836,105.3300066,105.1519178,104.6101715,96.82257617,105.9130547,95.04541074,87.60486507,73.86999836,58.92579214,40.48220448,16.54817864,13.17078957,10.38630933,11.63715965,11.70997742,10.2035512,13.08605433,15.63718498,16.14861347,22.99067747,23.72537065,28.36026617,28.06212387,33.2997558,36.87028269,34.72779137,34.97218581,31.88163573,31.28762516
"Congo, Dem. Rep.",COD,External debt stocks (% of GNI),DT.DOD.DECT.GN.ZS,,,,,,,,,,,7.107798434,7.360592061,10.98924382,13.32232951,16.06415439,20.01923965,30.7056908,30.38270554,29.37577425,30.32179721,33.83029063,41.75700923,38.40277556,49.9063547,69.22482525,90.4646843,90.02091718,124.7175002,105.4514051,110.4000513,119.4798523,140.6680392,146.9209229,111.8543813,239.9665964,271.2220508,237.4734337,216.8398056,226.4046269,283.9147403,63.12583477,164.4361524,119.2314518,131.2548143,115.365176,93.25276711,81.00506058,77.37414583,66.61600032,73.29873192,27.50926377,20.9235493,19.04492742,21.05397239,17.15273891,15.61204827,14.35765007,14.32252353,14.40316393,14.7368783,17.86376971,19.65547758,17.15258666,18.49903859,18.25386802
"Congo, Rep.",COG,External debt stocks (% of GNI),DT.DOD.DECT.GN.ZS,,,,,,,,,,,44.31037652,44.42121869,39.11951073,36.2479555,45.74095864,48.4101417,53.15824005,79.55493237,94.99819822,95.58082441,98.89168049,79.390989,96.87811357,105.2755402,99.80633924,150.2581676,186.3123051,183.3202226,212.4439035,208.6698548,211.5478317,210.0380344,184.9265331,235.5486185,357.4810646,489.2969314,358.803249,302.9560849,344.9387015,305.5644842,205.0058385,244.7753777,229.5492954,214.3050045,215.7695986,124.8013991,97.76895571,71.65875648,51.27248666,56.40022258,22.88009911,22.65368281,21.42247026,23.94151043,31.48183859,54.78793296,63.24524938,71.30777175,50.48951602,66.81256675,72.1017777,61.86504962,51.98459418,47.22866507,44.89624095
Colombia,COL,External debt stocks (% of GNI),DT.DOD.DECT.GN.ZS,,,,,,,,,,,33.2661484,34.47904705,34.98722923,32.92466654,28.84848229,30.79607197,27.5196077,27.31884,23.06274691,21.90649648,21.52164869,24.85891841,27.6844229,31.02634758,33.46444476,43.57274452,46.94519174,50.13250015,45.94450115,45.85073683,38.23346613,36.57406627,31.28141347,29.80248907,27.69996591,27.88461163,30.71444599,30.93771994,34.52914744,41.03134955,35.13070353,38.22853578,35.23214106,40.83051733,33.83054658,26.42884546,24.52256156,22.17557051,20.09143831,23.79760512,23.299456,23.74433184,22.22977398,25.11729909,28.2553484,39.15513124,43.23644642,41.18133,40.93530236,44.01448162,58.19527643,54.57025307,55.29016043,54.96981442,49.20386998
Comoros,COM,External debt stocks (% of GNI),DT.DOD.DECT.GN.ZS,,,,,,,,,,,,,,,,,,,,,20.66119685,27.90023054,37.35261022,44.89588871,56.93076655,68.63303582,59.98562827,60.42144707,56.40492064,50.96597867,43.0911231,42.36871483,40.73522516,40.71299951,61.68158649,52.29952564,55.72413884,60.93878425,62.1639891,60.5064521,66.08806187,64.01136641,63.62464909,53.1575345,48.17785675,44.2556368,42.09853856,36.08356541,30.22318612,31.71861129,30.6874148,26.97110482,24.88000441,12.77015492,11.85288497,12.9348444,17.18522727,16.7806633,22.36300097,22.54843693,24.76313575,26.92749401,28.15385379,26.54765348,24.81171988
Cabo Verde,CPV,External debt stocks (% of GNI),DT.DOD.DECT.GN.ZS,,,,,,,,,,,,,,,,,,,,,,28.12741838,43.3442647,54.47975818,59.79390159,71.01938758,60.27990442,55.11682021,46.91539902,46.56679403,43.26188581,41.81622466,39.61425349,30.03198887,43.30453127,44.18657111,40.72477109,42.40658407,47.78550024,56.3006616,60.87574177,62.05080602,64.03116717,55.26185286,51.19239882,50.87300333,49.32824684,35.8772938,32.73839043,40.04723408,50.51911174,52.77049433,87.44619437,100.2111071,95.05172802,108.8987408,102.6269204,109.2652882,96.87871446,97.44329452,136.237789,121.4066069,108.2757483,98.13893515,86.88661448
Costa Rica,CRI,External debt stocks (% of GNI),DT.DOD.DECT.GN.ZS,,,,,,,,,,,,,,,,,,,,,,,,,,,,,,,,,,,,,,,,,,,,,,,,,,,,,,,,,,,,,,,,,
Caribbean small states,CSS,External debt stocks (% of GNI),DT.DOD.DECT.GN.ZS,,,,,,,,,,,,,,,,,,,,,,,,,,,,,,,,,,,,,,,,,,,,,,,,,,,,,,,,,,,,,,,,,
Cuba,CUB,External debt stocks (% of GNI),DT.DOD.DECT.GN.ZS,,,,,,,,,,,,,,,,,,,,,,,,,,,,,,,,,,,,,,,,,,,,,,,,,,,,,,,,,,,,,,,,,
Curacao,CUW,External debt stocks (% of GNI),DT.DOD.DECT.GN.ZS,,,,,,,,,,,,,,,,,,,,,,,,,,,,,,,,,,,,,,,,,,,,,,,,,,,,,,,,,,,,,,,,,
Cayman Islands,CYM,External debt stocks (% of GNI),DT.DOD.DECT.GN.ZS,,,,,,,,,,,,,,,,,,,,,,,,,,,,,,,,,,,,,,,,,,,,,,,,,,,,,,,,,,,,,,,,,
Cyprus,CYP,External debt stocks (% of GNI),DT.DOD.DECT.GN.ZS,,,,,,,,,,,,,,,,,,,,,,,,,,,,,,,,,,,,,,,,,,,,,,,,,,,,,,,,,,,,,,,,,
Czechia,CZE,External debt stocks (% of GNI),DT.DOD.DECT.GN.ZS,,,,,,,,,,,,,,,,,,,,,,,,,,,,,,,,,,,,,,,,,,,,,,,,,,,,,,,,,,,,,,,,,
Germany,DEU,External debt stocks (% of GNI),DT.DOD.DECT.GN.ZS,,,,,,,,,,,,,,,,,,,,,,,,,,,,,,,,,,,,,,,,,,,,,,,,,,,,,,,,,,,,,,,,,
Djibouti,DJI,External debt stocks (% of GNI),DT.DOD.DECT.GN.ZS,,,,,,,,,,,,,,,,,,,,,,,,,,,,,,,,42.41878128,44.16945577,47.53777937,50.70008696,52.93058994,56.47193606,51.06427217,53.2119057,49.15636972,52.5352242,51.24737608,59.15290643,61.53274618,66.85091485,66.75013304,71.55316172,92.9119464,81.91700316,83.92657853,67.06465684,61.66579052,58.0905973,40.6920826,42.92716736,51.20142185,67.41627375,86.0029214,83.76521764,85.2277738,95.23250585,96.22176596,87.31750793,85.29081773,83.82887472
Dominica,DMA,External debt stocks (% of GNI),DT.DOD.DECT.GN.ZS,,,,,,,,,,,,,,,,,,,,,,17.47224044,22.87056896,39.8629322,48.16518633,50.06623321,46.25517607,50.41487113,45.21584537,44.50128963,46.17699858,46.25157232,43.0874991,41.08324269,39.35180089,40.14680505,42.59019689,36.7440838,37.07823827,43.81803858,62.32476469,66.09540339,71.66856623,88.76455617,89.42543763,81.16862124,67.92316855,62.46648079,56.41954711,54.1640675,53.17173326,53.77387781,59.6636698,92.98810175,86.67327812,88.40153829,90.5118432,91.96877977,80.27099539,72.50115212,89.45563872,90.5167937,95.72706532,89.88403298,82.35673033
Denmark,DNK,External debt stocks (% of GNI),DT.DOD.DECT.GN.ZS,,,,,,,,,,,,,,,,,,,,,,,,,,,,,,,,,,,,,,,,,,,,,,,,,,,,,,,,,,,,,,,,,
Dominican Republic,DOM,External debt stocks (% of GNI),DT.DOD.DECT.GN.ZS,,,,,,,,,,,26.38677776,26.4324246,23.72836565,21.9657897,21.43314796,20.28655085,22.19124924,26.38380774,29.73004171,30.31016463,31.77578701,32.6358159,32.42384146,33.6488687,28.34183295,75.62129642,64.01222354,72.58321907,80.60086012,65.26432138,66.35176519,48.61321178,42.2441751,40.02993769,31.27151405,28.56596627,25.2030143,22.42211719,21.52804334,22.65793894,19.84998815,21.26611447,25.30241138,36.38079297,38.12638458,22.88450112,25.59109652,25.72349136,22.89299045,25.49076876,26.02200962,27.10775712,37.99995094,40.20908459,41.19598333,39.2875138,39.1307092,39.13017055,39.19175195,41.25148545,54.28108189,48.68487669,44.23449389,45.37386751,45.3336943
Algeria,DZA,External debt stocks (% of GNI),DT.DOD.DECT.GN.ZS,,,,,,,,,,,19.81357832,25.03355417,22.97876848,34.6538133,25.61996535,30.12104289,35.10777487,53.52653245,62.68691291,58.6776915,47.83761639,43.37914686,40.81517486,34.81741993,30.54674845,32.38084487,36.53241486,37.70235439,46.12310654,50.84794516,47.09541601,65.99780648,59.662683,54.51671303,74.10099262,83.51100158,75.82278095,67.22889836,66.43954121,60.84815374,48.88907077,39.3442465,38.83453046,33.46566198,25.35764951,16.67194223,4.971565333,4.355164203,3.483481461,4.970653441,4.08153905,2.795407145,2.45236412,2.322271495,2.354859908,2.543671717,3.04187962,3.040682766,2.999358585,2.897610058,3.193519089,4.0412076,3.235007752,2.997554886,2.667748174
East Asia & Pacific (excluding high income),EAP,External debt stocks (% of GNI),DT.DOD.DECT.GN.ZS,,,,,,,,,,,5.818541772,6.805406305,7.124357081,6.699575403,7.329758923,8.017667338,10.03001064,10.98210826,14.1540387,14.61311994,15.88809603,17.53987775,19.51961186,20.80118347,20.60266633,21.66372502,25.74700177,32.87167024,30.60494195,32.4120866,35.39510732,36.90451758,36.8113385,37.06446345,35.65222429,34.66811031,32.50029153,32.91098222,36.39333286,33.25321262,27.96286814,26.91355839,24.00828303,22.44848021,21.04520644,19.61388265,17.23524179,15.07419074,12.29552108,13.05887536,15.48897857,16.61426388,16.5247378,18.19646699,19.3521774,15.2486948,15.71756234,16.9083106,17.0410819,17.57063397,18.87348734,17.90850332,16.71469787,16.24276026,15.73713306
Early-demographic dividend,EAR,External debt stocks (% of GNI),DT.DOD.DECT.GN.ZS,,,,,,,,,,,,,,,,,,,,,,,,,,,,,,,,,,,,,,,,,,,,,,,,,,,,,,,,,,,,,,,,,
East Asia & Pacific,EAS,External debt stocks (% of GNI),DT.DOD.DECT.GN.ZS,,,,,,,,,,,,,,,,,,,,,,,,,,,,,,,,,,,,,,,,,,,,,,,,,,,,,,,,,,,,,,,,,
Europe & Central Asia (excluding high income),ECA,External debt stocks (% of GNI),DT.DOD.DECT.GN.ZS,,,,,,,,,,,,,,,,,,,,,,,,,,,,,,,18.67771476,19.41745448,22.43016806,26.93074247,34.94772475,34.3447736,35.57009433,37.03725355,35.03701677,41.85775971,46.95706135,57.49594832,55.63140111,49.75201282,44.4761687,39.57398712,45.05588119,46.40646526,44.33506452,54.78037144,51.87720986,48.36413614,48.9822968,50.18896315,52.17548315,57.42708188,60.98212763,63.9075165,63.87816241,63.50556263,69.42337685,61.85573537,58.44158026,54.30016106,49.21325728
Europe & Central Asia,ECS,External debt stocks (% of GNI),DT.DOD.DECT.GN.ZS,,,,,,,,,,,,,,,,,,,,,,,,,,,,,,,,,,,,,,,,,,,,,,,,,,,,,,,,,,,,,,,,,
Ecuador,ECU,External debt stocks (% of GNI),DT.DOD.DECT.GN.ZS,,,,,,,,,,,14.19278328,15.9045051,17.06288897,15.20087249,11.01818585,12.94730249,13.56228331,22.95176714,35.08711548,33.67660532,35.37710558,36.92612271,41.24592411,47.30613373,53.13488166,54.64610267,65.99367548,81.90071043,91.45922573,90.81950941,86.69817544,78.89255147,71.50251057,78.10490665,83.17392058,72.32321996,72.12701331,67.67465127,69.08334552,104.2107413,106.4241729,81.80563504,75.87008239,67.74487723,61.82213938,53.09448766,46.47457302,44.08568781,31.86664697,22.73484816,22.92674165,20.81282674,18.80549809,20.05222067,24.69056472,29.74487129,36.94809738,40.32432957,42.99101835,49.6566686,60.94535016,55.1142077,53.12974743,52.10634356,49.74862982
"Egypt, Arab Rep.",EGY,External debt stocks (% of GNI),DT.DOD.DECT.GN.ZS,,,,,,,,,,,22.58199604,24.00534615,21.15057922,19.96703275,24.25357338,42.45989042,49.00066962,83.95616747,90.87635221,87.93193784,94.65882427,107.8490047,105.6141756,103.8675856,100.8751932,100.9928089,106.5450196,110.5619306,132.7186645,116.3821329,78.84577277,86.64197306,74.08964734,65.4923875,62.362128,55.34388416,46.29687479,37.94020849,37.75136785,34.11638489,29.14366978,28.98198964,34.80888967,37.99841282,39.96561195,34.1985013,28.74149251,26.29228679,20.66376897,18.70944776,17.14849935,15.3121407,14.694159,16.55886082,14.00207678,15.40909108,21.09598844,34.69610186,38.80361238,37.34863771,35.58431782,35.41305993,35.38328191,44.42124325,41.98201386
Euro area,EMU,External debt stocks (% of GNI),DT.DOD.DECT.GN.ZS,,,,,,,,,,,,,,,,,,,,,,,,,,,,,,,,,,,,,,,,,,,,,,,,,,,,,,,,,,,,,,,,,
Eritrea,ERI,External debt stocks (% of GNI),DT.DOD.DECT.GN.ZS,,,,,,,,,,,,,,,,,,,,,,,,,,,,,,,,,,,5.462951424,6.265644709,6.457295557,11.04257934,19.48922223,39.3318177,46.64333251,57.70527371,74.76996584,76.2382721,69.5074494,69.53233743,68.42104419,68.41327176,72.91427609,57.08420408,66.07621576,51.48349998,,,,,,,,,,,,,
Spain,ESP,External debt stocks (% of GNI),DT.DOD.DECT.GN.ZS,,,,,,,,,,,,,,,,,,,,,,,,,,,,,,,,,,,,,,,,,,,,,,,,,,,,,,,,,,,,,,,,,
Estonia,EST,External debt stocks (% of GNI),DT.DOD.DECT.GN.ZS,,,,,,,,,,,,,,,,,,,,,,,,,,,,,,,,,,,,,,,,,,,,,,,,,,,,,,,,,,,,,,,,,
Ethiopia,ETH,External debt stocks (% of GNI),DT.DOD.DECT.GN.ZS,,,,,,,,,,,5.573578452,6.35533446,6.473451181,6.335937873,6.210839995,7.536577373,8.146592853,8.862425395,9.431392152,11.24115973,11.73456365,24.55557584,41.55954249,43.85412123,51.00303566,53.82417036,61.05934166,68.67366793,69.41922057,67.24179866,69.65277947,66.54072644,87.50859873,108.5175549,143.557895,132.4485232,115.7624673,115.8962711,130.3726431,71.07106227,67.41768138,70.24199502,84.03573889,85.09195905,65.24037715,49.9444272,14.57107928,13.14585044,10.51298427,16.54976775,24.4334323,26.99699067,24.21666576,26.47258573,30.55573523,31.78125823,31.59410887,32.19599037,35.57260168,31.86778611,30.23402787,28.91019823,24.26386881,,
European Union,EUU,External debt stocks (% of GNI),DT.DOD.DECT.GN.ZS,,,,,,,,,,,,,,,,,,,,,,,,,,,,,,,,,,,,,,,,,,,,,,,,,,,,,,,,,,,,,,,,,
Fragile and conflict affected situations,FCS,External debt stocks (% of GNI),DT.DOD.DECT.GN.ZS,,,,,,,,,,,,,,,,,,,,,,,,,,,,,,,,,,,,,,,,,,,,,,,,,,,,,,,,,,,,,,,,,
Finland,FIN,External debt stocks (% of GNI),DT.DOD.DECT.GN.ZS,,,,,,,,,,,,,,,,,,,,,,,,,,,,,,,,,,,,,,,,,,,,,,,,,,,,,,,,,,,,,,,,,
Fiji,FJI,External debt stocks (% of GNI),DT.DOD.DECT.GN.ZS,,,,,,,,,,,5.542354745,6.277091881,6.782640836,11.23320634,9.797225548,8.872109817,9.353924572,16.98247753,12.52661391,14.07797135,18.25856573,22.57047545,26.11767658,30.36401298,27.35787724,29.68666935,26.49241826,31.25365135,33.88110973,27.19858764,24.6618702,20.98543128,17.36586175,15.56687308,11.31642492,9.498303068,7.891015853,7.703373746,10.53912099,12.38752891,11.3660626,11.07021721,11.43763241,11.21581164,9.738048463,10.00964134,12.62853165,12.04850775,20.05523245,37.35094167,36.39861608,30.99041436,33.55639246,32.30538315,30.94698123,33.93421217,30.07662853,33.7215158,31.18610818,36.68010017,49.31711066,61.60738945,63.51225902,65.25161865,71.38676008
France,FRA,External debt stocks (% of GNI),DT.DOD.DECT.GN.ZS,,,,,,,,,,,,,,,,,,,,,,,,,,,,,,,,,,,,,,,,,,,,,,,,,,,,,,,,,,,,,,,,,
Faroe Islands,FRO,External debt stocks (% of GNI),DT.DOD.DECT.GN.ZS,,,,,,,,,,,,,,,,,,,,,,,,,,,,,,,,,,,,,,,,,,,,,,,,,,,,,,,,,,,,,,,,,
"Micronesia, Fed. Sts.",FSM,External debt stocks (% of GNI),DT.DOD.DECT.GN.ZS,,,,,,,,,,,,,,,,,,,,,,,,,,,,,,,,,,,,,,,,,,,,,,,,,,,,,,,,,,,,,,,,,
Gabon,GAB,External debt stocks (% of GNI),DT.DOD.DECT.GN.ZS,,,,,,,,,,,33.80074854,40.68517851,57.13197776,59.55187524,37.23863021,44.03208015,43.60323654,55.54694008,69.9538368,64.54619774,39.26373783,32.13018821,30.27726795,29.54773439,27.54915485,38.95365835,61.56326809,86.17935046,79.98538657,84.78114491,74.63674904,87.08554973,79.15597356,103.1232103,113.0088973,101.6142988,87.47828268,92.8915112,111.6554887,97.86646226,91.40609516,78.46121851,72.44979339,65.66660102,62.51309706,46.17386195,48.70905511,48.29692738,18.55073637,25.25486383,23.34793602,20.25914263,20.9682001,30.349633,26.92716912,38.90881779,41.6453798,47.03831342,43.77072632,47.00711974,53.29741172,45.93896528,41.98371622,41.15821857,35.9523011
United Kingdom,GBR,External debt stocks (% of GNI),DT.DOD.DECT.GN.ZS,,,,,,,,,,,,,,,,,,,,,,,,,,,,,,,,,,,,,,,,,,,,,,,,,,,,,,,,,,,,,,,,,
Georgia,GEO,External debt stocks (% of GNI),DT.DOD.DECT.GN.ZS,,,,,,,,,,,,,,,,,,,,,,,,,,,,,,,,,2.163700194,21.04962035,58.724649,48.18498377,45.02184223,40.29126736,43.32417442,62.81263185,58.98511736,58.94451031,59.72763706,53.70398669,44.55754135,33.31744672,32.54834199,29.25820351,60.62821241,80.87791329,71.99414078,78.2844596,80.83329892,79.13051843,79.50470293,96.50640721,107.3652051,102.0487771,99.32482548,111.3236223,131.6583032,124.4034052,100.3125457,84.97638477,79.67678522
Ghana,GHA,External debt stocks (% of GNI),DT.DOD.DECT.GN.ZS,,,,,,,,,,,26.35482865,22.86011933,28.85981251,25.34576684,25.39185976,25.84826508,25.89117821,33.56276021,34.99208185,32.00010976,31.59183987,36.55592706,36.87071331,41.43572898,44.97824103,50.99438627,49.32796205,67.1132779,61.79896644,66.27310342,67.18253956,67.58064841,71.44462341,83.43704964,102.5084166,93.75334188,94.89866741,93.92815313,95.07358689,94.03607615,139.443581,131.770132,126.5628321,111.158074,83.42201145,76.24298779,29.83210935,33.66697977,35.21671359,49.9435765,56.79934064,55.93236526,59.09696326,46.66289921,55.03002542,65.28951442,64.62711419,58.74403281,54.6463727,49.86945713,56.96149443,60.43757492,60.02274691,55.29637572,46.91716682
Gibraltar,GIB,External debt stocks (% of GNI),DT.DOD.DECT.GN.ZS,,,,,,,,,,,,,,,,,,,,,,,,,,,,,,,,,,,,,,,,,,,,,,,,,,,,,,,,,,,,,,,,,
Guinea,GIN,External debt stocks (% of GNI),DT.DOD.DECT.GN.ZS,,,,,,,,,,,11.35038388,13.62439235,13.5675908,13.35955481,14.42858637,13.99360487,13.4319205,14.61295371,14.14564483,14.33040876,12.68944615,15.4848132,12.47215662,9.659847269,7.407129321,6.976496598,64.07032333,72.52789896,67.60330524,64.16004782,64.99015723,60.50856463,55.82105704,58.94531358,62.59443806,60.26927603,57.78025361,64.47038914,69.25945202,64.50656878,71.6750336,72.0556909,74.07769623,66.38085911,63.86977356,76.94058013,75.53145363,53.11761674,46.50445325,49.25757351,47.79949029,48.18258202,17.80911593,21.05665258,21.49386175,23.56410487,26.10466888,23.26151211,22.18951609,26.55806942,29.52908854,28.34042607,25.06448549,25.21693761,23.19738637
"Gambia, The",GMB,External debt stocks (% of GNI),DT.DOD.DECT.GN.ZS,,,,,,,,,,,9.706271758,10.0626812,12.79651586,11.99107626,12.90894426,11.688122,13.62102646,27.20734035,29.09263661,39.71332945,57.7232906,81.85225475,98.79650209,106.0375004,129.0939887,97.64938001,126.1118683,130.4194979,119.5760395,126.365041,126.5908786,57.17375005,57.98743965,57.86808889,58.06444107,55.28794499,54.31683432,54.45013822,56.38399418,60.03002041,65.11877103,75.36106175,107.0583611,138.563961,72.20985485,65.8366506,68.93107838,55.09607679,25.46864887,37.34302575,35.93324578,37.44352075,40.81386331,43.30662654,46.51587876,43.56509844,42.771542,51.10457825,47.39532473,47.75688149,53.99875499,56.66312136,54.27118363,55.80145678,66.35661271
Guinea-Bissau,GNB,External debt stocks (% of GNI),DT.DOD.DECT.GN.ZS,,,,,,,,,,,0,0,0,0,0,2.765751757,5.679112209,8.819977695,16.46142235,22.68305821,48.74211143,37.30780299,40.27598591,47.28839081,71.49342218,86.77867077,115.5968495,111.8452453,139.6282369,113.7784253,113.9885473,118.0919845,136.4121435,134.5950849,145.4264366,140.3312798,137.2139391,135.1650731,168.7510948,166.9837894,251.2484861,226.2330016,213.632836,195.20885,193.7953772,161.7629375,166.782449,146.3481277,116.6710173,126.7971153,114.5770318,22.9125497,27.22577752,28.28173508,33.36012151,48.99450362,47.16765338,50.43405929,54.77901966,55.83950582,65.40052958,66.35553231,67.66977563,68.06983416,67.11106491
Equatorial Guinea,GNQ,External debt stocks (% of GNI),DT.DOD.DECT.GN.ZS,,,,,,,,,,,,,,,,,,,,,,,,,,,,,,,,,,,,,,,,,,,,,,,,,,,,,,,,,,,,,,,,,
Greece,GRC,External debt stocks (% of GNI),DT.DOD.DECT.GN.ZS,,,,,,,,,,,,,,,,,,,,,,,,,,,,,,,,,,,,,,,,,,,,,,,,,,,,,,,,,,,,,,,,,
Grenada,GRD,External debt stocks (% of GNI),DT.DOD.DECT.GN.ZS,,,,,,,,,,,,,,,,,,20.50766605,22.01698651,22.23284673,19.80984781,30.71217626,37.80595465,45.96136639,39.53150404,36.78121211,35.8786559,38.55578996,39.44270179,35.55095999,42.40152086,42.36603609,38.48087707,49.55935744,41.18281887,38.98237571,40.02412892,31.08374825,40.73214787,30.26066861,41.00810767,49.19679293,75.51364195,68.28098242,80.46053614,54.28447252,67.56707417,67.9595314,68.79854294,78.59169345,76.6738679,71.27146466,76.96787987,71.83663309,77.03450246,68.39745998,64.59397661,56.03167826,55.09098895,50.19141958,85.83107427,87.76200422,74.47471565,74.37766401,68.59387675
Greenland,GRL,External debt stocks (% of GNI),DT.DOD.DECT.GN.ZS,,,,,,,,,,,,,,,,,,,,,,,,,,,,,,,,,,,,,,,,,,,,,,,,,,,,,,,,,,,,,,,,,
Guatemala,GTM,External debt stocks (% of GNI),DT.DOD.DECT.GN.ZS,,,,,,,,,,,10.33899668,11.27711153,11.38614584,11.11052942,10.44978354,11.08600799,10.77165248,13.65250912,15.03177381,16.54097375,16.20701328,16.06236428,19.23013162,21.54663874,26.83703861,29.18284186,41.5472657,41.87462512,35.32664122,32.81716927,39.05058823,30.81842407,27.40782213,26.1045074,24.60228384,23.00962527,22.1049334,20.01649479,19.2143275,21.38266476,20.69269662,23.91720716,22.49394599,24.2612616,34.93885741,36.14831736,37.6624982,38.74141724,36.50166592,40.72996552,37.94647159,35.72608865,31.63976458,33.77873611,34.63525707,33.57224811,32.69448093,33.16326361,33.7967825,32.46271288,31.91664125,31.20702542,27.00678108,25.0515939,24.24449132
Guam,GUM,External debt stocks (% of GNI),DT.DOD.DECT.GN.ZS,,,,,,,,,,,,,,,,,,,,,,,,,,,,,,,,,,,,,,,,,,,,,,,,,,,,,,,,,,,,,,,,,
Guyana,GUY,External debt stocks (% of GNI),DT.DOD.DECT.GN.ZS,,,,,,,,,,,33.61224685,59.34201984,57.65359843,61.14402116,53.70391476,68.32076204,99.19386262,124.4710045,126.9854143,137.4765726,150.1523365,180.5378274,239.3940763,298.8406925,360.4796361,396.5267303,399.2397041,672.7952726,593.5790374,647.7941635,678.6665419,926.1476697,726.8537282,542.6609729,448.0754011,395.4658577,246.0422033,235.3931938,223.9154401,228.9537323,205.5448013,200.8911198,207.1351312,207.6999492,181.0219351,154.0018377,50.33565336,31.20305221,32.90246041,45.34853942,40.87416086,54.49875279,48.30385038,54.85830374,56.3732688,38.02768692,37.05149272,33.91040288,34.27411407,30.06425925,28.08203968,29.34295349,23.22435441,21.88315636,22.64063711
High income,HIC,External debt stocks (% of GNI),DT.DOD.DECT.GN.ZS,,,,,,,,,,,,,,,,,,,,,,,,,,,,,,,,,,,,,,,,,,,,,,,,,,,,,,,,,,,,,,,,,
"Hong Kong SAR, China",HKG,External debt stocks (% of GNI),DT.DOD.DECT.GN.ZS,,,,,,,,,,,,,,,,,,,,,,,,,,,,,,,,,,,,,,,,,,,,,,,,,,,,,,,,,,,,,,,,,
Honduras,HND,External debt stocks (% of GNI),DT.DOD.DECT.GN.ZS,,,,,,,,,,,22.60594653,27.67527255,28.52102152,29.11836257,34.4256079,41.19153199,34.31431004,52.30818986,34.10294061,37.43225806,41.33191967,46.51187967,48.0874903,51.94229092,50.91246294,56.15327376,56.67511408,57.44686858,60.55559094,67.45654945,82.13771241,79.77268853,86.20663472,94.36858872,108.3513151,96.59408601,96.98769965,89.50342181,82.84932825,89.3163803,80.65548455,69.79213829,72.64038559,71.93683373,73.75158626,55.59372855,38.39845351,25.17027727,26.10231101,26.82734908,26.52471221,26.35545677,29.49063619,39.95914113,40.59147781,39.05152854,37.7338917,40.28447475,41.39083854,42.52132734,51.0458946,48.533427,43.70248785,40.75913663,41.82331686
Heavily indebted poor countries (HIPC),HPC,External debt stocks (% of GNI),DT.DOD.DECT.GN.ZS,,,,,,,,,,,,,,,,,,,,,,,,,,,,,,,,,,,,,,,,,,,,,,,,,,,,,,,,,,,,,,,,,
Croatia,HRV,External debt stocks (% of GNI),DT.DOD.DECT.GN.ZS,,,,,,,,,,,,,,,,,,,,,,,,,,,,,,,,,,,,,,,,,,,,,,,,,,,,,,,,,,,,,,,,,
Haiti,HTI,External debt stocks (% of GNI),DT.DOD.DECT.GN.ZS,,,,,,,,,,,,,,,,,,,,,27.94133193,34.10462869,41.76687171,40.04468756,40.68468293,39.34382567,33.61310432,44.67657501,33.90739527,31.70130188,30.50607094,23.29282746,36.98069939,45.28837578,35.00858494,29.68452562,31.64740692,31.99474441,28.63158914,29.38169293,17.71129843,20.10303279,20.52829022,26.90784773,21.76390982,19.23987636,19.94507644,18.52971339,20.03356575,13.40531976,8.795349488,6.506800604,9.194370704,11.31248159,13.78070091,15.04305518,16.29927788,15.62545223,15.01143344,16.3969366,18.01928584,14.21029208,14.62362804,15.89803151,3.744844783
Hungary,HUN,External debt stocks (% of GNI),DT.DOD.DECT.GN.ZS,,,,,,,,,,,,,,,,,,,,,,,,,,,,,,,,,,,,,,,,,,,,,,,,,,,,,,,,,,,,,,,,,
IBRD only,IBD,External debt stocks (% of GNI),DT.DOD.DECT.GN.ZS,,,,,,,,,,,,,,,,,,,,,,,,,,,,,,,,,,,,,,,,,,,,,,,,,,,,,,,,,,,,,,,,,
IDA & IBRD total,IBT,External debt stocks (% of GNI),DT.DOD.DECT.GN.ZS,,,,,,,,,,,,,,,,,,,,,,,,,,,,,,,,,,,,,,,,,,,,,,,,,,,,,,,,,,,,,,,,,
IDA total,IDA,External debt stocks (% of GNI),DT.DOD.DECT.GN.ZS,,,,,,,,,,,,,,,,,,,,,,,,,,,,,,,,,,,,,,,,,,,,,,,,,,,,,,,,,,,,,,,,,
IDA blend,IDB,External debt stocks (% of GNI),DT.DOD.DECT.GN.ZS,,,,,,,,,,,,,,,,,,,,,,,,,,,,,,,,,,,,,,,,,,,,,,,,,,,,,,,,,,,,,,,,,
Indonesia,IDN,External debt stocks (% of GNI),DT.DOD.DECT.GN.ZS,,,,,,,,,,,38.08304914,51.09423868,54.79190906,46.36629281,37.0249896,39.47771111,38.67221658,37.28561474,36.45960774,37.99388556,30.22384405,27.59884458,28.82293044,39.07760912,39.63968482,44.91142932,55.96162534,72.68446228,67.40385588,66.05860172,69.20978203,71.62538966,72.18272921,58.65896562,62.63160422,63.40836564,58.29970705,65.09727449,168.1978203,117.3721551,93.49111612,85.89814884,67.67129508,59.52359157,56.33181845,52.26243661,38.9556674,35.66905965,32.09050868,34.45488448,26.97707564,25.29595575,28.32219128,29.78187008,33.98183415,36.98786525,35.36990487,35.96453709,37.56396891,37.08299782,40.48995208,36.1990816,30.85273529,29.93537532,30.97299801
IDA only,IDX,External debt stocks (% of GNI),DT.DOD.DECT.GN.ZS,,,,,,,,,,,12.38262643,14.95168703,15.86886356,17.16420428,18.31705857,18.92777333,23.45453458,28.31931465,30.1076326,31.63521403,35.45768264,40.03489989,45.00644928,50.2720209,52.10188156,58.95302258,72.21649866,83.30119698,81.51524597,82.6185016,80.01827468,79.60635811,94.7187945,93.7761557,101.77991,100.0842528,92.06101434,84.84007166,86.83567146,82.49643238,73.18742554,71.88399321,71.65803886,67.16941156,61.05685926,47.83412895,36.45591445,33.80160173,30.11475602,33.03902623,30.44665234,29.57831885,32.88514755,34.88854377,34.98005375,37.55587751,37.57215725,39.20397009,39.4570267,40.10835354,43.89103065,43.80005971,41.88128538,40.83911295,
Isle of Man,IMN,External debt stocks (% of GNI),DT.DOD.DECT.GN.ZS,,,,,,,,,,,,,,,,,,,,,,,,,,,,,,,,,,,,,,,,,,,,,,,,,,,,,,,,,,,,,,,,,
India,IND,External debt stocks (% of GNI),DT.DOD.DECT.GN.ZS,,,,,,,,,,,13.57930832,13.93173917,14.11101632,12.88526341,12.80428736,14.12276887,14.23676692,12.71684018,12.04870693,11.87479074,11.09591394,11.61543878,13.46758209,14.10165877,15.53091148,16.82984761,18.13978019,19.28598626,20.20161358,25.19494736,26.35038601,31.89992606,30.92873722,33.15747734,30.2990427,26.33217496,24.14265367,22.81254719,23.5364643,21.91703297,21.82288031,20.67609794,20.67319972,19.70917587,17.55882406,14.88001405,17.09967912,16.84141025,19.05720589,19.21556112,17.52032724,18.50556099,21.73518787,23.30087578,22.70491984,23.02976895,20.08122354,19.50493737,19.49053107,19.97663664,21.40947401,19.55241303,18.65180691,18.04429744,18.57955337
Not classified,INX,External debt stocks (% of GNI),DT.DOD.DECT.GN.ZS,,,,,,,,,,,,,,,,,,,,,,,,,,,,,,,,,,,,,,,,,,,,,,,,,,,,,,,,,,,,,,,,,
Ireland,IRL,External debt stocks (% of GNI),DT.DOD.DECT.GN.ZS,,,,,,,,,,,,,,,,,,,,,,,,,,,,,,,,,,,,,,,,,,,,,,,,,,,,,,,,,,,,,,,,,
"Iran, Islamic Rep.",IRN,External debt stocks (% of GNI),DT.DOD.DECT.GN.ZS,,,,,,,,,,,,,,,,,,,,,4.849809768,3.914736736,6.543418054,4.508297498,3.171387143,3.342360257,2.768964437,4.592021305,4.751449414,5.419829367,7.234798514,8.62088321,13.41413023,36.68700649,30.47238857,22.60191181,13.92042319,10.29042366,11.19938044,8.536775784,8.015383305,6.511313355,6.926584102,9.353321747,11.17650097,9.52672455,7.712900417,5.940875087,3.933825314,4.495845312,4.05805118,2.741690602,1.154216038,1.392605343,1.252067466,1.576535083,1.318271512,1.392311791,1.439970478,1.455536628,2.075754429,2.699875815,2.402366044,2.452807763,2.212805665
Iraq,IRQ,External debt stocks (% of GNI),DT.DOD.DECT.GN.ZS,,,,,,,,,,,,,,,,,,,,,,,,,,,,,,,,,,,,,,,,,,,,,,,,,,,,,,,,11.57923643,14.1379782,15.11566139,12.32082831,11.82367221,14.70099873,12.21425689,7.933192069,7.529407347,6.22639917
Iceland,ISL,External debt stocks (% of GNI),DT.DOD.DECT.GN.ZS,,,,,,,,,,,,,,,,,,,,,,,,,,,,,,,,,,,,,,,,,,,,,,,,,,,,,,,,,,,,,,,,,
Israel,ISR,External debt stocks (% of GNI),DT.DOD.DECT.GN.ZS,,,,,,,,,,,,,,,,,,,,,,,,,,,,,,,,,,,,,,,,,,,,,,,,,,,,,,,,,,,,,,,,,
Italy,ITA,External debt stocks (% of GNI),DT.DOD.DECT.GN.ZS,,,,,,,,,,,,,,,,,,,,,,,,,,,,,,,,,,,,,,,,,,,,,,,,,,,,,,,,,,,,,,,,,
Jamaica,JAM,External debt stocks (% of GNI),DT.DOD.DECT.GN.ZS,,,,,,,,,,,73.08113993,70.12603172,57.00297694,64.97243968,59.66571528,56.59380298,50.74874566,53.81263903,57.67715793,76.41588441,78.3591762,82.92940787,92.39569776,100.8349604,172.5819388,228.1946506,172.5097533,162.073769,132.625335,114.9305329,114.9553998,125.7694897,142.879068,84.2543165,91.05485965,74.3667921,57.12201901,47.09545988,46.53039129,47.08429442,55.70338667,62.55607665,61.46096411,64.57083265,67.93902988,62.36633823,71.4504773,86.70263092,79.37670884,97.06959415,111.4778783,102.5949604,97.53363432,92.52637679,103.5055182,102.233104,103.8862777,101.3654155,115.828374,93.99197069,108.4692447,112.6234656,94.43215717,80.45889716,76.07005806
Jordan,JOR,External debt stocks (% of GNI),DT.DOD.DECT.GN.ZS,,,,,,,,,,,18.09152092,22.12817647,22.55924714,22.28515605,22.08481243,24.3890445,25.2233309,37.54394558,42.25234916,42.8625175,47.31331555,48.90554039,55.47770142,60.83682725,66.87154534,80.40576413,77.28098494,95.80851569,99.13339467,181.6910079,211.2234186,243.6039601,160.533225,144.0703295,127.5540524,118.7832021,111.367141,103.9291261,97.25570129,101.3842621,129.218123,130.0769031,134.8584163,120.9877612,110.3537176,98.76661134,89.33433018,84.03452731,59.89914642,57.27756956,62.75908067,59.73391745,58.559826,67.42663859,66.22178739,67.09276411,68.48339671,72.58574692,73.95123127,75.24775565,87.29030941,90.64956628,85.3105836,87.87125294,90.13497162
Japan,JPN,External debt stocks (% of GNI),DT.DOD.DECT.GN.ZS,,,,,,,,,,,,,,,,,,,,,,,,,,,,,,,,,,,,,,,,,,,,,,,,,,,,,,,,,,,,,,,,,
Kazakhstan,KAZ,External debt stocks (% of GNI),DT.DOD.DECT.GN.ZS,,,,,,,,,,,,,,,,,,,,,,,,,,,,,,,,,,7.394922386,13.1868045,18.53510825,14.03431925,18.65449547,27.81792317,40.44555034,75.1481327,72.84534662,77.95280102,79.46354182,82.19724557,85.05594106,103.8861109,104.7183694,93.57589096,106.6576584,92.60056861,75.40587521,75.50606117,71.81092898,80.63162893,90.37812193,134.8476827,109.6924134,102.4728121,107.3733429,110.8196836,100.2701477,84.79322359,72.90178006,62.60293182
Kenya,KEN,External debt stocks (% of GNI),DT.DOD.DECT.GN.ZS,,,,,,,,,,,30.21342716,28.38959146,28.03163497,35.09935829,40.1784241,40.74690696,44.81069808,38.2574376,42.48727543,45.27550858,48.08467433,48.61774978,54.52025869,62.67767707,58.64600802,70.56283004,65.77000773,75.20142895,72.33410126,73.25847713,85.96928237,95.82877061,87.82331295,131.8996725,104.989739,83.76186075,57.64587048,49.94773749,48.86219572,51.28372873,48.88168167,42.80307923,46.79716611,45.56169899,43.35402998,34.70594108,26.09025606,23.81559049,21.44737045,23.21917403,22.29531116,23.93144551,23.57601578,25.27764479,27.91645698,31.30582782,28.53156685,33.49014705,34.61404341,35.4042862,38.04540963,38.10421681,36.87690315,40.4232522,34.99266973
Kyrgyz Republic,KGZ,External debt stocks (% of GNI),DT.DOD.DECT.GN.ZS,,,,,,,,,,,,,,,,,,,,,,,,,,,,,,,,,0.238729319,14.45720208,27.10254683,37.58201647,63.5839722,78.72803894,96.06206954,157.6263714,150.4879567,124.4090893,126.4667151,115.6900134,121.4005763,95.128991,93.18348166,76.72422896,73.54377277,91.35332891,91.74109354,99.1762629,93.78468069,98.59902239,101.7578573,120.2982634,123.5208416,110.8830394,101.7910288,98.39799939,108.2549159,105.0275646,82.14277484,67.8468389,69.24499372
Cambodia,KHM,External debt stocks (% of GNI),DT.DOD.DECT.GN.ZS,,,,,,,,,,,,,,,,,,,,,,25.73561754,24.24110094,22.33972047,20.55107979,19.03453836,20.49534352,23.53207133,14.59226885,24.04363151,24.22314325,105.9681663,86.15270249,66.75561371,63.58223748,54.84544414,56.02022971,56.74657717,65.29038339,60.44062565,58.98902006,54.41270113,55.43643077,55.06808626,50.98633947,43.28996829,37.7661176,22.9377892,22.5419435,27.41112584,29.90792986,30.03468211,39.36015625,40.14210513,39.41284306,40.72301425,39.45395846,40.52473724,42.57902232,43.84206047,52.18809961,56.79893866,58.45821117,54.4507095,46.11140463
Kiribati,KIR,External debt stocks (% of GNI),DT.DOD.DECT.GN.ZS,,,,,,,,,,,,,,,,,,,,,,,,,,,,,,,,,,,,,,,,,,,,,,,,,,,,,,,,,,,,,,,,,
St. Kitts and Nevis,KNA,External debt stocks (% of GNI),DT.DOD.DECT.GN.ZS,,,,,,,,,,,,,,,,,,,,,,,,,,,,,,,,,,,,,,,,,,,,,,,,,,,,,,,,,,,,,,,,,
"Korea, Rep.",KOR,External debt stocks (% of GNI),DT.DOD.DECT.GN.ZS,,,,,,,,,,,,,,,,,,,,,,,,,,,,,,,,,,,,,,,,,,,,,,,,,,,,,,,,,,,,,,,,,
Kuwait,KWT,External debt stocks (% of GNI),DT.DOD.DECT.GN.ZS,,,,,,,,,,,,,,,,,,,,,,,,,,,,,,,,,,,,,,,,,,,,,,,,,,,,,,,,,,,,,,,,,
Latin America & Caribbean (excluding high income),LAC,External debt stocks (% of GNI),DT.DOD.DECT.GN.ZS,,,,,,,,,,,21.0584663,21.08405075,22.44154281,20.20548419,19.90084723,22.45404053,24.92901713,29.42531266,29.16674438,31.22181921,31.91718026,33.90125883,42.66498211,52.95002757,51.27474519,54.44767099,56.74306768,56.79511417,49.81220992,42.88611166,42.03600029,40.04642803,37.52131473,33.90186447,31.44627727,33.34253252,31.58461897,30.49910075,34.52527898,41.00318403,36.36556798,38.25985405,42.1258151,43.68919595,38.91297463,29.51232032,25.17545321,24.00968467,21.81865128,24.56202926,23.17747123,22.3540936,25.36619469,27.56463958,30.35385817,36.41262606,38.4841275,36.46175847,40.21766456,41.76606794,49.73938271,43.97347506,38.58128505,35.43420717,34.49710981
Lao PDR,LAO,External debt stocks (% of GNI),DT.DOD.DECT.GN.ZS,,,,,,,,,,,,,,,,,,,,,,,,,29.6442101,26.25457875,49.01496257,107.0566337,221.7281634,206.4397672,204.3227131,182.1955977,169.9994289,149.6306035,134.3512639,122.8006532,120.9762222,136.4534358,197.8264624,178.8161161,152.4343381,149.1692705,183.2292645,127.8314351,122.7977282,116.2296226,110.7842515,117.6277955,104.9774457,108.9627119,95.03258376,84.25805818,75.26481399,70.37668032,74.28733039,83.34374742,88.83463842,93.22181147,91.93200399,107.8305072,114.4584389,105.3901031,129.2315561,122.9530168,115.4044177
Lebanon,LBN,External debt stocks (% of GNI),DT.DOD.DECT.GN.ZS,,,,,,,,,,,,,,,,,,,,,,,,,,,,,,30.25595858,51.63708494,32.61278587,29.80600517,16.67457652,21.42576671,24.36836177,28.52732013,31.69725745,40.09085508,48.25874264,57.3052565,77.06176474,95.77334384,113.624263,112.0846906,106.9847231,109.2527303,101.3848379,148.9321574,131.154204,126.0839616,125.1512964,127.2124826,133.1272383,135.6727611,138.0636036,138.1372248,140.4602735,148.1195234,146.7758848,224.4482151,315.0965317,332.8636735,331.6495506,
Liberia,LBR,External debt stocks (% of GNI),DT.DOD.DECT.GN.ZS,,,,,,,,,,,45.6677872,43.23426486,39.03454354,36.8995421,29.85221585,28.02056052,31.13391716,38.13559781,53.74250754,64.05990976,71.12689762,85.83271951,96.41160297,104.5664264,117.6414075,131.550163,177.3526065,199.7962613,182.6665572,181.6338492,390.2342637,457.2132317,708.4876984,1014.748927,1302.703481,1343.269962,1106.175433,647.4545842,561.6774997,555.1635916,367.1077307,405.0659656,431.5824477,610.4518578,528.599561,497.930343,433.4838141,309.9743666,201.7892686,113.9755721,23.03154922,19.73096262,19.25777078,18.4677288,23.565681,28.41364673,30.47336416,36.21068218,38.76121583,42.69994421,50.54916967,56.08969712,51.23734912,51.1452722,50.457044
Libya,LBY,External debt stocks (% of GNI),DT.DOD.DECT.GN.ZS,,,,,,,,,,,,,,,,,,,,,,,,,,,,,,,,,,,,,,,,,,,,,,,,,,,,,,,,,,,,,,,,,
St. Lucia,LCA,External debt stocks (% of GNI),DT.DOD.DECT.GN.ZS,,,,,,,,,,,,,,,,,,,,,,8.468622163,9.950259748,10.16928441,8.497652061,8.593337671,9.858151351,13.12572787,14.25243085,14.339038,15.18462892,14.94232732,16.01577522,16.3962202,17.66089011,18.76471998,19.8758144,21.05925902,23.36033327,22.61534753,25.5648123,30.57495669,33.9524836,36.17193226,36.35585808,39.77129677,30.95137833,37.93165811,61.34400768,32.35276515,40.53105814,29.43666813,27.72831736,30.67568858,32.68110918,31.97586022,30.92779673,33.05665609,31.42438844,32.42881943,50.12982855,49.49796229,42.46933561,48.68811015,51.31096973
Latin America & Caribbean,LCN,External debt stocks (% of GNI),DT.DOD.DECT.GN.ZS,,,,,,,,,,,,,,,,,,,,,,,,,,,,,,,,,,,,,,,,,,,,,,,,,,,,,,,,,,,,,,,,,
Least developed countries: UN classification,LDC,External debt stocks (% of GNI),DT.DOD.DECT.GN.ZS,,,,,,,,,,,,,,,,,,,,,,,,,,,,,,,,,,,,,,,,,,,,,,,,,,,,,,,,,,,,,,,,,
Low income,LIC,External debt stocks (% of GNI),DT.DOD.DECT.GN.ZS,,,,,,,,,,,11.32559146,11.6286331,12.57041986,13.36613739,15.35122029,16.60560928,19.01775091,22.94282453,24.4611973,27.30423927,31.07058955,37.09736872,42.92196479,50.3090951,55.43842182,68.71204951,75.67994326,87.70283395,84.40731047,82.93837429,74.08555227,72.9867666,103.0270947,97.84776866,111.9030858,126.1887999,128.5318115,116.4064982,123.3643864,114.5574865,90.7090621,91.75054825,86.41628238,82.3129415,70.85679615,49.59231218,35.39026365,31.78777565,27.24427293,29.2450703,26.53800572,25.29848219,29.80281741,35.68573931,35.8073635,38.65448466,42.66078746,44.89777025,45.94177168,45.74257479,50.85894245,50.47653681,44.11981562,44.97002667,42.22819842
Liechtenstein,LIE,External debt stocks (% of GNI),DT.DOD.DECT.GN.ZS,,,,,,,,,,,,,,,,,,,,,,,,,,,,,,,,,,,,,,,,,,,,,,,,,,,,,,,,,,,,,,,,,
Sri Lanka,LKA,External debt stocks (% of GNI),DT.DOD.DECT.GN.ZS,,,,,,,,,,,20.33804121,24.10536324,23.56879725,24.08412274,24.2623101,24.27310367,30.81162119,32.39781314,55.23980291,46.5153793,45.46253213,51.04728968,54.63158047,56.2141476,51.07102602,59.53987111,64.07032358,71.45611806,74.83840754,74.7601728,73.5872566,73.72684502,66.89566781,66.75747928,68.35698675,65.28631934,60.56699398,54.34094288,58.26381224,64.67864412,57.75332881,57.87513031,62.16038821,57.32620742,56.70457932,46.87530521,42.49951029,44.25799886,41.06455588,46.90672883,37.37430976,38.44220709,51.61658423,52.2481961,52.3589317,52.87979147,54.38241777,55.148252,57.48928657,64.85484351,69.31319801,67.85643573,81.28090657,74.58865042,58.88970204
Lower middle income,LMC,External debt stocks (% of GNI),DT.DOD.DECT.GN.ZS,,,,,,,,,,,15.97295303,17.2130828,17.56486127,17.47709139,17.18136674,19.16905565,21.8831629,25.78173018,27.10581649,27.43457415,28.28296736,30.71411161,34.14251425,36.70513027,38.27623923,41.03095974,45.01887735,48.16200074,47.19803768,52.33184843,52.47497974,57.00485249,54.62931719,55.66751539,53.89325203,48.58023688,43.6967943,41.15893754,42.66878555,40.98035428,38.15194646,37.46166527,38.3982828,36.54590517,33.31303661,27.58728527,24.58001507,22.84329148,23.20801257,24.74355205,23.29473876,23.24750208,24.7546469,25.86955743,25.46504289,27.00574765,26.78225205,28.19038442,28.50510754,29.38729725,32.56356939,31.2152134,29.99319093,30.49402159,30.09136648
Low & middle income,LMY,External debt stocks (% of GNI),DT.DOD.DECT.GN.ZS,,,,,,,,,,,13.00358298,13.90992899,14.38534872,13.67628934,13.49287286,14.80854232,16.77349782,19.80408058,21.73950402,22.10448301,23.37573788,25.29492776,29.05396238,31.69388019,31.66599475,33.73186394,36.13967113,40.57449333,38.13733656,36.9532797,35.37583693,38.43276432,38.12620456,38.22160684,37.86627727,37.28338555,34.87653183,33.76733805,36.51260398,37.72558039,34.0745144,34.48711192,34.80881076,33.49886156,30.83907917,25.65853604,23.15184088,21.79566378,19.56710478,21.16813871,21.29250854,20.97704467,21.93277426,23.64694928,24.65855634,23.76534383,24.39342596,25.08340711,25.30599191,25.94700081,28.21702755,25.8318241,24.33237172,24.0126062,23.4026935
Lesotho,LSO,External debt stocks (% of GNI),DT.DOD.DECT.GN.ZS,,,,,,,,,,,9.179705299,8.790855935,8.796699421,5.037288795,4.243455469,5.61416072,5.660381906,6.851112924,7.652211,10.5458414,10.35495873,11.6495789,17.56342467,16.72558676,20.73947745,34.94278758,33.62766029,34.99979046,35.43862957,40.26015575,41.3247523,41.43881831,40.79989597,46.45116482,51.55734549,51.10410395,55.35980464,50.91683983,57.73207896,57.49962152,68.08247041,57.30167317,63.43692058,42.64760373,37.31214838,30.51634059,29.30578485,29.2370222,29.25938491,33.42801679,27.43846129,26.3385185,31.25936344,34.02193004,33.5371165,36.0951584,56.57177597,57.41061952,48.09453657,55.50863658,71.16260944,65.15326102,63.99551819,68.92111623,65.35033155
Late-demographic dividend,LTE,External debt stocks (% of GNI),DT.DOD.DECT.GN.ZS,,,,,,,,,,,,,,,,,,,,,,,,,,,,,,,,,,,,,,,,,,,,,,,,,,,,,,,,,,,,,,,,,
Lithuania,LTU,External debt stocks (% of GNI),DT.DOD.DECT.GN.ZS,,,,,,,,,,,,,,,,,,,,,,,,,,,,,,,,,,,,,,,,,,,,,,,,,,,,,,,,,,,,,,,,,
Luxembourg,LUX,External debt stocks (% of GNI),DT.DOD.DECT.GN.ZS,,,,,,,,,,,,,,,,,,,,,,,,,,,,,,,,,,,,,,,,,,,,,,,,,,,,,,,,,,,,,,,,,
Latvia,LVA,External debt stocks (% of GNI),DT.DOD.DECT.GN.ZS,,,,,,,,,,,,,,,,,,,,,,,,,,,,,,,,,,,,,,,,,,,,,,,,,,,,,,,,,,,,,,,,,
"Macao SAR, China",MAC,External debt stocks (% of GNI),DT.DOD.DECT.GN.ZS,,,,,,,,,,,,,,,,,,,,,,,,,,,,,,,,,,,,,,,,,,,,,,,,,,,,,,,,,,,,,,,,,
St. Martin (French part),MAF,External debt stocks (% of GNI),DT.DOD.DECT.GN.ZS,,,,,,,,,,,,,,,,,,,,,,,,,,,,,,,,,,,,,,,,,,,,,,,,,,,,,,,,,,,,,,,,,
Morocco,MAR,External debt stocks (% of GNI),DT.DOD.DECT.GN.ZS,,,,,,,,,,,24.96797612,26.0583942,23.54505457,20.81648906,19.84078391,29.78330341,35.38735642,51.30049026,53.11654146,52.54080143,45.68717727,61.4719066,72.66261579,83.07895711,96.81720815,111.9086084,94.42442536,99.25848363,85.20462622,87.50849118,85.36020134,71.90591543,69.19429156,72.24176058,66.4544214,62.92247461,57.54398441,61.56643492,51.78131316,50.70751121,49.2500404,43.9098787,39.07422884,32.06450722,26.14036437,23.84258601,23.90750599,23.99491012,20.72660735,24.81542518,27.46296946,27.69807985,32.32405092,34.50288803,37.12501899,41.05257433,43.47279615,44.00320962,40.41140343,43.53433773,54.91960819,46.89832645,50.35106932,48.9147952,44.71883679
Monaco,MCO,External debt stocks (% of GNI),DT.DOD.DECT.GN.ZS,,,,,,,,,,,,,,,,,,,,,,,,,,,,,,,,,,,,,,,,,,,,,,,,,,,,,,,,,,,,,,,,,
Moldova,MDA,External debt stocks (% of GNI),DT.DOD.DECT.GN.ZS,,,,,,,,,,,,,,,,,,,,,,,,,,,,,,,,,1.649789316,11.63184924,29.61151428,40.06961168,48.31869348,54.31233331,61.97823909,98.50322266,136.1939404,112.4725965,107.5126848,95.69521967,71.57442609,65.42392946,68.82634392,69.94440364,56.01455713,64.65781805,63.15999673,58.01882972,55.88795638,59.70560858,57.22707191,73.90005792,73.78753308,69.19280041,61.80633351,59.19266425,66.67573769,64.96164957,66.86326437,62.80050851,57.14653785
Madagascar,MDG,External debt stocks (% of GNI),DT.DOD.DECT.GN.ZS,,,,,,,,,,,43.75189351,40.94583967,38.08568279,30.64020199,39.4521993,34.84299626,8.754824925,33.15067184,13.33525569,22.40083471,24.20210754,34.54005842,41.21153046,44.66768973,57.09995233,68.84919754,71.72563847,121.2415906,122.3702563,114.9030678,98.16134773,126.3349577,109.6260551,97.24908871,121.6687523,117.7221166,86.93023343,98.58264248,101.6256835,112.8987415,103.0194079,78.12326097,87.05329976,79.09941656,76.63891414,61.45235098,24.43694165,27.63793466,23.83975369,30.06202291,28.112488,25.28569821,26.70870919,24.504477,24.24404914,27.4767144,26.01817033,26.38282947,27.83987027,29.63245836,38.21916019,37.92051409,39.68500248,41.41454109,39.21170462
Maldives,MDV,External debt stocks (% of GNI),DT.DOD.DECT.GN.ZS,,,,,,,,,,,,,,,,,,,41.89131859,38.16387905,69.6728683,99.98845569,155.116582,153.7631792,87.79503379,72.81732629,57.15223759,61.3883824,45.11974571,38.85665404,40.22029965,38.16052672,38.13096876,40.57133261,39.38744467,40.85920448,39.25409435,35.63627391,37.81719584,39.27527017,34.15948959,27.55652629,30.86195966,28.81044536,28.47227463,31.98837968,36.07229722,48.61226856,57.6384057,66.16301743,40.12811474,35.51586022,35.92342404,34.9521788,32.94486478,26.44168955,28.03826664,33.00081653,47.25621781,51.77454433,107.4707138,86.90498619,73.03962113,68.55912057,75.55864867
"Middle East, North Africa, Afghanistan & Pakistan",MEA,External debt stocks (% of GNI),DT.DOD.DECT.GN.ZS,,,,,,,,,,,,,,,,,,,,,,,,,,,,,,,,,,,,,,,,,,,,,,,,,,,,,,,,,,,,,,,,,
Mexico,MEX,External debt stocks (% of GNI),DT.DOD.DECT.GN.ZS,,,,,,,,,,,20.33751462,19.81392601,18.81500037,19.5959008,19.90360522,21.35090614,27.86658715,39.3851714,36.00818131,32.94107331,28.9135432,30.90893487,50.06020402,63.35433736,54.55828773,52.1162834,79.57034177,77.91076975,57.00650856,44.11819708,41.40655466,37.50669559,31.80617381,25.42599689,25.8625661,45.45303673,37.68155961,29.14743288,31.45678358,30.0607831,24.50146457,25.90162107,24.15863248,26.32180835,25.86299494,24.13519477,22.07310845,23.10630243,21.66258662,26.96747579,28.57003879,29.05072463,35.23772549,39.11106466,40.85170994,45.48031292,50.29659271,49.85860001,49.19022878,48.71691875,56.83496637,46.89657826,40.89719132,34.07228921,32.89205198
Marshall Islands,MHL,External debt stocks (% of GNI),DT.DOD.DECT.GN.ZS,,,,,,,,,,,,,,,,,,,,,,,,,,,,,,,,,,,,,,,,,,,,,,,,,,,,,,,,,,,,,,,,,
Middle income,MIC,External debt stocks (% of GNI),DT.DOD.DECT.GN.ZS,,,,,,,,,,,13.08402279,14.02197453,14.47118849,13.68698726,13.40436895,14.71744206,16.66224544,19.64416995,21.59125238,21.85644414,23.0380827,24.81020998,28.4707234,30.92703608,30.76128793,32.50102231,34.71346496,38.85007981,36.45102007,35.30662186,33.88241408,36.94437888,36.22348568,36.48515982,36.06439053,35.52587214,33.25017614,32.33372614,34.9779046,36.34621514,32.91502439,33.3854386,33.73995851,32.48798106,30.00463104,25.14818132,22.89356563,21.58716061,19.40573591,20.99668696,21.1930474,20.90136605,21.80806419,23.46638415,24.48580397,23.52922092,24.12203171,24.80265903,25.01912152,25.66267313,27.88459351,25.50161652,24.04233294,23.71003997,23.11532729
North Macedonia,MKD,External debt stocks (% of GNI),DT.DOD.DECT.GN.ZS,,,,,,,,,,,,,,,,,,,,,,,,,,,,,,,,,,38.07680748,29.44794343,25.8937829,37.74255691,31.92031963,40.1035089,38.17794667,39.91146477,40.5997554,41.69130544,38.20419317,49.96323918,48.42853066,48.18826978,52.35874413,43.86639988,55.82528327,55.16588185,58.04292601,67.55609323,60.11249277,60.00366759,67.63270262,71.86795149,77.6192228,70.86710552,73.87891384,85.57809545,81.21374039,87.29034206,83.68252533,81.15370856
Mali,MLI,External debt stocks (% of GNI),DT.DOD.DECT.GN.ZS,,,,,,,,,,,69.84258506,68.80099912,55.25952581,53.64836504,65.37121799,43.44247187,40.13221763,44.93478126,45.72812871,35.86505447,41.77558908,55.23026447,66.95734394,77.97476281,102.1482186,106.5777654,95.37675191,98.96533297,94.2609049,97.51097866,92.57090918,95.50984177,102.7298835,102.9328699,130.8896156,111.2477206,110.1088368,119.2257845,111.6823685,94.75471544,101.7004514,87.15713085,75.65994315,67.17057061,47.31155999,40.7500387,18.4699429,18.35101186,17.07086015,18.08777604,19.08594853,19.3256704,21.27433222,22.71591409,21.26793036,24.51060897,23.50630085,24.25889701,23.14192381,25.26405103,29.12598735,28.77016382,28.87164298,27.30712655,24.94356308
Malta,MLT,External debt stocks (% of GNI),DT.DOD.DECT.GN.ZS,,,,,,,,,,,,,,,,,,,,,,,,,,,,,,,,,,,,,,,,,,,,,,,,,,,,,,,,,,,,,,,,,
Myanmar,MMR,External debt stocks (% of GNI),DT.DOD.DECT.GN.ZS,,,,,,,,,,,29.02594635,33.02015574,33.40869066,42.34100744,29.09774842,35.19951567,32.30354008,69.66347721,109.0516109,148.0705224,163.2563886,178.6781857,153.3103289,179.647737,193.7079167,210.2397713,242.9114073,309.0547347,318.7684338,236.6075989,254.1323666,267.3550395,230.2492922,184.7301488,144.9376314,118.4970803,95.13225574,124.8347474,94.63780206,75.98542828,72.82751131,94.16015374,99.0206327,71.08745245,72.9755941,59.91235805,51.86682708,39.98422373,28.12228252,25.73560314,20.17048621,18.05353041,19.16993282,16.99066632,16.06974562,17.77379055,16.40196892,16.86099167,16.26376318,15.39357379,17.29506515,21.06761147,20.50151117,18.56216595,15.27598665
"Middle East, North Africa, Afghanistan & Pakistan (excluding high income)",MNA,External debt stocks (% of GNI),DT.DOD.DECT.GN.ZS,,,,,,,,,,,17.03675558,17.48757384,16.57715029,16.96876048,12.71364632,15.27160443,16.02361632,21.81501026,24.92405363,23.6003654,25.394064,27.72493895,28.75147627,27.28324286,25.98185642,27.87892492,28.83540176,37.79543737,40.2201556,41.7847998,30.30488652,48.33676365,48.05988738,56.32165764,56.08705254,52.32127328,46.04404844,41.55857203,42.60809368,39.28979771,33.77301486,32.83279126,35.13721621,34.25505397,36.51181422,27.71023203,23.26523846,20.5625969,17.35248355,19.3917281,18.12317417,15.26334606,14.84369186,16.79440632,17.02328531,19.50256805,21.10661919,24.15779596,25.87480097,28.26653118,33.34228943,30.34985626,27.64268342,29.74219031,27.27922372
Montenegro,MNE,External debt stocks (% of GNI),DT.DOD.DECT.GN.ZS,,,,,,,,,,,,,,,,,,,,,,,,,,,,,,,,,,,,,,,,,,,,,,,31.79292561,34.89571478,32.56404141,56.55894098,109.45056,120.5994245,148.5784057,162.2710661,145.2136661,161.0756405,142.1718999,147.1322836,145.5164251,150.5755948,217.1630033,161.1030355,138.5825705,113.955221,108.6355199
Mongolia,MNG,External debt stocks (% of GNI),DT.DOD.DECT.GN.ZS,,,,,,,,,,,,,,,,,,,,,,,,,,,,,,,,,27.48616158,52.27281103,51.24040882,37.2334442,40.11755823,51.8599222,64.60754848,92.76798677,84.82608003,74.74274494,79.17278233,97.53198385,80.44455523,56.49472399,44.32565538,42.14601599,40.10530684,68.09061407,89.69276697,100.8106712,140.0315881,169.8499413,201.7487172,226.3963292,257.4954925,301.2138476,264.7052861,263.625221,270.7586272,267.8165791,217.3583369,193.6298795,181.8565769
Northern Mariana Islands,MNP,External debt stocks (% of GNI),DT.DOD.DECT.GN.ZS,,,,,,,,,,,,,,,,,,,,,,,,,,,,,,,,,,,,,,,,,,,,,,,,,,,,,,,,,,,,,,,,,
Mozambique,MOZ,External debt stocks (% of GNI),DT.DOD.DECT.GN.ZS,,,,,,,,,,,,,,,,,,,,,,,,,,,,,,,,124.615834,190.8728699,187.6602266,255.6281595,250.955361,190.9092819,158.3699097,153.3340845,118.8367952,115.3115938,82.35936351,95.24888822,84.21382552,77.11329434,71.90429056,55.43580178,55.58885,51.85632877,66.02080448,101.6171423,93.75583629,119.1245978,169.0709056,194.5081683,241.6158813,366.7636231,362.9514959,345.0852583,364.5118236,432.2222899,407.0317308,379.630336,355.3685262,350.5730667
Mauritania,MRT,External debt stocks (% of GNI),DT.DOD.DECT.GN.ZS,,,,,,,,,,,8.827464133,12.09482649,14.90039102,21.7506183,27.61192709,27.95580218,56.76086199,69.11259741,87.74844818,77.63948946,81.90867259,91.07815902,106.5770974,115.4585366,127.2258552,151.5155242,156.0526455,159.749035,152.4053335,141.5289822,145.6891435,106.2178543,100.14782,121.9907012,120.6095964,118.4967284,113.6882904,119.1741274,116.0684429,124.0257626,130.7441746,131.3434547,122.0769491,109.949676,94.70924155,76.03321393,40.57264874,59.9374823,54.99142051,65.91762384,63.96581752,56.63174497,65.43008385,64.35909358,71.47905291,83.41403115,80.86658185,78.18379377,70.25859085,69.00363651,69.71202155,52.72817812,47.98999906,43.03831104,41.82830006
Mauritius,MUS,External debt stocks (% of GNI),DT.DOD.DECT.GN.ZS,,,,,,,,,,,14.08181027,13.17175102,11.23979852,10.39896146,7.119137562,7.717733472,9.025819233,12.20335747,18.61024933,25.2921197,37.39163665,45.38286796,52.52811845,48.14504829,50.54656329,55.27282547,44.39894475,42.10817501,38.88533991,37.09384857,34.96425013,34.18682882,28.78351609,27.21691997,30.673659,34.72044856,31.52622061,31.70016896,30.50917746,29.47962776,20.52809224,18.49572135,41.51737994,54.99516858,50.0415537,55.29105733,49.62986086,67.95724782,64.32864967,80.52312618,79.25772591,87.09092998,88.50782161,98.0701378,94.83724927,83.00363019,80.45775198,74.51893487,71.71815126,81.07167477,101.2984135,115.151374,124.1223129,123.586943,123.1650555
Malawi,MWI,External debt stocks (% of GNI),DT.DOD.DECT.GN.ZS,,,,,,,,,,,,,,,,,,,,,46.0870142,45.61136651,50.35688999,50.13334437,50.05409246,62.00256969,67.1849823,79.38583059,67.67560763,60.93242426,56.93059687,51.91932513,65.25472409,60.60384606,117.5123858,110.083838,69.63801259,57.42217681,97.12809892,107.7197354,107.7825795,105.0290193,57.52408568,67.22178402,68.69529764,60.52393151,15.06095144,13.51335254,12.883547,12.78203598,10.18618155,10.52255302,15.4152517,19.85391824,19.22159265,19.13969269,23.43262043,24.75442831,23.704653,22.50640084,25.88867944,26.62889895,27.70785945,29.1854367,35.24922541
Malaysia,MYS,External debt stocks (% of GNI),DT.DOD.DECT.GN.ZS,,,,,,,,,,,,,,,,,,,,,,,,,,,,,,,,,,,,,,,,,,,,,,,,,,,,,,,,,,,,,,,,,
North America,NAC,External debt stocks (% of GNI),DT.DOD.DECT.GN.ZS,,,,,,,,,,,,,,,,,,,,,,,,,,,,,,,,,,,,,,,,,,,,,,,,,,,,,,,,,,,,,,,,,
Namibia,NAM,External debt stocks (% of GNI),DT.DOD.DECT.GN.ZS,,,,,,,,,,,,,,,,,,,,,,,,,,,,,,,,,,,,,,,,,,,,,,,,,,,,,,,,,,,,,,,,,
New Caledonia,NCL,External debt stocks (% of GNI),DT.DOD.DECT.GN.ZS,,,,,,,,,,,,,,,,,,,,,,,,,,,,,,,,,,,,,,,,,,,,,,,,,,,,,,,,,,,,,,,,,
Niger,NER,External debt stocks (% of GNI),DT.DOD.DECT.GN.ZS,,,,,,,,,,,4.885304791,6.006295446,7.399026454,6.880832366,9.217956069,11.01875834,12.57271369,13.42066868,34.93697581,30.78616956,34.96937175,48.76352209,49.35583739,55.16621861,69.54926391,87.49744911,76.50751701,76.07299517,76.09174925,69.53680066,49.70043721,46.12110713,45.40511062,51.19896227,79.21620126,69.08504377,63.25322129,67.78945063,61.53943975,65.04189937,73.6636961,63.75227157,63.22411646,60.46601241,49.48702217,42.12405853,15.05609741,17.97468252,12.3261794,16.10108727,18.51569164,23.72626716,18.30172221,18.65482828,17.64289526,21.93076509,23.39744515,26.16712989,23.69325552,26.58977626,34.57744855,32.7020936,38.61443369,34.01717557,27.5138701
Nigeria,NGA,External debt stocks (% of GNI),DT.DOD.DECT.GN.ZS,,,,,,,,,,,,,,,,,,,,,,,,,,,,,,,,,,,,,,,,,,,,,,,,,6.295897339,8.111685677,8.392616047,8.717681984,8.893412341,8.617534454,8.409126501,9.373945267,10.97823029,17.730759,16.91656752,17.47966539,20.49244396,22.26826039,22.18673516,29.03683224,60.04472441
Nicaragua,NIC,External debt stocks (% of GNI),DT.DOD.DECT.GN.ZS,,,,,,,,,,,33.87392328,38.65354236,43.88970031,50.03377968,48.39806707,59.53413087,56.82498967,65.03189078,78.83960338,113.2555141,112.5877505,111.660709,132.3001363,163.1328621,167.3539481,233.813987,244.5103748,211.2449014,389.2376959,1233.099144,1111.269877,960.3758177,879.2402433,879.9589326,366.0817674,280.9425135,154.9761076,153.2358853,143.3564233,137.562642,139.0146895,124.986559,128.3501022,133.7656138,90.99844039,81.20289964,63.99293158,56.91564981,56.99655499,73.59325145,82.41879179,83.51001846,90.49419876,98.1495213,95.91091232,93.84995742,96.57591878,97.45521336,105.2030656,111.8546231,116.0477254,110.1133038,104.7637758,90.35757766,82.81454871
Netherlands,NLD,External debt stocks (% of GNI),DT.DOD.DECT.GN.ZS,,,,,,,,,,,,,,,,,,,,,,,,,,,,,,,,,,,,,,,,,,,,,,,,,,,,,,,,,,,,,,,,,
Norway,NOR,External debt stocks (% of GNI),DT.DOD.DECT.GN.ZS,,,,,,,,,,,,,,,,,,,,,,,,,,,,,,,,,,,,,,,,,,,,,,,,,,,,,,,,,,,,,,,,,
Nepal,NPL,External debt stocks (% of GNI),DT.DOD.DECT.GN.ZS,,,,,,,,,,,0.438905216,1.037340029,1.201522324,2.068018489,2.262266042,2.158730858,3.400188651,7.241237031,6.986998492,7.870057142,10.43993853,12.18146389,14.65156616,18.38753731,17.9351851,22.51036558,26.09097367,33.34695286,33.44953357,38.38645173,44.68635455,44.86808912,52.66144719,54.61305691,56.8865887,54.68543885,52.94185575,48.98832969,54.87347181,60.00789517,52.12846138,45.45041462,49.60505246,50.82847966,46.42583699,39.1154769,37.34243388,34.63883048,29.18214478,29.03668393,23.48830744,17.65006545,17.43284354,17.98635966,17.2597307,16.76955704,17.29759804,16.96112276,16.53536205,18.86458336,23.37009179,23.76162941,22.17146286,24.03843748,23.27484149
Nauru,NRU,External debt stocks (% of GNI),DT.DOD.DECT.GN.ZS,,,,,,,,,,,,,,,,,,,,,,,,,,,,,,,,,,,,,,,,,,,,,,,,,,,,,,,,,,,,,,,,,
New Zealand,NZL,External debt stocks (% of GNI),DT.DOD.DECT.GN.ZS,,,,,,,,,,,,,,,,,,,,,,,,,,,,,,,,,,,,,,,,,,,,,,,,,,,,,,,,,,,,,,,,,
OECD members,OED,External debt stocks (% of GNI),DT.DOD.DECT.GN.ZS,,,,,,,,,,,,,,,,,,,,,,,,,,,,,,,,,,,,,,,,,,,,,,,,,,,,,,,,,,,,,,,,,
Oman,OMN,External debt stocks (% of GNI),DT.DOD.DECT.GN.ZS,,,,,,,,,,,,,,,,,,,,,,,,,,,,,,,,,,,,,,,,,,,,,,,,,,,,,,,,,,,,,,,,,
Other small states,OSS,External debt stocks (% of GNI),DT.DOD.DECT.GN.ZS,,,,,,,,,,,,,,,,,,,,,,,,,,,,,,,,,,,,,,,,,,,,,,,,,,,,,,,,,,,,,,,,,
Pakistan,PAK,External debt stocks (% of GNI),DT.DOD.DECT.GN.ZS,,,,,,,,,,,34.29545133,35.80070216,43.87896858,72.43540997,58.02813427,51.66339264,52.22983658,50.61236906,47.24428365,45.84426309,42.49130542,38.00773015,38.49539899,42.54216937,39.82120141,43.95056238,47.84582996,51.44270452,45.33923067,46.70883267,52.93146165,52.55318707,52.33715274,48.78524187,54.02529401,51.37064851,48.63952933,49.94026913,53.96973439,55.88494604,33.96200625,34.0673948,35.87886957,33.57552901,28.36725513,24.17082108,23.65464448,23.55626526,25.27336386,31.11907036,32.78119056,28.56749041,25.8754628,23.61656949,24.03631835,23.25037368,24.37117944,27.85237886,28.54947424,34.91836258,39.98706936,37.99654942,34.52026022,39.44983535,35.62827605
Panama,PAN,External debt stocks (% of GNI),DT.DOD.DECT.GN.ZS,,,,,,,,,,,,,,,,,,,,,,,,,,,,,,,,,,,,,,,,,,,,,,,,,,,,,,,,,,,,,,,,,
Peru,PER,External debt stocks (% of GNI),DT.DOD.DECT.GN.ZS,,,,,,,,,,,46.12464913,42.54911541,40.37065448,37.97542891,40.16294331,38.31726946,50.09888602,65.68503973,82.39055116,62.51724972,55.06887655,42.17167521,52.10650883,70.63387152,74.67957498,91.50468746,73.82138735,50.79219212,131.3499439,89.73758453,81.8468435,62.1613199,58.51776274,70.27522603,61.63610556,60.51298798,54.14769912,52.51195736,56.04486687,59.5346641,57.00262354,54.16546194,53.08497888,53.1443427,50.07085203,41.37273504,35.95340611,34.19613752,30.93202991,32.998556,30.83867473,28.29469829,34.14014374,33.30418753,35.42461385,37.00406965,38.19722803,33.9083828,32.48197146,29.50448349,38.17803036,42.60716641,39.97889095,37.19756586,34.2282212
Philippines,PHL,External debt stocks (% of GNI),DT.DOD.DECT.GN.ZS,,,,,,,,,,,29.56003924,29.24242957,29.87691164,24.44034867,21.2514652,24.90026451,31.57433159,36.95866193,42.03570738,42.85038452,47.83752255,52.00069751,59.30866338,65.6124274,71.10369177,79.17287411,86.34046949,81.44480392,68.98441403,60.92879184,61.44939062,63.00071224,54.45000676,57.40482421,53.65918156,45.26745401,44.92314804,51.32072297,63.12721999,60.21487593,63.82990456,67.51734312,65.02701536,65.87826759,58.84982523,49.76002187,41.31103564,34.80453297,29.32738734,28.5128652,28.19619629,25.34450209,23.40442917,24.1818488,23.72074817,23.34001823,21.26389274,20.17948483,20.63999064,20.35168421,25.31163892,26.1303952,25.87529028,25.66687258,26.26045505
Palau,PLW,External debt stocks (% of GNI),DT.DOD.DECT.GN.ZS,,,,,,,,,,,,,,,,,,,,,,,,,,,,,,,,,,,,,,,,,,,,,,,,,,,,,,,,,,,,,,,,,
Papua New Guinea,PNG,External debt stocks (% of GNI),DT.DOD.DECT.GN.ZS,,,,,,,,,,,33.35837784,59.64790135,60.71765983,43.18678697,37.16641994,39.40446745,35.64633204,42.05407863,30.37091358,27.16683954,28.92154477,49.13069192,72.35634611,77.1864145,82.10231454,90.47083087,77.08977976,75.85764289,64.00033208,67.87371241,83.77340714,75.72231725,95.21836415,71.97947483,54.77870942,57.33620757,53.41284503,56.13653219,76.96839171,83.25271425,70.39758039,72.30657256,66.94127952,59.53719307,49.72649937,41.32223306,23.29934411,17.3473574,13.02622028,16.43447279,45.41648541,77.33019279,73.88249137,110.5834027,89.56367301,100.4045543,97.13880214,79.508329,77.80443707,81.44967319,78.11076772,80.39227951,65.8166136,54.28653456,41.88548239
Poland,POL,External debt stocks (% of GNI),DT.DOD.DECT.GN.ZS,,,,,,,,,,,,,,,,,,,,,,,,,,,,,,,,,,,,,,,,,,,,,,,,,,,,,,,,,,,,,,,,,
Pre-demographic dividend,PRE,External debt stocks (% of GNI),DT.DOD.DECT.GN.ZS,,,,,,,,,,,,,,,,,,,,,,,,,,,,,,,,,,,,,,,,,,,,,,,,,,,,,,,,,,,,,,,,,
Puerto Rico (US),PRI,External debt stocks (% of GNI),DT.DOD.DECT.GN.ZS,,,,,,,,,,,,,,,,,,,,,,,,,,,,,,,,,,,,,,,,,,,,,,,,,,,,,,,,,,,,,,,,,
"Korea, Dem. People's Rep.",PRK,External debt stocks (% of GNI),DT.DOD.DECT.GN.ZS,,,,,,,,,,,,,,,,,,,,,,,,,,,,,,,,,,,,,,,,,,,,,,,,,,,,,,,,,,,,,,,,,
Portugal,PRT,External debt stocks (% of GNI),DT.DOD.DECT.GN.ZS,,,,,,,,,,,,,,,,,,,,,,,,,,,,,,,,,,,,,,,,,,,,,,,,,,,,,,,,,,,,,,,,,
Paraguay,PRY,External debt stocks (% of GNI),DT.DOD.DECT.GN.ZS,,,,,,,,,,,24.67649998,24.79770494,24.56494035,21.29789742,19.54103316,20.74679837,22.30394687,26.7713186,28.57820981,26.86516329,22.88336253,21.37224637,25.51229352,26.64924045,35.72045172,60.95398975,62.10591132,71.96894072,61.81841684,55.32555122,40.486961,34.66726919,26.4432179,23.83434461,30.55847116,32.05432386,27.96980981,27.31596149,33.19985008,42.3770654,40.11873006,37.86439044,51.12069318,103.9032585,88.42711213,88.66759316,78.99522808,63.53988608,53.57503421,66.37371786,62.4432011,49.69553565,52.26795322,44.75840219,44.55152297,49.81073519,49.60907494,45.32244952,44.30375182,48.61780989,61.73041264,58.89940433,62.19460527,64.06029429,69.74094559
West Bank and Gaza,PSE,External debt stocks (% of GNI),DT.DOD.DECT.GN.ZS,,,,,,,,,,,,,,,,,,,,,,,,,,,,,,,,,,,,,,,,,,,,,,,,,,,,,,,,,,,,,,,,,
Pacific island small states,PSS,External debt stocks (% of GNI),DT.DOD.DECT.GN.ZS,,,,,,,,,,,,,,,,,,,,,,,,,,,,,,,,,,,,,,,,,,,,,,,,,,,,,,,,,,,,,,,,,
Post-demographic dividend,PST,External debt stocks (% of GNI),DT.DOD.DECT.GN.ZS,,,,,,,,,,,,,,,,,,,,,,,,,,,,,,,,,,,,,,,,,,,,,,,,,,,,,,,,,,,,,,,,,
French Polynesia,PYF,External debt stocks (% of GNI),DT.DOD.DECT.GN.ZS,,,,,,,,,,,,,,,,,,,,,,,,,,,,,,,,,,,,,,,,,,,,,,,,,,,,,,,,,,,,,,,,,
Qatar,QAT,External debt stocks (% of GNI),DT.DOD.DECT.GN.ZS,,,,,,,,,,,,,,,,,,,,,,,,,,,,,,,,,,,,,,,,,,,,,,,,,,,,,,,,,,,,,,,,,
Romania,ROU,External debt stocks (% of GNI),DT.DOD.DECT.GN.ZS,,,,,,,,,,,,,,,,,,,,,,,,,,,,,,,,,,,,,,,,,,,,,,,,,,,,,,,,,,,,,,,,,
Russian Federation,RUS,External debt stocks (% of GNI),DT.DOD.DECT.GN.ZS,,,,,,,,,,,,,,,,,,,,,,,,,,,,,,,,,17.47985525,26.1163148,31.117487,31.12833767,32.88342368,32.34017865,67.80187692,95.67027242,57.97643844,46.68269512,40.85333946,44.56266076,37.04428975,33.5124776,32.38658854,32.7591855,25.97375631,34.36131662,28.27737153,27.41622135,27.64772907,30.21028785,27.84218754,37.12595276,43.11847134,33.88727424,29.54879611,29.62886979,31.61258142,26.43409535,16.75743858,,
Rwanda,RWA,External debt stocks (% of GNI),DT.DOD.DECT.GN.ZS,,,,,,,,,,,2.21771694,0.896493213,1.372691585,2.746718786,4.028061976,4.234114809,7.51798264,11.77724772,14.07229536,14.10385702,15.10713568,13.88139427,15.39316994,16.20959634,18.26215036,21.41725436,23.33318703,28.23541585,27.44129207,26.02336844,28.04018551,42.61279036,42.45467899,46.46275432,127.4153318,79.48606117,76.3934502,60.6440991,62.32550071,61.13514527,62.80832741,66.81929151,74.57967478,73.77990484,71.30653864,52.51657943,13.17710726,15.27691868,18.06217726,19.53578856,20.30651206,21.39389324,24.02677988,30.10553293,36.14666475,41.18590093,51.06727979,56.64393422,61.15148876,65.1410718,82.45038925,85.85588987,74.33143884,81.01578353,93.88242802
South Asia,SAS,External debt stocks (% of GNI),DT.DOD.DECT.GN.ZS,,,,,,,,,,,12.47412561,12.89131026,13.20795139,12.50357781,12.7028068,13.36929672,14.9975263,13.98450112,13.48586553,13.14463908,12.60364739,13.23770287,15.43853995,16.20559812,17.50537536,18.90726367,20.67571446,22.13327839,22.94834609,27.36577273,28.64109129,34.21087202,33.24756187,35.36120293,33.10931077,29.18581162,26.35276143,24.68595817,25.6774691,24.48239322,23.89013156,22.63303073,23.001759,21.957889,19.86559582,16.84682109,18.71877688,18.25624508,20.22981945,20.44281752,18.50865027,19.27566451,22.65873526,24.10331054,23.48124436,23.69338676,20.71322947,20.379237,20.43086823,20.94022931,22.54641772,21.04236309,20.19131025,19.80187322,20.02236543
Saudi Arabia,SAU,External debt stocks (% of GNI),DT.DOD.DECT.GN.ZS,,,,,,,,,,,,,,,,,,,,,,,,,,,,,,,,,,,,,,,,,,,,,,,,,,,,,,,,,,,,,,,,,
Sudan,SDN,External debt stocks (% of GNI),DT.DOD.DECT.GN.ZS,,,,,,,,,,,18.45797987,17.44137795,18.37007533,18.49036354,29.0098028,33.51313701,35.00801836,35.19612953,39.1264728,48.89322936,58.19057861,59.80072751,83.54924526,93.25633548,84.47596812,114.628672,98.65354705,95.94020921,83.39728332,65.73077481,47.84351649,40.30220835,251.2934485,199.1379104,143.7365154,137.9019582,195.9600041,144.0182059,154.7710532,158.4972716,138.2858563,99.34102198,93.08244145,84.68772063,72.0808503,52.22380117,42.9579124,34.98456119,33.29640965,42.64323088,41.23097843,41.88498178,62.00282733,56.48776087,45.23882429,42.83235299,51.14731484,55.4341565,71.43944648,74.36605452,93.15281699,69.86763996,44.35850614,58.00306351,45.39862915
Senegal,SEN,External debt stocks (% of GNI),DT.DOD.DECT.GN.ZS,,,,,,,,,,,11.32632052,11.52683388,10.10827984,10.93618228,12.93328198,12.67356805,14.58648136,21.78085435,27.9290837,28.02729743,33.40580851,41.90912447,47.71028209,59.79929076,65.41974982,69.32464646,61.80814207,64.18434441,62.78927955,53.2111023,52.1302471,50.83759171,48.24108604,53.55317984,75.58116988,63.4521867,58.36607345,63.75122893,63.5187722,61.55096267,61.68945992,57.55834066,59.65552961,50.69969513,39.44512508,35.35715498,16.63570097,18.56716504,16.95725546,23.28408318,29.1069277,33.09318556,40.93035923,43.96060941,55.40825258,60.4794402,61.77833908,69.7334917,88.96733601,91.30645017,107.8559944,114.3834293,132.2979283,153.247351,150.6901641
Singapore,SGP,External debt stocks (% of GNI),DT.DOD.DECT.GN.ZS,,,,,,,,,,,,,,,,,,,,,,,,,,,,,,,,,,,,,,,,,,,,,,,,,,,,,,,,,,,,,,,,,
Solomon Islands,SLB,External debt stocks (% of GNI),DT.DOD.DECT.GN.ZS,,,,,,,,,,,,,,,,,,,16.82692207,14.1366661,11.55384053,12.33445235,15.22881841,19.86852053,25.49064879,40.84687378,54.2110261,66.15903875,61.72270598,60.59952933,57.4856954,59.24812352,36.38764999,50.71831691,38.73982515,34.30837819,29.29270489,27.01264102,34.37615,35.21229876,37.5825382,40.04503334,53.33030604,43.75267747,38.20474813,30.18823682,28.90529013,26.95113881,23.16575906,23.0022172,27.01353657,26.00924633,20.22491968,15.81509332,14.20264473,16.1611694,19.73888262,22.40219028,19.86099335,19.02954145,20.52077982,29.11645542,30.31574193,31.3053347,33.82524984
Sierra Leone,SLE,External debt stocks (% of GNI),DT.DOD.DECT.GN.ZS,,,,,,,,,,,14.41941067,27.04941932,26.10545432,25.09336526,30.35270304,30.76041595,40.22763228,43.34477836,37.5672241,38.91475181,45.29663389,55.54204691,51.00905103,67.32885664,58.6602875,85.98842399,193.6714932,164.218774,103.8475181,123.2221275,206.3610454,176.654483,229.6797533,214.7256669,195.1328943,152.6775527,136.5848145,144.0748567,206.2007894,204.5400988,202.6263372,75.67571359,73.05588045,74.77333327,81.86350601,75.24956152,54.68154215,18.27362072,17.5440453,22.64330927,22.09762745,22.62112031,22.40384711,19.8076726,19.61945205,23.33918382,27.1271641,31.75657672,28.99981313,29.90000563,32.93057574,35.64437126,34.02645975,37.79761343,31.12623989
El Salvador,SLV,External debt stocks (% of GNI),DT.DOD.DECT.GN.ZS,,,,,,,,,,,18.29821753,19.61288067,22.21085391,19.83387095,25.70953227,26.6495867,24.54187014,27.92475498,32.46112237,28.446764,28.56099839,36.54936603,46.81646423,54.50972607,54.64649783,52.86775286,53.49687357,54.07286784,51.5760873,51.08688012,47.59472738,44.47627339,41.12961378,30.34441788,28.51922415,29.11201671,30.34893139,31.84703902,30.72921708,34.20253308,39.32650524,44.47555534,49.54319297,67.20726092,68.95166373,67.72084678,64.28689715,59.58683679,60.73720659,61.04653793,64.18702758,64.72826776,66.03858856,67.29250429,70.38618913,69.82852404,72.27210228,72.87467841,67.96777975,68.0055117,78.5146265,74.36258676,70.80977684,72.08502223,75.39369813
San Marino,SMR,External debt stocks (% of GNI),DT.DOD.DECT.GN.ZS,,,,,,,,,,,,,,,,,,,,,,,,,,,,,,,,,,,,,,,,,,,,,,,,,,,,,,,,,,,,,,,,,
"Somalia, Fed. Rep.",SOM,External debt stocks (% of GNI),DT.DOD.DECT.GN.ZS,,,,,,,,,,,22.64941143,24.07569278,23.03307802,23.33260454,32.70650652,26.02301579,29.92634352,63.97521011,72.81720134,78.08048033,89.29115121,135.0988009,144.3051946,177.3864475,182.0340259,181.1742386,193.5875849,190.5123671,185.8091611,179.2890075,231.2803215,334.1587781,338.1716607,194.6102612,174.7613834,172.138877,144.9965286,114.8193233,87.65814831,85.09021955,74.32771373,112.33056,121.4003739,99.29072829,73.23024197,58.01205048,55.79387529,53.56223397,49.06884323,100.9490784,110.2423476,102.0335431,67.36872136,58.41713236,49.79367985,45.24953798,41.69053577,37.40508319,67.77676609,62.35030745,53.45319917,43.87412046,40.31253768,28.31638055,14.91888659
Serbia,SRB,External debt stocks (% of GNI),DT.DOD.DECT.GN.ZS,,,,,,,,,,,,,,,,,,,,,,,,,,,,,,,,,,,,,,39.05792162,51.8571831,52.54413233,157.9707594,91.71850861,63.83063226,60.78890157,54.68674641,57.68872141,60.4717077,60.19700468,57.77696819,73.03994995,77.13810494,64.15150875,78.65082158,73.37087004,67.83190735,76.65696671,69.78493231,71.73197014,61.83503183,63.41513283,71.73941556,65.92133203,70.47418914,65.18238926,62.24798496
Sub-Saharan Africa (excluding high income),SSA,External debt stocks (% of GNI),DT.DOD.DECT.GN.ZS,,,,,,,,,,,,,,,,,,,,,,,,,,38.65107247,43.12214382,45.70574998,43.39613693,43.15769635,42.29707843,41.37841624,45.73007105,48.43459865,58.15839199,53.97297599,52.22306,49.0817306,52.34975161,49.89482111,47.55176065,49.3887,51.99076763,43.6599882,37.44689172,29.84655836,22.72653652,22.92583129,21.69136018,25.56647919,25.32614064,25.11162296,27.18648945,28.24267291,28.86805659,32.39696918,38.23442187,41.2093318,40.95383405,42.50659004,47.29214908,44.70345154,42.50706033,46.25363226,49.65766519
South Sudan,SSD,External debt stocks (% of GNI),DT.DOD.DECT.GN.ZS,,,,,,,,,,,,,,,,,,,,,,,,,,,,,,,,,,,,,,,,,,,,,,,,,,,,,,,,,,,,,,,,,
Sub-Saharan Africa,SSF,External debt stocks (% of GNI),DT.DOD.DECT.GN.ZS,,,,,,,,,,,,,,,,,,,,,,,,,,,,,,,,,,,,,,,,,,,,,,,,,,,,,,,,,,,,,,,,,
Small states,SST,External debt stocks (% of GNI),DT.DOD.DECT.GN.ZS,,,,,,,,,,,,,,,,,,,,,,,,,,,,,,,,,,,,,,,,,,,,,,,,,,,,,,,,,,,,,,,,,
Sao Tome and Principe,STP,External debt stocks (% of GNI),DT.DOD.DECT.GN.ZS,,,,,,,,,,,,,,,,,,4.23165048,17.87013704,24.24473196,27.3941433,40.14717328,47.37015104,59.059254,69.92166194,75.7191839,75.61384978,88.7668004,118.6703805,146.0263061,137.3150871,174.2515332,223.4889814,187.2820349,189.3811469,267.5459965,193.2234198,289.4978551,404.530713,459.9026014,435.8387804,423.5539069,407.4954337,341.4345575,319.3738241,248.8388479,238.8103647,105.9957958,68.30251224,76.67582265,93.71698165,95.72179024,84.62643829,76.36614111,68.48880007,89.00410603,81.63498413,84.73226417,66.30522471,66.79969437,65.72525832,62.1259591,52.03396628,46.44329119,42.74721344
Suriname,SUR,External debt stocks (% of GNI),DT.DOD.DECT.GN.ZS,,,,,,,,,,,,,,,,,,,,,,,,,,,,,,,,,,,,,,,,,,,,,,,,,,,,,,,,50.11861446,94.00489246,97.81944378,98.10102592,108.9759011,158.8565126,152.480978,120.403536,129.1069542,
Slovak Republic,SVK,External debt stocks (% of GNI),DT.DOD.DECT.GN.ZS,,,,,,,,,,,,,,,,,,,,,,,,,,,,,,,,,,,,,,,,,,,,,,,,,,,,,,,,,,,,,,,,,
Slovenia,SVN,External debt stocks (% of GNI),DT.DOD.DECT.GN.ZS,,,,,,,,,,,,,,,,,,,,,,,,,,,,,,,,,,,,,,,,,,,,,,,,,,,,,,,,,,,,,,,,,
Sweden,SWE,External debt stocks (% of GNI),DT.DOD.DECT.GN.ZS,,,,,,,,,,,,,,,,,,,,,,,,,,,,,,,,,,,,,,,,,,,,,,,,,,,,,,,,,,,,,,,,,
Eswatini,SWZ,External debt stocks (% of GNI),DT.DOD.DECT.GN.ZS,,,,,,,,,,,38.00658335,27.95978493,24.74773522,19.25569498,15.70453771,,,,,,,,,,,,,,,,21.81491881,21.24483859,17.39068437,16.23837306,17.1653476,14.02843909,13.53789734,22.05339591,18.41267642,20.80520001,18.82956645,21.18995635,28.62227182,21.03545544,16.72020185,15.50155672,14.3700028,14.1795462,14.6103254,15.04065131,24.13917129,22.94885993,18.89625801,17.67343348,13.10881152,11.99944415,21.75120627,20.94274069,17.72344557,20.16911339,25.64549747,26.65547446,28.5949517,28.59017801,27.75388267
Sint Maarten (Dutch part),SXM,External debt stocks (% of GNI),DT.DOD.DECT.GN.ZS,,,,,,,,,,,,,,,,,,,,,,,,,,,,,,,,,,,,,,,,,,,,,,,,,,,,,,,,,,,,,,,,,
Seychelles,SYC,External debt stocks (% of GNI),DT.DOD.DECT.GN.ZS,,,,,,,,,,,,,,,,,,,,,,,,,,,,,,,,,,,,,,,,,,,,,,,,,,,,,,,,,,,,,,,,,
Syrian Arab Republic,SYR,External debt stocks (% of GNI),DT.DOD.DECT.GN.ZS,,,,,,,,,,,,,,,,,,,,,,,,,,,,,,,,,,,,,,,,,,,,,,,,,10.92097998,11.16693989,9.191306965,7.908360385,11.44142792,23.31627252,22.28541341,27.8870431,36.00513897,29.18232934,22.13366738,21.12964348,41.25513687,36.35536817,21.3077702,25.33188603,
Turks and Caicos Islands,TCA,External debt stocks (% of GNI),DT.DOD.DECT.GN.ZS,,,,,,,,,,,,,,,,,,,,,,,,,,,,,,,,,,,,,,,,,,,,,,,,,,,,,,,,,,,,,,,,,
Chad,TCD,External debt stocks (% of GNI),DT.DOD.DECT.GN.ZS,,,,,,,,,,,7.450171575,9.311945667,6.200086569,7.366037294,11.58177278,16.39860992,17.83081751,21.95013948,25.08887369,30.78059809,27.38154564,29.6705738,26.49775485,26.54543762,21.27740097,21.0674916,24.85034165,30.18504031,26.93356868,27.99164325,29.8807686,32.88975244,34.04735412,48.64276577,66.89949602,58.43214668,59.26781115,62.62092509,59.05421002,72.35359995,80.15351209,64.8989744,65.87726942,67.38923081,44.33049753,21.35568643,20.67967781,19.12695748,15.38366151,15.71062964,15.74536487,14.24244697,13.33844019,16.8493737,21.23318669,19.67041953,22.25738421,23.69121329,20.96064903,21.81616325,23.59772589,21.4696645,18.53065405,16.87414338,16.40186797
East Asia & Pacific (IDA & IBRD countries),TEA,External debt stocks (% of GNI),DT.DOD.DECT.GN.ZS,,,,,,,,,,,,,,,,,,,,,,,,,,,,,,,,,,,,,,,,,,,,,,,,,,,,,,,,,,,,,,,,,
Europe & Central Asia (IDA & IBRD countries),TEC,External debt stocks (% of GNI),DT.DOD.DECT.GN.ZS,,,,,,,,,,,,,,,,,,,,,,,,,,,,,,,,,,,,,,,,,,,,,,,,,,,,,,,,,,,,,,,,,
Togo,TGO,External debt stocks (% of GNI),DT.DOD.DECT.GN.ZS,,,,,,,,,,,11.23805371,11.82033572,10.08921845,12.39516258,16.01052135,19.35865826,27.81868445,40.04139404,71.71932244,89.15527433,71.71558318,75.00425617,85.05590043,88.2951772,82.22532418,89.99704835,73.11955831,71.91007707,64.39224108,62.86056862,56.47567345,60.47605636,57.21070447,73.80748682,108.3127079,81.24459566,72.7950048,64.40009373,66.34848772,70.3048373,69.59421034,68.95825691,67.07962263,58.44163255,58.2582486,52.94407458,54.67949949,52.75008161,35.9008862,36.67043383,27.32676875,11.25222147,14.02774784,15.47314786,16.00932799,18.76266754,19.85024157,25.57077597,24.19915844,28.6354006,34.51239452,42.39954665,40.11592499,37.42417889,43.16434534
Thailand,THA,External debt stocks (% of GNI),DT.DOD.DECT.GN.ZS,,,,,,,,,,,14.10020326,14.64180101,15.08660692,11.53986803,11.68698216,12.53340248,13.72776792,16.95928889,21.10463627,24.5528803,25.8555794,31.64248721,33.96781946,34.97335138,36.33902894,45.86741494,43.88165777,41.0456913,35.86128337,32.99703545,33.49115451,39.05265444,38.28657685,41.60025532,45.53124228,60.29438111,63.26412076,75.30991574,96.0465859,78.92054803,64.43097835,57.55185867,48.55869312,40.02078994,35.32191997,32.36465399,29.37347191,24.86515952,23.76035508,29.7717122,32.79095242,32.51982836,39.84406323,39.09678127,38.02588005,32.31480923,33.2711075,35.22982766,35.68589602,32.17690865,38.18525157,40.25205644,41.89861107,38.70708882,37.48912082
Tajikistan,TJK,External debt stocks (% of GNI),DT.DOD.DECT.GN.ZS,,,,,,,,,,,,,,,,,,,,,,,,,,,,,,,,,0.509862287,23.22495286,44.09858838,53.23536861,71.77382721,116.9739993,95.47020515,129.938023,138.3624123,112.8131879,106.2989603,85.67777276,57.79533479,41.98081785,30.65342375,28.51126524,37.55363625,44.78526347,51.09488113,47.15980329,47.40486748,43.75430427,45.35730002,52.50184476,64.10082597,67.91501652,67.69981754,68.86698018,72.68458626,61.25735507,47.31248849,43.13860952,37.39477209
Turkmenistan,TKM,External debt stocks (% of GNI),DT.DOD.DECT.GN.ZS,,,,,,,,,,,,,,,,,,,,,,,,,,,,,,,,,,8.633873089,16.25042072,16.08589764,31.55833115,73.63151142,90.86961056,111.747394,96.31968904,65.3544526,49.10319978,32.49062744,26.97500653,15.28638352,10.26924005,7.137001877,4.484781457,4.24042892,8.129961049,16.27128105,20.56795135,23.13682265,18.58668736,20.77916061,23.18568985,23.79569653,20.89662142,14.91518114,12.66488011,10.03323608,7.981847912,6.515624755,5.216612651
Latin America & the Caribbean (IDA & IBRD countries),TLA,External debt stocks (% of GNI),DT.DOD.DECT.GN.ZS,,,,,,,,,,,,,,,,,,,,,,,,,,,,,,,,,,,,,,,,,,,,,,,,,,,,,,,,,,,,,,,,,
Timor-Leste,TLS,External debt stocks (% of GNI),DT.DOD.DECT.GN.ZS,,,,,,,,,,,,,,,,,,,,,,,,,,,,,,,,,,,,,,,,,,,,,,,,,,,,,1.760777056,2.155480147,3.125037063,4.186314833,3.643733131,5.51559154,7.069444243,7.08840627,9.786333118,8.044035791,9.419552085,12.55550547,15.3653755
"Middle East, North Africa, Afghanistan & Pakistan (IDA & IBRD)",TMN,External debt stocks (% of GNI),DT.DOD.DECT.GN.ZS,,,,,,,,,,,,,,,,,,,,,,,,,,,,,,,,,,,,,,,,,,,,,,,,,,,,,,,,,,,,,,,,,
Tonga,TON,External debt stocks (% of GNI),DT.DOD.DECT.GN.ZS,,,,,,,,,,,,,,,,,,,,,,,,,,39.14950988,40.21195012,42.44728936,32.95323616,35.37154462,46.0779294,33.44956621,31.37840053,31.70093212,28.62999729,30.16403851,28.0939518,26.66518163,32.54009282,37.94974925,35.65539665,39.25115377,43.77641523,45.99105245,40.49717421,34.08669952,30.80560767,31.9495656,28.25531333,35.65825421,40.56040793,44.86623921,40.82564193,43.09382749,44.11109488,41.70177891,40.80221601,40.3523234,36.4379253,35.42508075,36.53300183,40.81401751,38.60375435,35.44370662,
South Asia (IDA & IBRD),TSA,External debt stocks (% of GNI),DT.DOD.DECT.GN.ZS,,,,,,,,,,,,,,,,,,,,,,,,,,,,,,,,,,,,,,,,,,,,,,,,,,,,,,,,,,,,,,,,,
Sub-Saharan Africa (IDA & IBRD countries),TSS,External debt stocks (% of GNI),DT.DOD.DECT.GN.ZS,,,,,,,,,,,,,,,,,,,,,,,,,,,,,,,,,,,,,,,,,,,,,,,,,,,,,,,,,,,,,,,,,
Trinidad and Tobago,TTO,External debt stocks (% of GNI),DT.DOD.DECT.GN.ZS,,,,,,,,,,,,,,,,,,,,,,,,,,,,,,,,,,,,,,,,,,,,,,,,,,,,,,,,,,,,,,,,,
Tunisia,TUN,External debt stocks (% of GNI),DT.DOD.DECT.GN.ZS,,,,,,,,,,,43.70411285,41.53709487,34.83307884,33.77716273,29.48403167,26.60939396,29.9022474,45.78604221,51.35934559,49.26797417,41.81183679,44.43919605,48.18534455,50.26784922,51.21457468,60.63896609,69.15537751,74.02218935,70.84710263,72.47750131,64.71655331,65.91492103,57.84018782,63.53010748,65.20240582,63.0005503,61.34453393,56.57507968,51.76525296,53.99496903,55.30844636,61.14364517,69.98330389,68.70944075,65.81456716,58.95612601,57.42377204,56.14371127,50.93043042,55.41407252,51.33635373,49.74986783,55.97496203,56.32793775,56.81906759,63.22303396,68.02942461,81.88818677,84.62156049,98.55728044,102.1470255,93.84613267,93.32788782,90.24955802,77.69960626
Turkiye,TUR,External debt stocks (% of GNI),DT.DOD.DECT.GN.ZS,,,,,,,,,,,15.44528896,20.44271342,17.31522995,16.25488222,13.14715291,11.0277734,11.73294549,19.62944392,22.69065856,17.97028515,28.25649415,27.57730617,31.35218564,33.6855744,36.97680282,39.60524302,44.62721722,48.1097368,46.39216503,39.67262697,33.36137105,34.28782832,36.14379217,38.61402152,52.00605751,44.41494877,45.15845509,45.33757022,35.51979647,40.25340046,43.2121592,57.40508082,55.90195714,48.00654702,41.03439448,35.58412671,39.47505731,39.80400227,38.59842799,44.57363561,41.09907517,38.60131126,40.43575941,42.3711461,44.46020738,46.74053037,46.36147775,52.6882928,55.44535745,55.30715246,60.31509061,53.74258919,50.75832237,45.1571511,39.38804947
Tuvalu,TUV,External debt stocks (% of GNI),DT.DOD.DECT.GN.ZS,,,,,,,,,,,,,,,,,,,,,,,,,,,,,,,,,,,,,,,,,,,,,,,,,,,,,,,,,,,,,,,,,
Tanzania,TZA,External debt stocks (% of GNI),DT.DOD.DECT.GN.ZS,,,,,,,,,,,6.92994892,38.57409868,40.20447524,42.04732586,40.42343078,40.89540911,41.82356908,44.94397212,47.20308241,42.91602077,46.0005045,43.83170939,44.11991779,48.47781153,55.888305,59.70993793,45.61323516,71.21719327,83.16262108,93.76369527,107.2585377,93.54267984,102.6873959,112.4699292,112.9963052,98.25363467,78.44957469,64.42262856,62.25980893,63.12589553,54.30955871,49.24469581,50.9741679,48.70142425,52.40068153,46.62669207,22.06197241,23.34003553,21.81896039,26.63390759,28.43984418,29.78150266,30.83859084,31.08337424,33.14512065,39.28918803,40.00792927,41.30093363,40.1480141,40.7439097,39.76937127,41.48605461,40.93183135,44.59508611,47.3169345
Uganda,UGA,External debt stocks (% of GNI),DT.DOD.DECT.GN.ZS,,,,,,,,,,,12.18818073,12.35788547,12.05551211,10.40211055,9.701044835,8.881292341,9.994035695,10.28010703,17.6881049,27.64459506,55.81131341,53.37573438,40.6474899,45.97767082,30.10237873,35.72759388,36.67999001,31.1065049,30.08032239,42.14904213,61.64128748,85.89734863,106.5292661,96.25766748,86.46672906,63.33688792,61.84990874,62.49723674,59.94089364,59.11775169,58.09045245,66.57838885,66.50298499,70.75517449,62.00097138,49.74304032,13.36937147,14.16025115,16.17163313,11.17634067,11.34001118,11.88965879,14.12742167,30.27510157,27.14972922,30.13521555,35.16034263,38.90702184,38.52529843,40.66444103,48.06215778,52.14244854,47.18197003,42.66858231,39.21696521
Ukraine,UKR,External debt stocks (% of GNI),DT.DOD.DECT.GN.ZS,,,,,,,,,,,,,,,,,,,,,,,,,,,,,,,,,0.745455855,6.018276934,10.82769235,17.691976,21.68479876,22.48920819,31.87648047,51.29340055,45.89702491,59.47346838,56.20326426,52.1994087,49.98461109,41.2177496,51.18220101,56.88523405,55.80506087,91.7428679,91.59189324,85.17376935,74.05596431,78.27556326,96.7265803,125.0258712,123.3424209,109.4071479,92.73721758,80.69871443,83.35760197,70.58326588,84.11459101,96.08001541,101.2671699
Upper middle income,UMC,External debt stocks (% of GNI),DT.DOD.DECT.GN.ZS,,,,,,,,,,,11.50225303,12.31126152,12.93891481,12.11769292,11.96700888,13.06753642,14.85922418,17.46982893,19.49927961,19.7745135,20.97318039,22.60961734,26.15913348,28.40064556,27.79512153,28.99248811,30.57704042,34.66112526,31.86003283,28.94236801,27.48782823,30.24559058,30.16249209,30.78537603,30.87102603,31.72488184,30.2090519,29.82000772,32.7107614,34.71306171,31.22024158,32.02444625,32.1361121,31.04053852,28.86901692,24.34946289,22.35369781,21.17376144,18.42923492,19.98843883,20.63677181,20.32237309,21.09043843,22.88475111,24.23991489,22.62227114,23.40010171,23.89862319,24.10859482,24.65940497,26.62557227,24.04846019,22.49519656,21.96497995,21.29943512
Uruguay,URY,External debt stocks (% of GNI),DT.DOD.DECT.GN.ZS,,,,,,,,,,,,,,,,,,,,,,,,,,,,,,,,,,,,,,,,,,,,,,,,,,,,,,,,,,,,,,,,,
United States,USA,External debt stocks (% of GNI),DT.DOD.DECT.GN.ZS,,,,,,,,,,,,,,,,,,,,,,,,,,,,,,,,,,,,,,,,,,,,,,,,,,,,,,,,,,,,,,,,,
Uzbekistan,UZB,External debt stocks (% of GNI),DT.DOD.DECT.GN.ZS,,,,,,,,,,,,,,,,,,,,,,,,,,,,,,,,,0.463433871,7.904993531,9.701162718,13.54346569,17.25928836,20.14335984,22.69157188,31.43350927,36.57621018,46.58756937,53.92539369,53.18560506,43.50282234,32.47067901,26.2167337,20.08290988,16.23390424,21.09642608,15.77705668,13.3983032,12.51731312,13.86614017,14.90829109,15.48830443,17.6278326,23.55097638,30.32802203,36.69251265,55.78412698,57.75260228,58.82238405,59.41077175,60.51365002
St. Vincent and the Grenadines,VCT,External debt stocks (% of GNI),DT.DOD.DECT.GN.ZS,,,,,,,,,,,7.886178862,3.68912211,2.810759388,9.242132292,9.692267684,10.37110949,11.39992622,9.612002634,9.347712832,10.26197684,13.04886638,18.55960953,19.11016707,21.33970146,18.88909351,19.04394554,20.57915744,24.22845422,25.47936923,25.36359409,27.34328806,28.28056712,28.27209483,36.57525145,40.99144872,38.84073653,37.9830456,35.12585156,37.87079763,52.20136179,47.72285567,43.77272143,37.35383498,41.0653254,43.94120797,45.87868954,39.83342271,29.66263704,32.53356073,35.04792248,41.9505431,43.58726736,40.18521577,42.04152061,48.36681071,48.42653615,44.81147954,42.33036378,37.40531656,37.47447706,52.72497951,65.5329676,63.80186301,65.00321649,70.30814572
"Venezuela, RB",VEN,External debt stocks (% of GNI),DT.DOD.DECT.GN.ZS,,,,,,,,,,,,,,,,,,,,,,,,,,,,,,,,,,,,,,,,,,,,,,,,,,,,,,,,,,,,,,,,,
British Virgin Islands,VGB,External debt stocks (% of GNI),DT.DOD.DECT.GN.ZS,,,,,,,,,,,,,,,,,,,,,,,,,,,,,,,,,,,,,,,,,,,,,,,,,,,,,,,,,,,,,,,,,
Virgin Islands (U.S.),VIR,External debt stocks (% of GNI),DT.DOD.DECT.GN.ZS,,,,,,,,,,,,,,,,,,,,,,,,,,,,,,,,,,,,,,,,,,,,,,,,,,,,,,,,,,,,,,,,,
Viet Nam,VNM,External debt stocks (% of GNI),DT.DOD.DECT.GN.ZS,,,,,,,,,,,,,,,,,,,,,,,,,,,,,,327.0617969,384.011695,257.0555227,255.9196066,191.0638822,156.5763206,123.0086674,107.6444635,82.64942655,84.65498596,82.83260947,41.79262557,39.17418711,38.68163132,40.06057726,39.55250772,32.86516031,28.87411514,30.74735856,27.54978822,32.30549459,31.5643857,32.37909672,32.87594802,32.10197227,33.27332736,36.02765129,37.24343688,41.57012523,38.26956407,38.57321914,39.02346795,40.21921635,37.25802815,34.47907532,28.84929811
Vanuatu,VUT,External debt stocks (% of GNI),DT.DOD.DECT.GN.ZS,,,,,,,,,,,,,,,,,,,,,,3.094882667,4.365720938,10.59999097,10.32204042,13.3165767,15.40918692,19.91602541,19.02650516,20.44778981,22.81946219,19.69613795,20.22294667,23.37074763,23.22241907,23.0201481,20.84972527,20.09711852,25.26190892,33.46219656,43.33701291,48.30707367,63.96069284,53.70121447,44.45314137,27.19800522,26.37683871,26.01411409,25.29775816,26.87389506,27.36485506,23.75673886,25.85570083,20.90679308,25.8655634,33.23236789,35.70540942,45.49419875,42.73183775,39.67702426,43.42585944,42.59072792,39.0105451,36.74156298,39.16255261
World,WLD,External debt stocks (% of GNI),DT.DOD.DECT.GN.ZS,,,,,,,,,,,,,,,,,,,,,,,,,,,,,,,,,,,,,,,,,,,,,,,,,,,,,,,,,,,,,,,,,
Samoa,WSM,External debt stocks (% of GNI),DT.DOD.DECT.GN.ZS,,,,,,,,,,,5.696226839,4.665036561,6.721402458,11.0124636,14.16351217,17.86129497,25.56088288,30.52772423,36.58987421,41.0792873,45.07987584,50.7222524,51.96900462,57.63474843,68.50898345,77.73703121,72.43034721,68.48783693,46.45957178,46.32500166,53.92709125,67.57561294,68.93777386,80.57863575,78.67377515,81.58406532,67.6608032,53.62244293,58.64722244,62.90147222,57.02721109,54.41064992,56.6146485,54.55621621,46.51593758,38.25475848,35.58854063,34.97209859,34.52072656,42.30429073,49.22813404,51.42665042,56.66673044,60.74304763,63.06815943,57.7230691,53.81198946,55.09663629,52.57426229,49.5769047,56.92779969,60.97194185,57.93461208,46.78047691,37.56024922
Kosovo,XKX,External debt stocks (% of GNI),DT.DOD.DECT.GN.ZS,,,,,,,,,,,,,,,,,,,,,,,,,,,,,,,,,,,,,,,,,,,,,,,,,13.09249908,33.82597267,31.30735337,29.93979111,31.53792671,32.20154951,29.12380367,32.86517083,31.40625324,34.18875597,29.0232835,29.92063517,39.07337237,34.87814469,38.62653078,39.69601656,38.60872399
"Yemen, Rep.",YEM,External debt stocks (% of GNI),DT.DOD.DECT.GN.ZS,,,,,,,,,,,,,,,,,,,,,,,,,,,,,,,50.57531978,45.66438377,37.47025308,27.87258208,22.38681762,51.06784135,107.9935007,62.92727027,96.87436228,73.91231903,57.87793225,56.62117268,53.90791929,50.97797366,44.7510934,36.22938479,32.04793512,30.32174699,24.91899865,28.37945529,22.36144613,21.15603869,22.42230668,19.91958988,18.92850755,17.61436187,22.84114805,27.55343438,33.51299232,,,,,,
South Africa,ZAF,External debt stocks (% of GNI),DT.DOD.DECT.GN.ZS,,,,,,,,,,,,,,,,,,,,,,,,,,,,,,,,,,,14.3430113,15.01706955,16.26876115,18.48124819,17.36399162,17.34210049,17.94884381,19.50012995,27.79133482,20.84786994,17.50074361,15.88268817,19.39823012,22.5208681,24.18076787,26.11505575,28.18211068,27.74347039,34.93848534,36.20986419,40.1697986,37.71108662,45.69021151,47.19271899,45.74129019,50.24813282,52.78413237,41.04189576,43.09951844,44.16104406,44.83097988
Zambia,ZMB,External debt stocks (% of GNI),DT.DOD.DECT.GN.ZS,,,,,,,,,,,46.69993234,53.48992811,52.90597364,45.89076658,43.93791092,74.00497519,75.95621876,97.18304546,97.85340891,99.16987156,90.48320531,92.66928914,100.7563233,121.9816051,153.576227,225.9556953,414.9428578,337.2815128,201.7421081,182.6602137,229.5380207,232.49852,233.6669312,214.6065891,199.0559295,195.1708576,208.1862855,164.3397269,207.2502944,183.7147022,168.7459503,157.6354187,165.2375777,144.6215141,129.6440649,69.73921925,19.42148305,21.89855771,17.78682588,24.41969803,22.85776528,23.31398423,24.65745395,24.800988,36.29536592,59.07505718,77.57143247,96.00615379,95.02513314,128.3466074,167.5180993,133.5516373,103.6739455,110.6757421,114.2019095
Zimbabwe,ZWE,External debt stocks (% of GNI),DT.DOD.DECT.GN.ZS,,,,,,,,,,,13.28589855,12.0275904,8.92554339,7.104086093,5.96885329,4.711999971,3.739447403,5.138896859,11.2381178,11.9711638,13.73662609,17.56131184,26.46217313,33.90947978,39.38257567,50.38104893,52.584669,54.46447092,43.56492387,41.28607815,47.18157214,52.60863837,84.34071784,86.90284161,91.62157021,101.3894976,78.14328289,83.86641772,119.4905942,96.78919714,90.88636482,81.84387013,90.25302987,111.6284985,130.3637513,118.1205156,151.8077522,200.6558192,389.0507974,69.31991853,61.66165919,58.19331321,56.57818796,48.03364583,46.722902,51.46300087,62.93866325,26.20920067,38.82514927,49.64732794,49.50242154,53.00569343,44.09045319,41.81085644,32.97659716
