Data Source,World Development Indicators,,,,,,,,,,,,,,,,,,,,,,,,,,,,,,,,,,,,,,,,,,,,,,,,,,,,,,,,,,,,,,,,,,,
Last Updated Date,12/19/2025,,,,,,,,,,,,,,,,,,,,,,,,,,,,,,,,,,,,,,,,,,,,,,,,,,,,,,,,,,,,,,,,,,,
,,,,,,,,,,,,,,,,,,,,,,,,,,,,,,,,,,,,,,,,,,,,,,,,,,,,,,,,,,,,,,,,,,,,
Country Name,Country Code,Indicator Name,Indicator Code,1960,1961,1962,1963,1964,1965,1966,1967,1968,1969,1970,1971,1972,1973,1974,1975,1976,1977,1978,1979,1980,1981,1982,1983,1984,1985,1986,1987,1988,1989,1990,1991,1992,1993,1994,1995,1996,1997,1998,1999,2000,2001,2002,2003,2004,2005,2006,2007,2008,2009,2010,2011,2012,2013,2014,2015,2016,2017,2018,2019,2020,2021,2022,2023,2024
Aruba,ABW,"Total debt service (% of exports of goods, services and primary income)",DT.TDS.DECT.EX.ZS,,,,,,,,,,,,,,,,,,,,,,,,,,,,,,,,,,,,,,,,,,,,,,,,,,,,,,,,,,,,,,,,,
Africa Eastern and Southern,AFE,"Total debt service (% of exports of goods, services and primary income)",DT.TDS.DECT.EX.ZS,,,,,,,,,,,,,,,,,,,,,,,,,,,,,,,,,,,,,,,,,,,,,,,,,,,,,,,,,,,,,,,,,
Afghanistan,AFG,"Total debt service (% of exports of goods, services and primary income)",DT.TDS.DECT.EX.ZS,,,,,,,,,,,,,,,,,,,,,,,,,,,,,,,,,,,,,,,,,,,,,,,,,0.402819293,0.487686263,0.379800305,0.323576198,0.598756026,1.583228145,1.938177801,3.299608352,4.333403208,4.353572015,3.323800002,2.974238093,2.673975013,,,,
Africa Western and Central,AFW,"Total debt service (% of exports of goods, services and primary income)",DT.TDS.DECT.EX.ZS,,,,,,,,,,,,,,,,,,,,,,,,,,,,,,,,,,,,,,,,,,,,,,,,,,,,,,,,,,,,,,,,,
Angola,AGO,"Total debt service (% of exports of goods, services and primary income)",DT.TDS.DECT.EX.ZS,,,,,,,,,,,,,,,,,,,,,,,,,,,,,,8.403292626,8.142251934,10.68105437,6.149990778,5.121584879,8.149340141,12.13954113,18.42858069,19.22773102,41.41587311,27.04819205,20.92943765,33.12332016,16.95554,15.31383543,13.63032553,10.75386882,13.22435404,9.917040085,2.527980975,9.695520824,5.741132615,5.745641331,8.394214721,8.272542081,13.42875821,24.78530192,38.07564376,25.42922376,28.53539749,29.91606227,36.2643592,29.25091724,30.38001976,33.45455274,28.91224144
Albania,ALB,"Total debt service (% of exports of goods, services and primary income)",DT.TDS.DECT.EX.ZS,,,,,,,,,,,,,,,,,,,,,,,,,,,,,,,,4.298871687,2.175260388,3.176200157,6.635781416,2.772776817,4.659873675,14.75372702,9.599104077,5.394390063,4.477538872,4.824027477,7.456607186,5.499530472,5.20983484,6.212645163,8.22671064,6.169447812,6.734385347,7.101686315,10.27869375,11.83165939,14.28690725,13.5215302,17.53870223,33.52854632,15.23543428,11.14482599,20.67612056,11.60004158,29.73278965,14.5720229,9.185165853,8.544812997,8.009154213
Andorra,AND,"Total debt service (% of exports of goods, services and primary income)",DT.TDS.DECT.EX.ZS,,,,,,,,,,,,,,,,,,,,,,,,,,,,,,,,,,,,,,,,,,,,,,,,,,,,,,,,,,,,,,,,,
Arab World,ARB,"Total debt service (% of exports of goods, services and primary income)",DT.TDS.DECT.EX.ZS,,,,,,,,,,,,,,,,,,,,,,,,,,,,,,,,,,,,,,,,,,,,,,,,,,,,,,,,,,,,,,,,,
United Arab Emirates,ARE,"Total debt service (% of exports of goods, services and primary income)",DT.TDS.DECT.EX.ZS,,,,,,,,,,,,,,,,,,,,,,,,,,,,,,,,,,,,,,,,,,,,,,,,,,,,,,,,,,,,,,,,,
Argentina,ARG,"Total debt service (% of exports of goods, services and primary income)",DT.TDS.DECT.EX.ZS,,,,,,,,,,,,,,,,,34.90005213,27.77857569,42.53629522,23.01069736,38.03766453,45.84497153,50.17379404,69.8969149,63.61457398,60.32686471,83.13371609,74.53339166,44.50253698,36.42966243,37.13697174,33.77931519,27.6728454,31.11179785,25.29154647,30.31306772,39.44125888,44.17452429,51.80363267,74.28485922,64.28238673,49.58131454,16.59737549,38.291271,29.67587367,19.72463126,31.51133056,12.11147111,11.00182149,21.17237662,18.64245525,15.65492794,14.0666784,17.1373193,20.16958199,24.73347569,34.92801371,51.72991198,51.54825849,50.8327917,43.09726417,30.60226462,31.68259017,51.36198305,38.25335367
Armenia,ARM,"Total debt service (% of exports of goods, services and primary income)",DT.TDS.DECT.EX.ZS,,,,,,,,,,,,,,,,,,,,,,,,,,,,,,,,,,1.153488499,1.938770457,3.152093674,9.535741248,5.055294768,13.28040083,13.17304893,8.66941155,8.410848053,9.347207894,10.82454405,11.41085,7.319496412,6.732955291,6.668341019,11.98731802,17.40533245,29.73873671,24.58414664,29.16675101,46.34727581,31.69962623,38.41423872,33.09718576,26.4117195,28.56214626,30.9705936,45.63437057,34.93436273,17.53636853,17.81007386,9.172068157
American Samoa,ASM,"Total debt service (% of exports of goods, services and primary income)",DT.TDS.DECT.EX.ZS,,,,,,,,,,,,,,,,,,,,,,,,,,,,,,,,,,,,,,,,,,,,,,,,,,,,,,,,,,,,,,,,,
Antigua and Barbuda,ATG,"Total debt service (% of exports of goods, services and primary income)",DT.TDS.DECT.EX.ZS,,,,,,,,,,,,,,,,,,,,,,,,,,,,,,,,,,,,,,,,,,,,,,,,,,,,,,,,,,,,,,,,,
Australia,AUS,"Total debt service (% of exports of goods, services and primary income)",DT.TDS.DECT.EX.ZS,,,,,,,,,,,,,,,,,,,,,,,,,,,,,,,,,,,,,,,,,,,,,,,,,,,,,,,,,,,,,,,,,
Austria,AUT,"Total debt service (% of exports of goods, services and primary income)",DT.TDS.DECT.EX.ZS,,,,,,,,,,,,,,,,,,,,,,,,,,,,,,,,,,,,,,,,,,,,,,,,,,,,,,,,,,,,,,,,,
Azerbaijan,AZE,"Total debt service (% of exports of goods, services and primary income)",DT.TDS.DECT.EX.ZS,,,,,,,,,,,,,,,,,,,,,,,,,,,,,,,,,,,,1.275227004,1.218354033,6.63947348,2.276901115,5.301268733,6.351088406,5.832862167,6.075800851,7.185266512,5.673988759,2.905723078,2.014615811,1.19049702,1.020312687,1.564872964,1.437179114,2.939061862,3.419827544,5.250918205,5.474082038,8.964157146,9.407647242,10.47674189,9.85592392,8.109098449,10.76097757,7.77942103,3.288027521,5.862980856,11.38630054
Burundi,BDI,"Total debt service (% of exports of goods, services and primary income)",DT.TDS.DECT.EX.ZS,,,,,,,,,,,,,,,,,,,,,,,,,,20.42552561,24.50409384,41.32573364,33.28607055,36.43036536,43.41419466,30.61268733,36.53511415,36.19774173,39.47923527,27.6470881,53.95587895,30.32699597,42.3423823,48.69512464,40.85690479,50.77531515,60.096231,64.20047812,134.8028126,40.51887972,20.42563973,18.51374121,11.98074466,16.59414773,2.405637023,3.923252254,8.797861113,13.71872784,12.26537142,13.9133302,15.97999539,9.620107357,9.064333213,11.76017142,12.21978085,9.070523844,9.199920722,10.96331989,
Belgium,BEL,"Total debt service (% of exports of goods, services and primary income)",DT.TDS.DECT.EX.ZS,,,,,,,,,,,,,,,,,,,,,,,,,,,,,,,,,,,,,,,,,,,,,,,,,,,,,,,,,,,,,,,,,
Benin,BEN,"Total debt service (% of exports of goods, services and primary income)",DT.TDS.DECT.EX.ZS,,,,,,,,,,,,,,,5.236108238,4.121944997,3.587395344,2.355496109,3.083312924,3.578338425,8.365189258,4.858551324,12.91620055,17.58494742,16.36730386,14.36674171,16.15337334,8.85952058,9.150714694,8.81177995,9.864536892,5.565957088,5.144088472,5.46850236,7.092864248,7.538792504,6.403083872,8.930110605,10.21226927,12.4824325,14.16905615,10.04215639,10.32194899,7.862356453,9.01578634,7.524205353,6.344138262,4.14055246,3.032704527,3.747923099,2.867386215,18.60465179,3.99726603,3.675144635,3.147565031,7.459044595,4.155423096,3.690679911,7.855917336,6.903269418,7.041306866,17.33002748,11.27206413,18.10364533,26.81481324
Burkina Faso,BFA,"Total debt service (% of exports of goods, services and primary income)",DT.TDS.DECT.EX.ZS,,,,,,,,,,,,,,,4.468000125,5.50060228,4.395641585,4.623998115,5.261293895,5.074928419,9.839358465,9.391191562,10.76419671,11.53031229,12.35961899,17.59232349,18.31620628,12.52933835,13.65265708,15.19087287,9.352437115,13.10746,10.33718832,12.16096447,15.52953629,,,,,,18.95138707,13.94105803,14.32454558,12.12486917,9.050503837,7.947061041,6.239440067,14.39473474,18.96131865,27.19966893,22.33282751,21.04821843,23.5904937,31.30235956,37.19948988,55.19128504,35.83672226,40.32760687,63.1575913,49.47899707,38.73374172,7.588789236,17.5796066,11.66766474,13.6006277
Bangladesh,BGD,"Total debt service (% of exports of goods, services and primary income)",DT.TDS.DECT.EX.ZS,,,,,,,,,,,,,,,,,28.70320489,25.07490456,20.1344305,23.32131038,22.08391008,18.91356989,21.63562547,21.90162866,23.70900991,25.54830554,38.5377686,37.27691138,30.65181187,29.64464306,34.16126419,27.21728165,19.71312542,16.27297302,14.54046446,15.98593736,13.80643365,12.01610429,10.4164808,10.91889164,10.60419301,9.64183503,10.18085588,8.255083709,7.085518766,7.612517852,5.456860516,7.033750716,5.31864338,6.042068946,5.083041824,5.629773752,6.03570025,6.110143101,6.134665739,5.001059616,4.92101274,5.799034299,6.795393733,13.14455259,10.45921111,11.44175596,11.23921622,12.59397994,15.76583012
Bulgaria,BGR,"Total debt service (% of exports of goods, services and primary income)",DT.TDS.DECT.EX.ZS,,,,,,,,,,,,,,,,,,,,,,0.715176616,1.712412863,2.989189961,4.118878463,10.2276729,15.60209816,17.19504188,22.16681202,26.8262248,19.44098485,6.571397596,8.750800528,6.576362227,13.03604751,16.46138167,19.77625214,20.15351732,21.92954896,20.70493945,17.50608756,17.50331547,16.67115055,9.994729988,15.89860227,25.27217466,17.0257885,22.55569727,17.71032487,19.97545367,16.12925224,12.76567704,13.90294979,16.70899428,13.84050043,28.26474722,22.81489361,21.14758593,15.25949416,12.69880084,12.15443985,10.83521077,14.17725927,10.74018674,11.09181428
Bahrain,BHR,"Total debt service (% of exports of goods, services and primary income)",DT.TDS.DECT.EX.ZS,,,,,,,,,,,,,,,,,,,,,,,,,,,,,,,,,,,,,,,,,,,,,,,,,,,,,,,,,,,,,,,,,
"Bahamas, The",BHS,"Total debt service (% of exports of goods, services and primary income)",DT.TDS.DECT.EX.ZS,,,,,,,,,,,,,,,,,,,,,,,,,,,,,,,,,,,,,,,,,,,,,,,,,,,,,,,,,,,,,,,,,
Bosnia and Herzegovina,BIH,"Total debt service (% of exports of goods, services and primary income)",DT.TDS.DECT.EX.ZS,,,,,,,,,,,,,,,,,,,,,,,,,,,,,,,,,,,,,,,,8.20269787,14.22231865,13.88594548,7.988797366,7.644217598,6.951514431,7.344203448,7.438151392,7.994103733,7.474530505,8.796003447,10.05663874,22.20546773,18.9291632,20.69240377,21.6085631,30.80869296,18.50323117,16.97681474,13.9498325,11.36902619,8.687350906,13.69400529,7.903695235,13.53416481,10.83513253
Belarus,BLR,"Total debt service (% of exports of goods, services and primary income)",DT.TDS.DECT.EX.ZS,,,,,,,,,,,,,,,,,,,,,,,,,,,,,,,,,,0.64391103,4.279360169,3.442433085,2.303198346,2.429843235,2.827775071,4.201043659,5.508972451,4.303336527,4.374446578,3.883470195,2.539471509,3.956638358,3.449521214,4.051147554,3.790620223,6.775541385,5.904897162,6.886114446,9.527576683,10.37749622,12.11892522,14.89635717,20.31890734,11.77558878,13.3189514,10.45164568,11.27580959,8.623196578,14.06451474,16.13326211,10.46978752
Belize,BLZ,"Total debt service (% of exports of goods, services and primary income)",DT.TDS.DECT.EX.ZS,,,,,,,,,,,,,,,,,,,,,,,,,6.666035643,13.38861594,10.99050035,9.584013783,8.289310329,7.879762537,7.165314442,6.370871684,5.572350293,6.274180132,8.853573104,12.1959164,12.77023186,11.71825354,13.76920125,11.61052109,17.92762401,22.34439756,39.02608478,29.38994043,61.85409967,36.84930204,17.58684824,78.95392168,16.89445375,17.12802411,15.24163256,13.84330807,14.88362099,12.74898027,8.437666778,9.406373161,10.49176842,10.06343476,10.52604659,9.366430247,11.023768,58.93269789,5.571489747,7.348247313,7.671211318
Bermuda,BMU,"Total debt service (% of exports of goods, services and primary income)",DT.TDS.DECT.EX.ZS,,,,,,,,,,,,,,,,,,,,,,,,,,,,,,,,,,,,,,,,,,,,,,,,,,,,,,,,,,,,,,,,,
Bolivia,BOL,"Total debt service (% of exports of goods, services and primary income)",DT.TDS.DECT.EX.ZS,,,,,,,,,,,,,,,,,22.56822586,24.83973558,53.45872592,34.10883388,35.46032554,36.21054092,59.74877534,51.86040903,63.88089981,50.29846503,37.44749801,34.33527536,54.93067682,33.50250135,39.3681214,35.72214947,37.24996912,37.89424386,29.53461656,29.96187133,31.22189518,31.85163184,29.61712215,28.91298507,39.84833578,33.53620436,29.12139679,21.41675012,19.77287419,15.66352101,9.69615044,13.95370693,12.90130894,10.32692651,9.477805116,4.823567899,5.247560428,4.255668878,6.977643976,9.898839527,9.219539095,10.02414778,9.519566564,10.36523628,15.56406033,14.01085492,16.27510442,14.20597868,17.78763566
Brazil,BRA,"Total debt service (% of exports of goods, services and primary income)",DT.TDS.DECT.EX.ZS,,,,,,,,,,,,,,,,43.82910528,38.31543537,42.82029128,58.40980973,63.13773162,63.63773557,66.59228741,82.11851501,54.91543568,45.59477271,39.34405599,46.48183017,41.84985597,45.93392436,36.54208099,22.63833207,23.42508925,21.24073738,25.15825937,31.24183906,38.56568186,43.69477887,59.8465348,80.75591555,116.5638942,86.65499186,71.14553747,71.53364161,67.67868398,48.32353894,45.98864157,38.32985608,28.28906243,23.62994165,23.67122776,18.42966827,18.76905155,15.73141323,28.06711814,22.94844221,39.7792836,51.05497558,34.76795269,33.30944369,53.47027741,50.35210916,46.7278547,29.90404498,53.54342386,26.74393391
Barbados,BRB,"Total debt service (% of exports of goods, services and primary income)",DT.TDS.DECT.EX.ZS,,,,,,,,,,,,,,,,,,,,,,,,,,,,,,,,,,,,,,,,,,,,,,,,,,,,,,,,,,,,,,,,,
Brunei Darussalam,BRN,"Total debt service (% of exports of goods, services and primary income)",DT.TDS.DECT.EX.ZS,,,,,,,,,,,,,,,,,,,,,,,,,,,,,,,,,,,,,,,,,,,,,,,,,,,,,,,,,,,,,,,,,
Bhutan,BTN,"Total debt service (% of exports of goods, services and primary income)",DT.TDS.DECT.EX.ZS,,,,,,,,,,,,,,,,,,,,,,,,,,,,,,,,,,,,,,,,,,,,,,,2.79220346,4.845858422,11.85070998,12.68448924,14.41665316,11.20680852,18.70102121,11.82092629,13.17508509,18.10434,17.55958019,11.92263517,11.41777455,8.352126454,8.743303625,17.32419118,16.19486951,15.60940433,16.57762417
Botswana,BWA,"Total debt service (% of exports of goods, services and primary income)",DT.TDS.DECT.EX.ZS,,,,,,,,,,,,,,,,3.212676095,1.553859986,1.889391894,2.460417063,1.611591766,1.891514982,1.613772166,2.245753115,3.006210534,3.711963074,5.350261346,4.254689815,3.871231001,4.243159377,3.339350736,4.348678113,3.445903511,3.905576793,3.618104504,4.010759391,3.147542087,5.243558184,2.825228944,2.595479036,2.165114031,2.033677942,1.712494424,1.954182431,1.231103556,1.034729445,0.934225509,0.96699654,0.722587202,1.177485789,1.043672343,1.397484441,1.058015768,0.885818319,2.145045752,0.672762053,3.32688649,1.979749582,2.442898844,2.360557219,3.01630581,3.751833597,2.014933579,1.929555676,3.666501877,4.717979534
Central African Republic,CAF,"Total debt service (% of exports of goods, services and primary income)",DT.TDS.DECT.EX.ZS,,,,,,,,,,,,,,,,,,3.314105587,3.578309185,2.348876901,4.864356498,6.087030331,5.05449204,12.84641864,16.27196151,14.21996467,15.0850961,14.06500551,13.78256868,15.66819111,13.21289172,8.319712488,9.256057898,4.963946746,12.93195406,,,,,,,,,,,,,,,,,,,,,,,,,8.85123079,4.905616402,5.37314441,5.900482138,10.08772674,13.39662512
Canada,CAN,"Total debt service (% of exports of goods, services and primary income)",DT.TDS.DECT.EX.ZS,,,,,,,,,,,,,,,,,,,,,,,,,,,,,,,,,,,,,,,,,,,,,,,,,,,,,,,,,,,,,,,,,
Central Europe and the Baltics,CEB,"Total debt service (% of exports of goods, services and primary income)",DT.TDS.DECT.EX.ZS,,,,,,,,,,,,,,,,,,,,,,,,,,,,,,,,,,,,,,,,,,,,,,,,,,,,,,,,,,,,,,,,,
Switzerland,CHE,"Total debt service (% of exports of goods, services and primary income)",DT.TDS.DECT.EX.ZS,,,,,,,,,,,,,,,,,,,,,,,,,,,,,,,,,,,,,,,,,,,,,,,,,,,,,,,,,,,,,,,,,
Channel Islands,CHI,"Total debt service (% of exports of goods, services and primary income)",DT.TDS.DECT.EX.ZS,,,,,,,,,,,,,,,,,,,,,,,,,,,,,,,,,,,,,,,,,,,,,,,,,,,,,,,,,,,,,,,,,
Chile,CHL,"Total debt service (% of exports of goods, services and primary income)",DT.TDS.DECT.EX.ZS,,,,,,,,,,,,,,,,,,,,,,,,,,,,,,,,,,,,,,,,,,,,,,,,,,,,,,,,,,,,,,,,,
China,CHN,"Total debt service (% of exports of goods, services and primary income)",DT.TDS.DECT.EX.ZS,,,,,,,,,,,,,,,,,,,,,,,8.592454983,10.88092159,7.959295314,8.372678463,9.701646683,9.593813443,9.6339833,11.36478464,11.68547504,11.92966412,10.21035239,11.14333933,8.915396208,9.884747902,8.803153264,12.61343148,12.5451629,16.80116505,13.13491604,11.46971619,12.14668698,8.119865497,3.726291153,3.384675787,2.633075189,2.376860398,2.071532243,2.910785026,2.896430978,2.916652724,3.084647551,3.039701896,3.019717453,4.902748896,6.918755436,7.58735987,8.252718966,9.495168722,9.194780342,8.687544516,11.33357407,11.83072034,8.592860775
Cote d'Ivoire,CIV,"Total debt service (% of exports of goods, services and primary income)",DT.TDS.DECT.EX.ZS,,,,,,,,,,,,,,,,9.462689016,11.26407321,10.92730052,15.31687226,20.11095252,38.65920826,52.57535953,54.14557838,49.93734746,37.54997973,34.82504575,35.44800064,38.40213199,32.38722198,33.22682537,35.43789728,37.86153858,32.07808825,33.22303572,35.17184687,23.11221297,26.52582521,22.47049146,25.66785617,26.82006122,,,,,,3.521573178,2.836695851,4.389194727,8.964763731,8.984041995,5.859822329,5.267436169,5.417396492,7.955711053,7.145863577,6.358645335,12.97286348,17.0951138,12.31552045,21.18575006,17.9986903,10.32197639,12.91166555,20.05020964,24.72837361
Cameroon,CMR,"Total debt service (% of exports of goods, services and primary income)",DT.TDS.DECT.EX.ZS,,,,,,,,,,,,,,,,,,6.914366124,9.559538051,10.35524882,13.33392779,16.5895444,21.50899577,19.04240541,20.41047006,30.22562117,26.11492404,30.78260066,29.1029226,17.28633275,20.52414141,17.64311438,16.51184324,24.5658367,21.30046372,21.00655359,20.08497589,20.27056835,21.1530501,24.80269608,20.73092986,11.92670777,11.5080683,13.4592567,15.61905657,19.12469787,15.24030239,7.594099782,5.90080503,7.35924774,3.559765758,4.318053427,3.135196675,3.33088125,6.054746859,7.357072471,13.39247547,10.67645537,14.06454187,14.24188622,20.85882089,25.55850109,20.58309121,20.14974156,
"Congo, Dem. Rep.",COD,"Total debt service (% of exports of goods, services and primary income)",DT.TDS.DECT.EX.ZS,,,,,,,,,,,,,,,,,,,,,,,,,,,,,,,,,,,,,,,,,,,,,,7.898641659,9.179745321,7.62714492,7.674513007,12.37430715,3.079198244,2.463755766,2.518194113,2.882848525,2.818988665,3.257106084,3.594933275,2.954766243,2.015090203,2.278057356,1.930166718,1.426664045,3.094133376,1.63073207,1.321422305
"Congo, Rep.",COG,"Total debt service (% of exports of goods, services and primary income)",DT.TDS.DECT.EX.ZS,,,,,,,,,,,,,,,,,,,5.371887642,13.34797795,10.5763387,20.54029461,19.98576884,28.66600458,26.64670351,34.40373068,46.23585029,45.0343546,46.06832987,27.92677061,34.57225157,26.26417989,14.71631796,13.33990492,54.12979629,13.49301641,20.74479658,7.683055677,3.069213334,1.539322349,1.700320919,4.241169944,1.207061876,2.280760009,5.815131159,2.253938156,1.380394013,1.836657104,2.00642003,2.788958979,1.332513485,1.13269575,1.651283475,4.551977879,5.097090286,8.093682318,7.828248948,,,6.379389373,13.64906494,6.374523081,13.62724131,13.28987556,13.56441917
Colombia,COL,"Total debt service (% of exports of goods, services and primary income)",DT.TDS.DECT.EX.ZS,,,,,,,,,,,28.4917649,27.85927384,27.40891022,23.08301333,22.02967755,15.11892001,13.69475746,11.30351558,12.1011284,14.85124025,16.59519157,22.83447683,30.45950962,39.54741083,30.91484835,43.06090721,34.07509269,40.08237359,47.59709626,51.71376336,43.10680683,39.80859392,41.38431764,35.41840591,49.1849052,33.74744132,39.16513199,30.00294589,31.67604928,44.67189372,30.56713511,39.70112354,45.78560138,52.97376479,37.8899423,39.98215999,32.81746155,23.25051524,17.40239575,21.46477476,20.08225192,15.13555009,21.06849423,13.91538924,21.64394889,27.59836421,33.15054068,40.90777251,40.78475627,32.96493509,50.76833602,44.61854241,33.80397307,36.71824097,42.99759333
Comoros,COM,"Total debt service (% of exports of goods, services and primary income)",DT.TDS.DECT.EX.ZS,,,,,,,,,,,,,,,,,,,,,2.872143788,4.345090945,3.754231175,6.442619467,26.00893228,10.65470094,7.588962842,5.854305273,2.579244195,3.832700081,2.907973534,15.68866317,11.02776464,3.880728143,6.610090324,1.959866441,,,,,,,,4.754913007,5.523667293,6.768894277,5.911020206,34.03397777,15.45944286,14.61044568,4.736684981,3.805202715,13.22923307,0.540012364,0.591865638,7.198585983,5.503302987,2.944787229,4.789551938,6.056897091,13.91912088,2.541560166,2.725557935,11.54315702,17.34469832
Cabo Verde,CPV,"Total debt service (% of exports of goods, services and primary income)",DT.TDS.DECT.EX.ZS,,,,,,,,,,,,,,,,,,,,,,1.156171893,4.401991388,7.753421372,16.23543099,15.65496083,12.6165472,16.22453,17.03150606,11.45857212,9.078295135,14.73569021,18.85187143,12.35451615,14.33356484,11.15425159,7.68825813,10.52865047,17.00784403,16.28087589,11.07847963,8.174061976,11.87017534,7.269423516,7.9273514,9.573611099,6.429392957,4.977843513,4.250071208,5.625933755,5.44156361,4.744522317,6.544206789,5.766241498,5.630782013,7.492960589,6.677860772,6.907478916,6.849872286,6.752255383,14.18993207,12.26280954,11.96514037,15.16579229,12.62393765
Costa Rica,CRI,"Total debt service (% of exports of goods, services and primary income)",DT.TDS.DECT.EX.ZS,,,,,,,,,,,,,,,,,,,,,,,,,,,,,,,,,,,,,,,,,,,,,,,,,,,,,,,,,,,,,,,,,
Caribbean small states,CSS,"Total debt service (% of exports of goods, services and primary income)",DT.TDS.DECT.EX.ZS,,,,,,,,,,,,,,,,,,,,,,,,,,,,,,,,,,,,,,,,,,,,,,,,,,,,,,,,,,,,,,,,,
Cuba,CUB,"Total debt service (% of exports of goods, services and primary income)",DT.TDS.DECT.EX.ZS,,,,,,,,,,,,,,,,,,,,,,,,,,,,,,,,,,,,,,,,,,,,,,,,,,,,,,,,,,,,,,,,,
Curacao,CUW,"Total debt service (% of exports of goods, services and primary income)",DT.TDS.DECT.EX.ZS,,,,,,,,,,,,,,,,,,,,,,,,,,,,,,,,,,,,,,,,,,,,,,,,,,,,,,,,,,,,,,,,,
Cayman Islands,CYM,"Total debt service (% of exports of goods, services and primary income)",DT.TDS.DECT.EX.ZS,,,,,,,,,,,,,,,,,,,,,,,,,,,,,,,,,,,,,,,,,,,,,,,,,,,,,,,,,,,,,,,,,
Cyprus,CYP,"Total debt service (% of exports of goods, services and primary income)",DT.TDS.DECT.EX.ZS,,,,,,,,,,,,,,,,,,,,,,,,,,,,,,,,,,,,,,,,,,,,,,,,,,,,,,,,,,,,,,,,,
Czechia,CZE,"Total debt service (% of exports of goods, services and primary income)",DT.TDS.DECT.EX.ZS,,,,,,,,,,,,,,,,,,,,,,,,,,,,,,,,,,,,,,,,,,,,,,,,,,,,,,,,,,,,,,,,,
Germany,DEU,"Total debt service (% of exports of goods, services and primary income)",DT.TDS.DECT.EX.ZS,,,,,,,,,,,,,,,,,,,,,,,,,,,,,,,,,,,,,,,,,,,,,,,,,,,,,,,,,,,,,,,,,
Djibouti,DJI,"Total debt service (% of exports of goods, services and primary income)",DT.TDS.DECT.EX.ZS,,,,,,,,,,,,,,,,,,,,,,,,,,,,,,,,4.690490798,4.710109115,3.616219163,4.666565105,5.048643286,5.419845679,3.131669388,2.202800788,4.358481219,6.90657139,5.211296025,5.256922343,5.668764707,6.931979434,5.564394889,7.677729431,8.932078492,8.268295974,7.765888225,7.879536478,8.684219485,8.378944458,1.277379669,1.061815897,1.240376334,2.147563115,1.717335067,1.585671084,1.525283227,1.883921354,1.171050989,1.313988903,1.639063308,2.52675253
Dominica,DMA,"Total debt service (% of exports of goods, services and primary income)",DT.TDS.DECT.EX.ZS,,,,,,,,,,,,,,,,,,,,,,2.490337295,2.806670031,5.633792087,10.98611872,11.20368653,8.488619575,11.86902908,8.569430194,9.538675829,6.633431012,6.436468038,6.054736874,7.501499533,7.544349889,6.342111284,5.636306339,7.83911329,6.986344975,6.894510799,6.700606845,11.24111531,7.969181002,8.680816977,9.415695175,9.790030045,9.78222967,10.31703116,9.430682998,10.41325315,6.878188754,7.154691067,9.600893497,9.596634941,7.875809777,12.04727184,11.50509985,14.92085934,22.62717435,16.70939393,26.44562097,19.80061726,20.99605396,22.75488035,29.4152919
Denmark,DNK,"Total debt service (% of exports of goods, services and primary income)",DT.TDS.DECT.EX.ZS,,,,,,,,,,,,,,,,,,,,,,,,,,,,,,,,,,,,,,,,,,,,,,,,,,,,,,,,,,,,,,,,,
Dominican Republic,DOM,"Total debt service (% of exports of goods, services and primary income)",DT.TDS.DECT.EX.ZS,,,,,,,,,,,17.93462282,17.77236287,14.08843917,15.99635215,9.735038085,11.06790903,13.19603969,15.38668797,20.21858139,28.04585317,29.21212924,26.30410497,34.96139758,30.25216317,19.68150954,22.97186823,26.61153505,19.8605458,18.07008373,15.91006543,12.45483894,14.04789635,18.03468615,6.836076948,9.572217226,10.80328659,10.9017507,9.684891043,7.735398691,7.209929283,8.534309446,10.80397981,11.44879589,13.2218079,10.97581513,9.139452093,15.18002044,15.13275987,15.07138707,16.6538393,11.16107791,10.76279665,16.47355445,17.32824319,18.4215063,29.86309536,18.60135196,15.58024945,14.25722611,17.4118159,40.41845871,16.71983833,14.18634442,18.93129936,22.04072141
Algeria,DZA,"Total debt service (% of exports of goods, services and primary income)",DT.TDS.DECT.EX.ZS,,,,,,,,,,,,,,,,,,18.36330147,25.09334327,30.20250337,28.16555613,28.64127424,31.76642367,34.70829672,37.70820934,36.36464246,58.80180675,56.22221672,80.25948865,69.10281275,65.07935286,71.69079537,,,,,,,,,,,,,,11.91008856,22.47915773,2.038507758,1.437615912,1.996520055,1.037614168,0.790385843,1.0815671,0.744237143,0.448059126,1.723437364,1.01404269,0.599991543,0.476882885,0.491760656,0.679786419,0.451864628,0.426551111,0.756757789,0.797700032
East Asia & Pacific (excluding high income),EAP,"Total debt service (% of exports of goods, services and primary income)",DT.TDS.DECT.EX.ZS,,,,,,,,,,,,,,,,,,,,,,,17.52409652,18.43805255,17.85444504,20.36669605,22.56984832,20.58431569,20.25030661,19.97072116,18.89697615,17.7007719,16.80542033,17.43847141,14.74312911,14.19329746,14.45066371,15.82567935,16.63399051,20.13330449,15.78668417,17.17595496,17.03623786,11.88965301,7.699243945,6.783655139,5.988332905,4.971529824,4.026213719,4.894678966,4.625072437,4.295360832,4.551222753,4.571435614,5.398613376,7.002056024,8.510747016,8.755982925,9.19510047,11.11945581,10.297957,9.39279349,11.54748501,12.14397499,9.488949581
Early-demographic dividend,EAR,"Total debt service (% of exports of goods, services and primary income)",DT.TDS.DECT.EX.ZS,,,,,,,,,,,,,,,,,,,,,,,,,,,,,,,,,,,,,,,,,,,,,,,,,,,,,,,,,,,,,,,,,
East Asia & Pacific,EAS,"Total debt service (% of exports of goods, services and primary income)",DT.TDS.DECT.EX.ZS,,,,,,,,,,,,,,,,,,,,,,,,,,,,,,,,,,,,,,,,,,,,,,,,,,,,,,,,,,,,,,,,,
Europe & Central Asia (excluding high income),ECA,"Total debt service (% of exports of goods, services and primary income)",DT.TDS.DECT.EX.ZS,,,,,,,,,,,,,,,,,,,,,,,,,,,,,,,,,,,16.93119311,16.95344829,14.09818583,14.21320225,18.84880153,26.63662225,28.3329069,27.99141366,31.71556077,26.56544099,23.92808685,25.89995978,23.76824493,25.0898745,24.14641033,33.05927461,32.28132154,24.89249066,22.43764992,26.35043406,24.16179075,31.29649678,30.66013279,29.8295312,27.93817978,27.30983821,33.21854431,22.58866132,20.65349548,21.6052105,23.02637034
Europe & Central Asia,ECS,"Total debt service (% of exports of goods, services and primary income)",DT.TDS.DECT.EX.ZS,,,,,,,,,,,,,,,,,,,,,,,,,,,,,,,,,,,,,,,,,,,,,,,,,,,,,,,,,,,,,,,,,
Ecuador,ECU,"Total debt service (% of exports of goods, services and primary income)",DT.TDS.DECT.EX.ZS,,,,,,,,,,,,,,,,,11.09370981,12.54666472,19.8056882,45.61211037,34.16200931,46.90692886,78.72191456,29.88599883,37.97233296,33.21991846,43.41147229,34.21596668,40.07190716,35.85995778,33.21056789,32.36626502,26.21207688,24.15878262,21.34687672,30.77634656,26.54313718,35.65583082,38.51418805,43.65791757,50.96227333,38.27043591,42.54338128,33.89149026,43.99355852,37.1036699,30.72834948,23.91106393,11.88205425,49.52126853,8.870195343,9.714478537,9.9714364,11.33489732,13.83745203,23.62775287,26.53625777,29.18942236,35.6012738,35.81243093,41.06016213,22.42960628,14.43947504,22.88781979,21.85766351
"Egypt, Arab Rep.",EGY,"Total debt service (% of exports of goods, services and primary income)",DT.TDS.DECT.EX.ZS,,,,,,,,,,,,,,,,,,13.78825052,15.93693508,11.82713439,18.95620916,22.365935,23.74108723,28.62666577,32.82749842,38.67865763,42.26357157,22.93046068,32.09802484,36.48463641,28.58702539,22.12461325,21.78639502,17.55186084,16.5558896,16.04562634,14.59674739,12.4074564,13.01395082,12.90315717,9.829507253,11.34325641,12.13750505,13.00878886,8.025712789,7.114877794,6.338527768,6.06505272,5.694093611,6.510350282,6.208582496,7.906553853,6.640520096,7.637173735,12.67384979,9.987339572,19.5115368,15.37755159,16.32236608,16.58038796,30.61957278,31.09412698,23.13492934,30.39108896,49.2291018
Euro area,EMU,"Total debt service (% of exports of goods, services and primary income)",DT.TDS.DECT.EX.ZS,,,,,,,,,,,,,,,,,,,,,,,,,,,,,,,,,,,,,,,,,,,,,,,,,,,,,,,,,,,,,,,,,
Eritrea,ERI,"Total debt service (% of exports of goods, services and primary income)",DT.TDS.DECT.EX.ZS,,,,,,,,,,,,,,,,,,,,,,,,,,,,,,,,,,,,0.105442803,,0.226757894,2.924914095,5.299090061,4.286433617,,,,,,,,,,,,,,,,,,,,,,,,
Spain,ESP,"Total debt service (% of exports of goods, services and primary income)",DT.TDS.DECT.EX.ZS,,,,,,,,,,,,,,,,,,,,,,,,,,,,,,,,,,,,,,,,,,,,,,,,,,,,,,,,,,,,,,,,,
Estonia,EST,"Total debt service (% of exports of goods, services and primary income)",DT.TDS.DECT.EX.ZS,,,,,,,,,,,,,,,,,,,,,,,,,,,,,,,,,,,,,,,,,,,,,,,,,,,,,,,,,,,,,,,,,
Ethiopia,ETH,"Total debt service (% of exports of goods, services and primary income)",DT.TDS.DECT.EX.ZS,,,,,,,,,,,,,,,,,,5.762148017,6.728087038,5.333508716,7.820401534,10.8955563,13.08191211,18.78305411,20.73704352,24.56455255,29.74843455,36.93714297,44.91169345,40.78194247,38.9830555,30.62590436,23.8256238,18.92355358,15.82213487,18.49694534,41.63857008,9.965342507,12.23214477,16.33325062,13.739388,18.4504183,7.955623162,7.262311961,5.626575858,4.476382405,5.928482005,4.61084076,2.928923728,2.787941029,3.854840302,5.889198759,7.142893299,10.67903598,11.87005853,18.29261287,20.93499044,22.235398,21.49156737,28.93640693,26.11170556,21.21582209,18.30336123,14.33973236,11.5380415
European Union,EUU,"Total debt service (% of exports of goods, services and primary income)",DT.TDS.DECT.EX.ZS,,,,,,,,,,,,,,,,,,,,,,,,,,,,,,,,,,,,,,,,,,,,,,,,,,,,,,,,,,,,,,,,,
Fragile and conflict affected situations,FCS,"Total debt service (% of exports of goods, services and primary income)",DT.TDS.DECT.EX.ZS,,,,,,,,,,,,,,,,,,,,,,,,,,,,,,,,,,,,,,,,,,,,,,,,,,,,,,,,,,,,,,,,,
Finland,FIN,"Total debt service (% of exports of goods, services and primary income)",DT.TDS.DECT.EX.ZS,,,,,,,,,,,,,,,,,,,,,,,,,,,,,,,,,,,,,,,,,,,,,,,,,,,,,,,,,,,,,,,,,
Fiji,FJI,"Total debt service (% of exports of goods, services and primary income)",DT.TDS.DECT.EX.ZS,,,,,,,,,,,,,,,,,,,,3.904416915,6.002822251,5.419705978,6.811287955,7.977224605,10.19692137,11.71539628,11.48177383,11.80969543,10.14116868,8.501415629,9.18073812,9.472886918,7.10279455,6.063228779,6.345812121,3.812789369,2.201087879,1.694142639,2.207852666,2.621609871,2.592913298,1.871131204,1.797965013,1.299411059,0.830938468,0.892685562,0.906611352,1.690160967,2.856612598,5.309048072,3.148541458,10.88586829,4.497138622,4.777980312,5.868301079,14.67650722,5.579182047,7.021069121,4.377629774,8.271521735,21.668195,10.88840028,7.915628504,9.10276379,9.535391687
France,FRA,"Total debt service (% of exports of goods, services and primary income)",DT.TDS.DECT.EX.ZS,,,,,,,,,,,,,,,,,,,,,,,,,,,,,,,,,,,,,,,,,,,,,,,,,,,,,,,,,,,,,,,,,
Faroe Islands,FRO,"Total debt service (% of exports of goods, services and primary income)",DT.TDS.DECT.EX.ZS,,,,,,,,,,,,,,,,,,,,,,,,,,,,,,,,,,,,,,,,,,,,,,,,,,,,,,,,,,,,,,,,,
"Micronesia, Fed. Sts.",FSM,"Total debt service (% of exports of goods, services and primary income)",DT.TDS.DECT.EX.ZS,,,,,,,,,,,,,,,,,,,,,,,,,,,,,,,,,,,,,,,,,,,,,,,,,,,,,,,,,,,,,,,,,
Gabon,GAB,"Total debt service (% of exports of goods, services and primary income)",DT.TDS.DECT.EX.ZS,,,,,,,,,,,,,,,,,,,18.44595531,16.07422461,17.74934894,13.49992625,13.02679138,10.81809135,12.77343745,11.61891935,16.64852364,6.85992552,9.372464062,7.543264821,6.394358214,11.98356618,16.31019868,5.874681293,10.2950509,15.31589471,10.62909561,13.09878166,14.05760469,18.81544313,9.951427412,16.23761376,15.33908198,11.05006882,5.630934437,3.508512862,,12.25200494,28.56242627,6.174974885,4.796655155,3.931064928,4.180574868,11.99999746,6.098369343,8.576796375,14.18325851,10.28893195,10.48665978,9.898753771,29.02175559,15.39984567,,,
United Kingdom,GBR,"Total debt service (% of exports of goods, services and primary income)",DT.TDS.DECT.EX.ZS,,,,,,,,,,,,,,,,,,,,,,,,,,,,,,,,,,,,,,,,,,,,,,,,,,,,,,,,,,,,,,,,,
Georgia,GEO,"Total debt service (% of exports of goods, services and primary income)",DT.TDS.DECT.EX.ZS,,,,,,,,,,,,,,,,,,,,,,,,,,,,,,,,,,,,,,6.097895559,23.39275677,15.32213696,12.6745522,8.026127469,11.48616981,12.84662983,12.70122116,8.063681759,10.67882523,5.962216833,16.72633808,20.95894488,17.50178614,24.79353811,21.68535423,20.87256756,23.95372182,31.04111101,36.75313217,29.71593431,23.92198388,22.5470246,35.55915931,29.45810027,20.99444009,20.84834127,26.56288233
Ghana,GHA,"Total debt service (% of exports of goods, services and primary income)",DT.TDS.DECT.EX.ZS,,,,,,,,,,,,,,,,6.485420512,5.808802045,3.715847612,7.4141487,8.894839589,13.11110922,14.25136686,15.55563186,30.4091629,21.72144069,23.57926618,28.32451426,45.8022705,56.9166277,50.76963776,38.79007674,28.13446125,28.35218465,25.63804085,26.68973905,25.4381172,27.56926608,33.24707585,22.76077983,21.14536173,19.03796898,12.93076311,8.592480215,15.62535585,8.033375702,8.909125093,6.275636241,4.868353775,4.374048149,4.601217896,4.92890796,3.544775361,5.683672748,5.23002563,16.72439565,7.38187819,26.04238364,30.64520876,19.09377632,35.9953158,12.73469594,13.36722932,22.12208261,15.28499841,9.43593176
Gibraltar,GIB,"Total debt service (% of exports of goods, services and primary income)",DT.TDS.DECT.EX.ZS,,,,,,,,,,,,,,,,,,,,,,,,,,,,,,,,,,,,,,,,,,,,,,,,,,,,,,,,,,,,,,,,,
Guinea,GIN,"Total debt service (% of exports of goods, services and primary income)",DT.TDS.DECT.EX.ZS,,,,,,,,,,,,,,,,,,,,,,,,,,,12.64951376,27.24337134,22.14063783,16.77898695,20.15440841,15.9173929,12.63176857,11.36135683,15.20035371,24.79270209,15.05962744,21.21589306,19.96876087,17.80078508,22.70251365,14.20185827,13.36359749,14.74530386,21.25494901,18.05965827,15.21647992,12.33380275,8.854593823,10.44628538,5.180232979,11.65141536,6.002449473,1.966707406,2.417477089,4.07568418,2.311987855,1.735264463,2.746609889,2.68121316,1.547343813,1.514736181,2.350569414,2.57789204,3.729306338
"Gambia, The",GMB,"Total debt service (% of exports of goods, services and primary income)",DT.TDS.DECT.EX.ZS,,,,,,,,,,,,,,,,,,,4.736291155,6.462690078,6.238210425,10.48310792,20.16308684,16.99271207,10.85892016,10.27631811,33.24640448,20.43751318,15.63111498,14.15864477,22.23422902,13.59589556,12.74644959,11.54075602,14.12411492,15.60261838,12.54339774,11.7582138,,,,,,14.79259996,20.93490252,15.07574109,14.70261016,13.39406507,5.384896444,6.853084264,8.969887055,10.66889745,9.668948964,11.56285983,17.91955858,18.61347771,23.04219757,15.39113742,13.17452793,12.71104719,22.18170878,28.99992896,14.74990414,7.490781498,8.144205958
Guinea-Bissau,GNB,"Total debt service (% of exports of goods, services and primary income)",DT.TDS.DECT.EX.ZS,,,,,,,,,,,,,,,,,,,,,,,32.60496609,33.28403987,28.3753063,51.96650939,84.60114845,69.79548052,61.04613711,54.22771415,32.28245096,68.63611045,36.86345646,14.74302877,19.78850103,52.40275667,40.6500721,15.33401354,,,,7.099847214,5.937259695,10.77720935,11.64386739,6.62620508,12.53807487,7.440094693,8.718329375,12.92263367,11.25160403,2.335141651,3.625204987,1.238225873,2.146788895,2.042679821,2.738361473,3.936918862,4.58652919,7.65530916,22.7151956,14.4345752,18.1041802,15.07788646,13.25744683
Equatorial Guinea,GNQ,"Total debt service (% of exports of goods, services and primary income)",DT.TDS.DECT.EX.ZS,,,,,,,,,,,,,,,,,,,,,,,,,,,,,,,,,,,,,,,,,,,,,,,,,,,,,,,,,,,,,,,,,
Greece,GRC,"Total debt service (% of exports of goods, services and primary income)",DT.TDS.DECT.EX.ZS,,,,,,,,,,,,,,,,,,,,,,,,,,,,,,,,,,,,,,,,,,,,,,,,,,,,,,,,,,,,,,,,,
Grenada,GRD,"Total debt service (% of exports of goods, services and primary income)",DT.TDS.DECT.EX.ZS,,,,,,,,,,,,,,,,,,2.134400927,3.32935506,4.80375923,6.039006905,3.858552308,7.359083551,11.79947828,12.42547184,11.46560554,8.319374968,7.237092416,8.090051412,5.181647185,4.325732531,3.966658633,6.291075747,7.912718809,7.297193813,6.202411199,6.14943181,5.146900828,6.735624884,5.35151383,6.063267203,8.043175145,14.31178816,14.195486,14.05801089,5.110248963,6.613993566,5.919449064,6.071514469,6.553465307,7.366866129,6.581652652,3.552568074,5.087936958,4.263522873,5.139434429,9.692525266,10.03485929,8.844152823,8.018492836,11.13535046,10.32905947,7.33217483,6.590151633,4.850351259
Greenland,GRL,"Total debt service (% of exports of goods, services and primary income)",DT.TDS.DECT.EX.ZS,,,,,,,,,,,,,,,,,,,,,,,,,,,,,,,,,,,,,,,,,,,,,,,,,,,,,,,,,,,,,,,,,
Guatemala,GTM,"Total debt service (% of exports of goods, services and primary income)",DT.TDS.DECT.EX.ZS,,,,,,,,,,,,,,,,,,4.399459696,6.516714847,7.743170103,8.328407852,9.361229438,11.9005487,16.35513305,22.5316374,29.03155186,33.37046465,31.54605094,29.22170723,21.43254155,15.42537847,18.55755801,27.26979345,16.01251338,14.1578806,12.76674498,13.67751992,11.35503119,10.23386948,10.84280454,9.721729857,10.0645068,10.28390913,10.74602886,14.46444329,14.77136181,15.83871486,16.36483389,16.85596856,19.98418818,16.08699598,17.21992556,13.45360252,23.73943994,15.10493252,16.40541762,23.51281736,29.74721017,8.249065546,13.967807,25.37657718,10.38844429,21.15705391,13.30187795,9.5621552
Guam,GUM,"Total debt service (% of exports of goods, services and primary income)",DT.TDS.DECT.EX.ZS,,,,,,,,,,,,,,,,,,,,,,,,,,,,,,,,,,,,,,,,,,,,,,,,,,,,,,,,,,,,,,,,,
Guyana,GUY,"Total debt service (% of exports of goods, services and primary income)",DT.TDS.DECT.EX.ZS,,,,,,,,,,,,,,,,,,13.02866857,16.99015826,31.87135778,23.16584653,26.29017987,21.17826657,24.52635181,24.72462485,27.96947925,,,,,,,18.68692901,17.24372042,16.41458891,17.02389934,14.40227923,17.31894526,19.23572456,12.46453978,10.23328266,6.853101094,9.648726977,8.670319403,6.439095057,5.008552178,4.410277573,3.309313748,2.545700735,2.073405675,2.671709041,3.453987414,8.556292485,3.651993549,4.334460489,5.302860812,4.739154944,5.707795085,8.651077426,7.440585637,4.667648494,2.363230763,1.222775816,2.649378313,2.885727679
High income,HIC,"Total debt service (% of exports of goods, services and primary income)",DT.TDS.DECT.EX.ZS,,,,,,,,,,,,,,,,,,,,,,,,,,,,,,,,,,,,,,,,,,,,,,,,,,,,,,,,,,,,,,,,,
"Hong Kong SAR, China",HKG,"Total debt service (% of exports of goods, services and primary income)",DT.TDS.DECT.EX.ZS,,,,,,,,,,,,,,,,,,,,,,,,,,,,,,,,,,,,,,,,,,,,,,,,,,,,,,,,,,,,,,,,,
Honduras,HND,"Total debt service (% of exports of goods, services and primary income)",DT.TDS.DECT.EX.ZS,,,,,,,,,,,,,,,11.89522328,14.60764298,29.68951095,19.04219525,19.62623907,21.71927095,22.15343642,26.95262499,32.28332269,26.20440106,24.29516362,26.20462575,30.6627349,36.92633412,37.07895298,15.67856409,38.32400691,30.7623907,35.5855439,31.10178623,35.28381469,35.21683667,31.42971782,25.17003906,22.45955735,21.26461317,14.75223191,13.14643912,14.65458362,15.00394084,9.953243927,10.06715402,7.874823731,7.199171326,7.385660996,9.973455633,10.32003078,16.03510406,13.76986863,14.65186216,10.32342442,18.37014617,13.62533709,12.79365284,13.91006038,11.99562147,23.82691219,14.66786705,17.10838239,17.10475919,18.11602848
Heavily indebted poor countries (HIPC),HPC,"Total debt service (% of exports of goods, services and primary income)",DT.TDS.DECT.EX.ZS,,,,,,,,,,,,,,,,,,,,,,,,,,,,,,,,,,,,,,,,,,,,,,,,,,,,,,,,,,,,,,,,,
Croatia,HRV,"Total debt service (% of exports of goods, services and primary income)",DT.TDS.DECT.EX.ZS,,,,,,,,,,,,,,,,,,,,,,,,,,,,,,,,,,,,,,,,,,,,,,,,,,,,,,,,,,,,,,,,,
Haiti,HTI,"Total debt service (% of exports of goods, services and primary income)",DT.TDS.DECT.EX.ZS,,,,,,,,,,,,13.25429017,9.985629911,10.01690599,8.509666734,9.000880247,12.19607819,18.23088386,12.89706644,10.73668089,9.948501034,14.53542721,10.63305339,9.07494829,11.08950544,14.28814436,17.27779047,20.22902703,22.7237699,23.87876535,11.88166088,13.92169816,7.196485562,6.509023799,5.819820869,54.68219292,16.1934215,10.24833936,8.976141461,9.88381941,9.630957673,7.718907186,7.274393398,11.64930923,19.28348746,9.429093492,8.967072162,10.88687375,6.766069111,4.464711776,12.62180462,0.45943845,0.487264709,0.902666839,1.621198548,2.055659049,5.383762251,1.267950002,1.296853345,1.522057614,2.695875111,1.847305256,2.520252584,6.362256492,63.16265898
Hungary,HUN,"Total debt service (% of exports of goods, services and primary income)",DT.TDS.DECT.EX.ZS,,,,,,,,,,,,,,,,,,,,,,,,,,,,,,,,,,,,,,,,,,,,,,,,,,,,,,,,,,,,,,,,,
IBRD only,IBD,"Total debt service (% of exports of goods, services and primary income)",DT.TDS.DECT.EX.ZS,,,,,,,,,,,,,,,,,,,,,,,,,,,,,,,,,,,,,,,,,,,,,,,,,,,,,,,,,,,,,,,,,
IDA & IBRD total,IBT,"Total debt service (% of exports of goods, services and primary income)",DT.TDS.DECT.EX.ZS,,,,,,,,,,,,,,,,,,,,,,,,,,,,,,,,,,,,,,,,,,,,,,,,,,,,,,,,,,,,,,,,,
IDA total,IDA,"Total debt service (% of exports of goods, services and primary income)",DT.TDS.DECT.EX.ZS,,,,,,,,,,,,,,,,,,,,,,,,,,,,,,,,,,,,,,,,,,,,,,,,,,,,,,,,,,,,,,,,,
IDA blend,IDB,"Total debt service (% of exports of goods, services and primary income)",DT.TDS.DECT.EX.ZS,,,,,,,,,,,,,,,,,,,,,,,,,,,,,,,,,,,,,,,,,,,,,,,,,,,,,,,,,,,,,,,,,
Indonesia,IDN,"Total debt service (% of exports of goods, services and primary income)",DT.TDS.DECT.EX.ZS,,,,,,,,,,,,,,,,,,,,,,14.03698769,18.12613499,18.83246757,21.87648016,28.91258987,37.46387598,37.17786071,40.43951477,38.69397885,33.48278677,34.38257748,32.7716289,33.86735718,30.96503656,30.27629091,37.14874475,30.32446337,32.26296708,30.62448719,22.84766312,23.95804259,25.22533013,26.32374683,25.46740401,20.90621741,25.74919014,19.05711911,14.48359173,19.56687617,18.72754396,14.41399914,17.43003316,19.96524081,29.91739054,34.60715609,37.47966698,29.43617206,25.13582003,39.48598926,36.81922892,26.21875063,23.32618224,20.2824087,24.69059638
IDA only,IDX,"Total debt service (% of exports of goods, services and primary income)",DT.TDS.DECT.EX.ZS,,,,,,,,,,,,,,,,,,12.38174444,14.57985266,15.59040166,21.93541894,24.94770982,26.44701971,24.64958854,28.05836112,25.90979253,30.40578678,30.02432885,28.9952112,28.80148227,27.61198699,25.39581882,19.01226831,17.6858286,17.69683602,21.58955743,15.67939717,14.86242496,14.90323646,14.54749312,12.16918904,10.57960744,11.11486623,9.945597065,8.316065218,6.940364273,6.463397742,6.899352055,6.565286906,7.540355398,6.097618811,6.069715872,7.270009192,8.056431144,10.21498103,9.357585304,11.48556061,12.34404313,12.93502999,16.16151512,13.62943996,15.35637416,12.36631622,11.90382513,
Isle of Man,IMN,"Total debt service (% of exports of goods, services and primary income)",DT.TDS.DECT.EX.ZS,,,,,,,,,,,,,,,,,,,,,,,,,,,,,,,,,,,,,,,,,,,,,,,,,,,,,,,,,,,,,,,,,
India,IND,"Total debt service (% of exports of goods, services and primary income)",DT.TDS.DECT.EX.ZS,,,,,,,,,,,,,,,,15.27174617,18.10223353,15.61472637,15.33196449,12.28779566,11.33871057,12.70972034,15.46608066,18.31926866,20.64474702,25.44886997,35.58602237,33.36122089,31.4538639,31.50004181,32.95594123,32.02937158,28.70740073,28.83787448,32.27378176,33.25998337,27.61576624,26.30117969,24.77347382,18.62669433,17.08106878,17.92760977,20.92473433,29.18052264,14.50445485,14.93023445,8.635233146,15.59099221,9.657992655,6.018410318,6.819233274,6.413868913,6.71426991,8.080001212,18.62962054,11.20636882,17.26341549,10.08468004,11.39764793,9.0023457,15.05383311,7.810760672,8.26658066,10.16192747,10.49344776
Not classified,INX,"Total debt service (% of exports of goods, services and primary income)",DT.TDS.DECT.EX.ZS,,,,,,,,,,,,,,,,,,,,,,,,,,,,,,,,,,,,,,,,,,,,,,,,,,,,,,,,,,,,,,,,,
Ireland,IRL,"Total debt service (% of exports of goods, services and primary income)",DT.TDS.DECT.EX.ZS,,,,,,,,,,,,,,,,,,,,,,,,,,,,,,,,,,,,,,,,,,,,,,,,,,,,,,,,,,,,,,,,,
"Iran, Islamic Rep.",IRN,"Total debt service (% of exports of goods, services and primary income)",DT.TDS.DECT.EX.ZS,,,,,,,,,,,,,,,,,,,,,6.903786755,5.685237058,5.459663836,4.636723188,4.163918555,3.986278545,7.12731271,3.547652758,5.602242653,3.310760427,3.235767461,4.108857163,5.16984129,9.347781404,16.32210668,29.69878243,27.2480589,31.15425999,18.06612576,17.44206902,9.890913758,4.022377045,5.058175269,4.757460757,5.254125266,5.553711937,4.014079644,3.438447293,2.653693459,2.139439746,1.658167004,1.042036765,0.50568933,0.444173684,0.487614453,0.912017039,2.402977363,0.465745118,0.166737548,0.42261362,0.620288001,0.437279151,0.162387902,0.330603346,0.284993583
Iraq,IRQ,"Total debt service (% of exports of goods, services and primary income)",DT.TDS.DECT.EX.ZS,,,,,,,,,,,,,,,,,,,,,,,,,,,,,,,,,,,,,,,,,,,,,,,,,,,,,,,,3.335813736,2.877152566,2.285909057,2.155518955,2.995006285,7.801723384,5.2331797,3.610854551,3.99250438,2.956762451
Iceland,ISL,"Total debt service (% of exports of goods, services and primary income)",DT.TDS.DECT.EX.ZS,,,,,,,,,,,,,,,,,,,,,,,,,,,,,,,,,,,,,,,,,,,,,,,,,,,,,,,,,,,,,,,,,
Israel,ISR,"Total debt service (% of exports of goods, services and primary income)",DT.TDS.DECT.EX.ZS,,,,,,,,,,,,,,,,,,,,,,,,,,,,,,,,,,,,,,,,,,,,,,,,,,,,,,,,,,,,,,,,,
Italy,ITA,"Total debt service (% of exports of goods, services and primary income)",DT.TDS.DECT.EX.ZS,,,,,,,,,,,,,,,,,,,,,,,,,,,,,,,,,,,,,,,,,,,,,,,,,,,,,,,,,,,,,,,,,
Jamaica,JAM,"Total debt service (% of exports of goods, services and primary income)",DT.TDS.DECT.EX.ZS,,,,,,,,,,,,,,,,,70.34116005,28.41461521,59.26470412,24.86260755,19.82498539,25.60168356,26.49463513,29.94894478,33.20793077,40.5353395,47.99222483,46.01746854,41.64738743,32.03008626,28.57412375,30.89869841,29.83666802,21.72738465,18.72216345,18.92423089,19.03142764,17.79151513,13.90846396,16.64795078,18.76763447,20.90752608,24.80979349,22.51313667,20.57276337,22.46931944,16.13117322,23.29244048,19.54216919,34.95153904,28.0476703,36.62375904,37.38270571,26.27222397,33.56742488,87.9215554,40.25659044,26.98210503,23.83147732,86.04142923,51.14672267,29.09081568,22.6105241,38.04233955,31.85050462
Jordan,JOR,"Total debt service (% of exports of goods, services and primary income)",DT.TDS.DECT.EX.ZS,,,,,,,,,,,,,7.924290856,9.781649077,5.944253811,5.120370108,4.878022077,8.470419319,9.836273444,12.05811491,12.28061749,14.48857439,14.06503468,19.38765113,20.60964685,25.09134889,31.39456185,33.35072133,41.60032027,24.85036388,24.37054715,28.79066845,25.8666865,20.91728523,18.68995566,16.68912285,25.89758317,22.60251131,22.16120574,13.73568141,20.06493678,19.51521225,14.14476495,23.51750848,14.37581226,11.84732882,11.27444654,10.51946845,20.85905079,5.942227188,5.788639295,6.46423649,6.299303458,6.171821411,8.107093217,14.13889613,17.15033908,12.30171883,13.95946741,19.21453224,27.3626007,21.39343666,23.11530078,16.23932181,18.1501288
Japan,JPN,"Total debt service (% of exports of goods, services and primary income)",DT.TDS.DECT.EX.ZS,,,,,,,,,,,,,,,,,,,,,,,,,,,,,,,,,,,,,,,,,,,,,,,,,,,,,,,,,,,,,,,,,
Kazakhstan,KAZ,"Total debt service (% of exports of goods, services and primary income)",DT.TDS.DECT.EX.ZS,,,,,,,,,,,,,,,,,,,,,,,,,,,,,,,,,,,,3.897761664,4.589527301,6.18087914,14.43120463,19.64416751,32.3698118,32.33818706,34.88681354,34.7803349,37.98398312,40.14849849,32.57095107,45.87956473,44.50813915,46.57151606,56.79461067,33.93118455,24.58379596,32.22282774,39.43424743,70.39305942,45.67951045,48.78617055,49.78427893,48.87392326,64.07748773,44.24954363,51.16292619,50.26339436,48.43437562
Kenya,KEN,"Total debt service (% of exports of goods, services and primary income)",DT.TDS.DECT.EX.ZS,,,,,,,,,,,,,,,,14.93668479,14.81046504,20.45207576,13.97457664,18.37214475,21.02850426,26.96577043,30.4825102,33.77419743,34.79576125,38.66588313,35.60661255,39.7669429,38.99144225,36.63986079,35.41242836,32.6135499,31.13893258,17.05945062,20.56400533,25.26395362,22.38962594,15.5626688,14.85260346,15.8253914,21.01968126,15.87707243,16.35184602,15.8395942,8.282711143,9.987299541,7.136409026,6.331932803,4.886813405,5.142972626,4.406196107,4.316900938,4.649503996,4.730758514,11.36200482,8.33004714,11.1736383,14.59744439,23.69950627,38.42730244,24.28892886,16.78063622,18.13057771,21.11310362,27.2238637
Kyrgyz Republic,KGZ,"Total debt service (% of exports of goods, services and primary income)",DT.TDS.DECT.EX.ZS,,,,,,,,,,,,,,,,,,,,,,,,,,,,,,,,,,0.40534815,4.393616127,13.25057987,13.09160423,11.39716423,18.82959599,21.18849734,30.19528414,31.15336098,20.47909879,21.88564374,17.87047742,14.81121582,7.644203886,9.397637508,12.34287865,11.4374025,23.08849146,12.94496137,10.11444509,10.39132522,12.63447288,17.99071842,30.16089888,24.92031095,24.44061933,26.78001039,26.28202985,17.90363136,16.68774629,27.40090707,13.95320305
Cambodia,KHM,"Total debt service (% of exports of goods, services and primary income)",DT.TDS.DECT.EX.ZS,,,,,,,,,,,,,,,,,,,,,,,,,,,,,,,,,3.828144271,9.588020007,0.152266221,0.672619675,0.910412295,0.873125712,0.945278707,1.135090389,0.662388793,0.857886556,0.842480395,0.947244358,0.798365021,0.72555948,0.572510292,0.571139372,0.814063918,0.9852528,1.071371625,4.041826242,6.008193174,5.717661106,5.365805927,5.064649819,5.519546137,6.426760029,7.083709031,7.178749419,7.283147601,11.21699421,10.55586681,9.653154368,10.54257212
Kiribati,KIR,"Total debt service (% of exports of goods, services and primary income)",DT.TDS.DECT.EX.ZS,,,,,,,,,,,,,,,,,,,,,,,,,,,,,,,,,,,,,,,,,,,,,,,,,,,,,,,,,,,,,,,,,
St. Kitts and Nevis,KNA,"Total debt service (% of exports of goods, services and primary income)",DT.TDS.DECT.EX.ZS,,,,,,,,,,,,,,,,,,,,,,,,,,,,,,,,,,,,,,,,,,,,,,,,,,,,,,,,,,,,,,,,,
"Korea, Rep.",KOR,"Total debt service (% of exports of goods, services and primary income)",DT.TDS.DECT.EX.ZS,,,,,,,,,,,,,,,,,,,,,,,,,,,,,,,,,,,,,,,,,,,,,,,,,,,,,,,,,,,,,,,,,
Kuwait,KWT,"Total debt service (% of exports of goods, services and primary income)",DT.TDS.DECT.EX.ZS,,,,,,,,,,,,,,,,,,,,,,,,,,,,,,,,,,,,,,,,,,,,,,,,,,,,,,,,,,,,,,,,,
Latin America & Caribbean (excluding high income),LAC,"Total debt service (% of exports of goods, services and primary income)",DT.TDS.DECT.EX.ZS,,,,,,,,,,,,,,,,,,,,45.60957399,43.93558413,49.54093637,57.39187638,48.22811048,44.38999608,42.24540402,46.21812392,39.23372305,40.3365352,33.86298391,24.9217807,26.58893264,29.41465371,31.19731919,27.57075145,33.67328973,41.72789861,45.02376652,38.76188343,48.00506108,44.61136669,38.18126162,32.6598802,32.93323992,28.28711397,25.78494112,25.77687199,18.4768789,15.96886004,18.498296,14.27652904,14.02344937,16.22422289,16.53897204,16.25081139,22.30158185,29.08886403,25.26123376,22.87918781,28.76777498,30.21388383,26.63253167,18.61687459,27.00152108,19.7725939
Lao PDR,LAO,"Total debt service (% of exports of goods, services and primary income)",DT.TDS.DECT.EX.ZS,,,,,,,,,,,,,,,,,,,,,,,,,11.58721698,9.204728438,10.63705151,11.53840199,13.54787355,20.21563222,8.598528967,6.177545824,4.777973597,8.314428768,4.94734651,7.602015708,8.058721219,6.337841921,6.307220606,9.468397217,7.953503799,8.986669165,19.69740607,22.05743343,22.92483465,17.7769215,16.66857573,16.08044159,14.30711688,15.40213611,13.07643938,12.83892659,8.983872446,10.89415389,9.434075574,9.094020634,10.8253525,11.1120308,11.8479501,15.08501284,14.06342459,29.17505151,15.49301815,12.80547941,19.0423898
Lebanon,LBN,"Total debt service (% of exports of goods, services and primary income)",DT.TDS.DECT.EX.ZS,,,,,,,,,,,,,,,,,,,,,,,,,,,,,,,,,,,,,,,,,,,36.28076208,26.37668588,34.58780959,24.2944056,26.72291579,24.45318207,17.8906917,44.19600905,46.24196584,47.89870743,51.77815806,50.24549475,56.87101532,58.68472261,65.52499037,70.12843071,72.58858803,80.28711945,106.6280562,62.51919687,28.70678766,34.5013159,21.04734596
Liberia,LBR,"Total debt service (% of exports of goods, services and primary income)",DT.TDS.DECT.EX.ZS,,,,,,,,,,,,,,,,,,,,13.51233133,8.745124418,8.603687338,10.15651704,10.99152786,13.1049558,8.602779745,6.870190979,3.738167263,,,,,,,,,,,,,,,,,0.431179349,0.519694451,0.411316797,114.3867593,119.6800662,5.811780845,1.709978613,0.746069405,1.19582348,0.918246313,2.400142875,8.717631483,3.040139536,3.704035844,4.360761833,6.525256809,9.974570268,5.665243376,6.765531206,9.644566953,9.149277926
Libya,LBY,"Total debt service (% of exports of goods, services and primary income)",DT.TDS.DECT.EX.ZS,,,,,,,,,,,,,,,,,,,,,,,,,,,,,,,,,,,,,,,,,,,,,,,,,,,,,,,,,,,,,,,,,
St. Lucia,LCA,"Total debt service (% of exports of goods, services and primary income)",DT.TDS.DECT.EX.ZS,,,,,,,,,,,,,,,,,,,,,,1.439658946,1.422818076,1.304454628,1.113873435,1.2046307,1.118920641,1.420344036,1.432349064,2.059985027,2.20721499,3.531255083,3.52493814,3.372272404,3.165884308,3.080232812,3.58652247,3.738177517,4.153371272,4.914540763,7.753976929,7.351328729,5.97821379,7.268367023,4.851404765,5.58603686,7.29855199,6.510338695,8.793373192,6.155107433,5.530860108,5.651613925,5.429016811,4.176159682,3.901432415,6.979981653,5.121156015,4.452043304,4.286961697,4.08735275,8.785419944,6.024667233,3.881339071,4.663406456,4.746287024
Latin America & Caribbean,LCN,"Total debt service (% of exports of goods, services and primary income)",DT.TDS.DECT.EX.ZS,,,,,,,,,,,,,,,,,,,,,,,,,,,,,,,,,,,,,,,,,,,,,,,,,,,,,,,,,,,,,,,,,
Least developed countries: UN classification,LDC,"Total debt service (% of exports of goods, services and primary income)",DT.TDS.DECT.EX.ZS,,,,,,,,,,,,,,,,,,,,,,,,,,,,,,,,,,,,,,,,,,,,,,,,,,,,,,,,,,,,,,,,,
Low income,LIC,"Total debt service (% of exports of goods, services and primary income)",DT.TDS.DECT.EX.ZS,,,,,,,,,,,,,,,,,,,,,,,,,,,,,,,,,,,,,,,,,,,,,,7.653260789,8.005443419,8.674567856,7.128918096,6.971823277,4.593935645,4.864831239,4.343942233,5.435357313,6.95647691,9.862749512,10.8805885,9.974890751,11.89316448,11.45422064,12.77081768,17.55344123,12.35208644,11.40282558,9.333643032
Liechtenstein,LIE,"Total debt service (% of exports of goods, services and primary income)",DT.TDS.DECT.EX.ZS,,,,,,,,,,,,,,,,,,,,,,,,,,,,,,,,,,,,,,,,,,,,,,,,,,,,,,,,,,,,,,,,,
Sri Lanka,LKA,"Total debt service (% of exports of goods, services and primary income)",DT.TDS.DECT.EX.ZS,,,,,,,,,,,,,,,,26.49072214,25.11973624,19.36169551,15.12112111,13.67283359,13.41559453,15.46251484,18.20385566,18.95868631,15.29159972,19.51278853,25.25347832,27.78971686,25.89658421,22.15605828,16.12614924,16.1735367,15.14699969,11.57112446,10.12379434,9.339215027,9.272937032,9.248245955,9.866640562,13.27765628,12.12286169,11.84573679,11.75198562,9.099508556,10.45816957,5.541532164,10.8346181,8.840415324,12.04170411,15.64008585,12.32878165,9.319971126,15.49984978,14.08227817,38.23208928,20.80143543,18.90886668,21.86907152,36.05472848,31.73289198,38.01331419,31.47844443,20.28962712,16.06642556,23.70516704
Lower middle income,LMC,"Total debt service (% of exports of goods, services and primary income)",DT.TDS.DECT.EX.ZS,,,,,,,,,,,,,,,,,,10.24326966,13.19407153,12.06507553,13.97558153,18.44479642,22.93162157,25.08222987,26.05536407,28.46848841,32.2610878,28.42742084,28.70297937,26.71998839,25.54923615,24.81018778,23.77938893,22.74825383,23.69070902,23.071204,19.48206983,17.93516162,18.11961355,18.29767861,17.02580401,18.14770071,18.5134729,19.52264631,14.13869157,13.11510723,10.65794488,10.86030882,8.027801302,8.319486881,7.884878621,7.469982529,7.530498727,8.350374525,13.37365002,11.35756013,14.96616796,12.13065939,12.61821873,12.71026147,15.02855963,11.96340147,11.71488011,13.25669954,14.54332912
Low & middle income,LMY,"Total debt service (% of exports of goods, services and primary income)",DT.TDS.DECT.EX.ZS,,,,,,,,,,,,,,,,,,,,,,,29.58409017,28.01819206,28.29919185,28.7967234,33.08887523,28.17046124,29.12352023,26.2004676,22.59700397,22.21767359,21.76293962,21.67159566,20.09782668,21.18770614,22.18750213,24.20928793,23.95802339,28.24144905,25.04962285,23.41903013,22.17238277,18.99432127,14.65579032,13.63933671,12.59696775,10.46439823,8.914944785,10.45414773,9.128247577,8.19341141,8.631778016,9.226677415,10.23464728,12.27783296,14.77490736,13.55570051,13.61085469,15.68936403,16.26349001,13.56439157,13.36664156,15.41306035,13.06006988
Lesotho,LSO,"Total debt service (% of exports of goods, services and primary income)",DT.TDS.DECT.EX.ZS,,,,,,,,,,,,,,,,0.713317052,0.315037106,0.229287197,0.469151478,0.873376698,1.499916582,1.481051525,2.341951188,4.724225983,3.612713946,6.740121707,4.696004184,3.52082462,5.071465465,4.662041799,4.195703444,4.50748305,5.235513096,5.322600514,5.403432008,6.094324666,5.589272097,6.530769229,8.55001768,10.15625043,7.492974649,8.15658842,7.733158498,5.459190963,3.670690341,5.714198516,3.057739179,5.904308046,2.231416425,2.595964553,2.092167984,2.090858547,2.450500843,3.221438485,3.15478597,3.778646525,3.938243492,3.347183875,4.207904818,4.494264404,5.163437072,5.911174581,4.926498473,8.923302954,6.88637904
Late-demographic dividend,LTE,"Total debt service (% of exports of goods, services and primary income)",DT.TDS.DECT.EX.ZS,,,,,,,,,,,,,,,,,,,,,,,,,,,,,,,,,,,,,,,,,,,,,,,,,,,,,,,,,,,,,,,,,
Lithuania,LTU,"Total debt service (% of exports of goods, services and primary income)",DT.TDS.DECT.EX.ZS,,,,,,,,,,,,,,,,,,,,,,,,,,,,,,,,,,,,,,,,,,,,,,,,,,,,,,,,,,,,,,,,,
Luxembourg,LUX,"Total debt service (% of exports of goods, services and primary income)",DT.TDS.DECT.EX.ZS,,,,,,,,,,,,,,,,,,,,,,,,,,,,,,,,,,,,,,,,,,,,,,,,,,,,,,,,,,,,,,,,,
Latvia,LVA,"Total debt service (% of exports of goods, services and primary income)",DT.TDS.DECT.EX.ZS,,,,,,,,,,,,,,,,,,,,,,,,,,,,,,,,,,,,,,,,,,,,,,,,,,,,,,,,,,,,,,,,,
"Macao SAR, China",MAC,"Total debt service (% of exports of goods, services and primary income)",DT.TDS.DECT.EX.ZS,,,,,,,,,,,,,,,,,,,,,,,,,,,,,,,,,,,,,,,,,,,,,,,,,,,,,,,,,,,,,,,,,
St. Martin (French part),MAF,"Total debt service (% of exports of goods, services and primary income)",DT.TDS.DECT.EX.ZS,,,,,,,,,,,,,,,,,,,,,,,,,,,,,,,,,,,,,,,,,,,,,,,,,,,,,,,,,,,,,,,,,
Morocco,MAR,"Total debt service (% of exports of goods, services and primary income)",DT.TDS.DECT.EX.ZS,,,,,,,,,,,,,,,,8.472034598,13.46894029,19.09323778,30.91994642,35.83645274,44.20927352,51.04636612,58.4389843,52.88400823,35.88392567,45.22387387,50.99486265,42.42127293,32.36130172,40.7297979,28.41282845,34.6523743,52.47362949,46.1059979,46.77037692,48.1102853,40.44356793,39.09674034,34.18608216,35.11614885,29.71896455,27.02874605,34.10810186,33.8399007,20.04462484,15.85277562,16.91834466,16.17736635,13.3271538,13.70576054,11.8546293,9.888538528,10.973687,15.85877727,12.94665152,10.57625517,11.07882529,10.10336095,9.28560362,9.534262555,13.84280326,13.80568956,10.11648275,9.20347207,12.92547983
Monaco,MCO,"Total debt service (% of exports of goods, services and primary income)",DT.TDS.DECT.EX.ZS,,,,,,,,,,,,,,,,,,,,,,,,,,,,,,,,,,,,,,,,,,,,,,,,,,,,,,,,,,,,,,,,,
Moldova,MDA,"Total debt service (% of exports of goods, services and primary income)",DT.TDS.DECT.EX.ZS,,,,,,,,,,,,,,,,,,,,,,,,,,,,,,,,,,,2.081753534,7.879661487,8.19397301,11.73746146,23.1007608,32.31106138,22.49157543,18.88220179,25.08767281,12.67126646,18.36728948,13.63049581,17.71999934,14.13279837,16.56477198,16.92317541,14.50825518,12.69861965,15.0355514,15.86200369,14.22310528,12.63752284,12.8677526,11.40006482,13.18518752,13.47679387,17.52332013,13.78132886,10.1122556,19.09084962,16.61858351
Madagascar,MDG,"Total debt service (% of exports of goods, services and primary income)",DT.TDS.DECT.EX.ZS,,,,,,,,,,,,,,,29.87472414,16.58630357,3.291942249,37.75355363,4.802386806,7.862224642,19.35946806,27.62348465,28.73368367,23.04050839,31.00358039,42.28343773,52.26160458,56.78348714,52.51547038,50.23638294,45.87879362,32.94807298,19.02994476,14.89105084,9.917487582,7.703134113,10.51493969,32.12009493,18.00013445,21.35072149,13.93868568,6.521602495,5.730030122,8.526088795,8.883859752,5.912672215,3.647287512,1.501411643,1.446694647,2.49455384,2.793814933,1.820648965,2.497545908,2.27088263,2.774635726,4.4195317,3.594225074,3.153407716,2.94189421,3.052740358,5.031400128,4.944575794,4.557838447,6.099673638,7.172236977
Maldives,MDV,"Total debt service (% of exports of goods, services and primary income)",DT.TDS.DECT.EX.ZS,,,,,,,,,,,,,,,,,,,5.682646094,1.405144498,0.82181365,3.405674899,5.283216623,9.599274386,22.59285583,11.24359726,12.09510035,6.509299661,7.470977944,6.307647472,4.802723069,3.998477254,3.202668901,3.864814176,3.419200499,3.360292179,3.123405621,6.993420014,3.659488669,3.991957661,4.223226915,4.617196864,4.315054905,3.689614984,4.182009568,6.32305427,5.700765246,4.041872452,4.676942586,5.7202665,3.643055803,3.411973025,3.352335352,4.147877975,5.376113494,4.38233377,4.277647128,4.847098258,12.19084873,12.17267734,17.4573601,20.07324186,13.53533396,10.12789661,9.184702946
"Middle East, North Africa, Afghanistan & Pakistan",MEA,"Total debt service (% of exports of goods, services and primary income)",DT.TDS.DECT.EX.ZS,,,,,,,,,,,,,,,,,,,,,,,,,,,,,,,,,,,,,,,,,,,,,,,,,,,,,,,,,,,,,,,,,
Mexico,MEX,"Total debt service (% of exports of goods, services and primary income)",DT.TDS.DECT.EX.ZS,,,,,,,,,,,,,,,,,,,,66.0685856,45.78639663,47.83596214,52.5355046,46.80096991,46.59244732,45.2481308,45.75536502,34.17635026,38.91061124,34.22660255,21.76715366,24.63231374,35.65208722,37.68694662,27.04371054,39.22352793,51.04369582,47.34097427,21.90830742,23.30304558,31.87210461,26.96491358,20.96563862,17.37859737,18.74152902,15.16810628,19.55260882,12.4877443,12.47509068,12.80487004,9.601547268,10.79246741,17.14564615,9.384971053,10.69717719,12.53871701,18.85343582,14.28195742,11.62186845,13.30211391,15.73592053,14.47484363,8.612037208,8.14585545,9.51997025
Marshall Islands,MHL,"Total debt service (% of exports of goods, services and primary income)",DT.TDS.DECT.EX.ZS,,,,,,,,,,,,,,,,,,,,,,,,,,,,,,,,,,,,,,,,,,,,,,,,,,,,,,,,,,,,,,,,,
Middle income,MIC,"Total debt service (% of exports of goods, services and primary income)",DT.TDS.DECT.EX.ZS,,,,,,,,,,,,,,,,,,,,,,,29.68024537,28.12548341,28.05128063,28.75940692,33.03387048,28.10084366,29.04702729,25.97942954,22.41308919,22.24707832,21.87133518,21.77421924,20.18059089,21.31517838,22.32723362,24.37280171,24.11076632,28.46947464,25.26979609,23.62875512,22.3368301,19.11198241,14.73578418,13.71529372,12.65124513,10.484769,8.937153387,10.49727281,9.186567323,8.233652606,8.6794959,9.269073245,10.2707823,12.301039,14.81315515,13.59030152,13.62703944,15.73225909,16.29869295,13.51775425,13.37508464,15.45736985,13.10257922
North Macedonia,MKD,"Total debt service (% of exports of goods, services and primary income)",DT.TDS.DECT.EX.ZS,,,,,,,,,,,,,,,,,,,,,,,,,,,,,,,,,,,,,5.438400643,12.04102835,15.32669969,14.27697334,11.78741572,18.33990132,23.07439704,17.94518776,16.0800981,12.53841633,21.06027774,18.47484595,10.1119202,16.8594821,16.41670463,19.03324727,15.44790856,26.40188529,17.14999595,21.59587849,16.07208941,14.39024775,17.09950982,9.695065218,16.45270023,16.45448298,10.52017707,16.99742104,14.42109469
Mali,MLI,"Total debt service (% of exports of goods, services and primary income)",DT.TDS.DECT.EX.ZS,,,,,,,,,,,,,,,,4.983203664,6.146662354,6.246313699,6.444115819,6.866508803,6.230970728,10.37764051,10.26635703,9.714228322,13.25892774,22.28468493,22.27322358,20.34768576,24.34746537,19.72215935,15.33359245,9.719205145,12.43793233,16.50444621,21.346295,16.13639473,21.12286088,12.82454897,12.26170221,14.96289834,14.08883207,8.930859384,7.502925755,6.470384563,7.892514413,6.867114879,4.361784466,3.173685061,2.594744151,3.087230517,2.746435522,2.460084664,1.761129276,3.267172549,3.268415253,3.500011525,3.928405469,4.601373439,4.174826703,4.974082927,4.799128356,5.274075579,5.114104092,5.541451881,6.162737271
Malta,MLT,"Total debt service (% of exports of goods, services and primary income)",DT.TDS.DECT.EX.ZS,,,,,,,,,,,,,,,,,,,,,,,,,,,,,,,,,,,,,,,,,,,,,,,,,,,,,,,,,,,,,,,,,
Myanmar,MMR,"Total debt service (% of exports of goods, services and primary income)",DT.TDS.DECT.EX.ZS,,,,,,,,,,,,,,,,,22.00798668,19.96053899,24.54898233,29.53864034,27.65002309,25.78939936,27.61020219,38.76874519,41.81829485,54.71965499,67.25501254,71.6209506,58.93386154,67.647698,18.77361806,27.69423966,8.474890979,13.25742956,14.7306768,20.08931518,12.57316324,8.434609185,5.747316502,5.530538717,0.968683711,0.634869537,0.731178086,0.735903366,0.735160714,0.648443596,1.222863194,1.331637878,1.374986555,1.75654433,3.080515094,2.501223891,11.84277064,19.85892839,4.447544814,3.443554,5.296170685,4.359239417,4.899062121,3.682476262,3.897944414,7.130221459,7.028183243,6.992363831,7.385282311
"Middle East, North Africa, Afghanistan & Pakistan (excluding high income)",MNA,"Total debt service (% of exports of goods, services and primary income)",DT.TDS.DECT.EX.ZS,,,,,,,,,,,,,,,,,,,,,,,,,,,,,,,,,,,,,,,,,,,13.91961896,13.5840728,12.73749054,9.840454429,11.41787725,6.822849809,5.555807804,7.633712831,6.9112014,5.758213943,6.045124472,7.265204132,7.588895807,9.404223172,11.49749032,10.42368704,9.573389223,12.7835728,18.29403852,14.17998082,10.70658155,11.83130964,13.74924068
Montenegro,MNE,"Total debt service (% of exports of goods, services and primary income)",DT.TDS.DECT.EX.ZS,,,,,,,,,,,,,,,,,,,,,,,,,,,,,,,,,,,,,,,,,,,,,,,,9.775325214,3.41822306,4.123377157,5.546419436,12.27139305,16.32726546,19.94795782,31.48095207,40.13647791,37.833702,18.0600354,32.73326285,25.61778216,45.10331587,37.84690098,23.39140281,19.13543034,29.80135135
Mongolia,MNG,"Total debt service (% of exports of goods, services and primary income)",DT.TDS.DECT.EX.ZS,,,,,,,,,,,,,,,,,,,,,,,,,,,,,,,,,17.30357861,6.523600357,10.74085361,10.18223992,10.72160847,10.03986708,5.646611703,4.524406718,6.614756472,7.173030601,7.416847831,34.07064661,3.47808172,3.019985202,2.468309078,2.21936228,2.62009244,5.348594395,7.018956804,5.368563344,26.35878735,30.83195492,21.96825767,35.18518316,25.73885858,53.76214002,96.47571217,127.5806621,33.32009463,28.99382124,35.32516898,31.625303,32.041723
Northern Mariana Islands,MNP,"Total debt service (% of exports of goods, services and primary income)",DT.TDS.DECT.EX.ZS,,,,,,,,,,,,,,,,,,,,,,,,,,,,,,,,,,,,,,,,,,,,,,,,,,,,,,,,,,,,,,,,,
Mozambique,MOZ,"Total debt service (% of exports of goods, services and primary income)",DT.TDS.DECT.EX.ZS,,,,,,,,,,,,,,,,,,,,,,,,,7.826769116,34.46284545,54.59980036,23.52000504,27.08372758,29.14684044,26.19020467,22.62894125,22.85403316,32.92480554,31.18129201,34.51056086,26.03938208,19.16996989,18.14744382,17.89299113,14.46128016,23.10976463,22.37093764,23.01782755,,18.46915869,20.97017552,38.73317661,18.60926384,18.60092863,7.005846738,13.7633097,6.5575084,11.17780935,13.38272299,21.41948371,27.29044225,23.09627693,26.69035332,28.49945963,22.81981476,103.7322199,59.15798853,46.15743896,46.50964949
Mauritania,MRT,"Total debt service (% of exports of goods, services and primary income)",DT.TDS.DECT.EX.ZS,,,,,,,,,,,,,,,,22.16563419,37.63823703,22.37671357,16.81530058,32.92339692,17.6105432,22.56869649,18.62613741,15.21176932,20.18779492,25.36004883,22.33315495,27.25329866,27.83176181,21.21390445,30.70762791,20.85297268,20.28188786,30.17190694,24.73036934,23.11918424,22.71184728,24.68663778,27.84111447,,,,,,,9.31150126,6.331782715,8.166402288,3.289858366,5.122995846,5.176079225,4.361920128,5.202218649,5.77048069,10.86971226,14.15286847,15.02340898,15.73216506,17.41707209,14.03179464,9.984003573,12.38010011,8.046777133,9.422145931,9.674723812
Mauritius,MUS,"Total debt service (% of exports of goods, services and primary income)",DT.TDS.DECT.EX.ZS,,,,,,,,,,,,,,,,,2.403109499,2.873311557,3.81833798,5.088197297,7.641672417,15.45519865,17.27439623,23.16819405,25.20556394,23.66568962,14.4211711,10.40628354,14.14890886,9.694633078,8.502917868,8.999164045,8.994357257,6.337847592,7.258306306,8.730738814,6.378881018,7.837555425,8.135278462,6.126676008,16.98012561,5.813644197,7.727778851,23.91112653,17.77852012,20.51240132,31.90786273,30.47307944,22.98957791,42.76910631,21.70598496,20.61487842,40.94550366,20.31807603,43.32825276,32.9187432,12.82491849,17.00437419,21.41388593,19.73856291,21.25980098,19.46704288,4.355444285,8.449138927,8.482297542
Malawi,MWI,"Total debt service (% of exports of goods, services and primary income)",DT.TDS.DECT.EX.ZS,,,,,,,,,,,,,,,,,,10.74920854,20.11525539,17.78735935,27.78033708,36.04119585,35.02609516,29.26362412,31.06795269,39.84266069,53.69638846,37.43235915,30.88844052,30.91665737,29.31753184,24.8715473,24.85917179,22.37577968,22.48624836,24.94001234,15.90833672,14.38968203,14.86335777,14.0910011,13.50482607,9.526561053,7.720816896,6.742220303,10.54277729,12.50168866,8.879058408,3.831369566,3.121442073,2.86003642,1.686238345,1.41560077,2.057223216,3.14397501,4.105510734,5.574781192,6.385045786,6.516992018,7.231916621,6.620297508,7.447514755,7.017561778,9.144555411,9.705548179,10.55865459
Malaysia,MYS,"Total debt service (% of exports of goods, services and primary income)",DT.TDS.DECT.EX.ZS,,,,,,,,,,,,,,,,,,,,,,,,,,,,,,,,,,,,,,,,,,,,,,,,,,,,,,,,,,,,,,,,,
North America,NAC,"Total debt service (% of exports of goods, services and primary income)",DT.TDS.DECT.EX.ZS,,,,,,,,,,,,,,,,,,,,,,,,,,,,,,,,,,,,,,,,,,,,,,,,,,,,,,,,,,,,,,,,,
Namibia,NAM,"Total debt service (% of exports of goods, services and primary income)",DT.TDS.DECT.EX.ZS,,,,,,,,,,,,,,,,,,,,,,,,,,,,,,,,,,,,,,,,,,,,,,,,,,,,,,,,,,,,,,,,,
New Caledonia,NCL,"Total debt service (% of exports of goods, services and primary income)",DT.TDS.DECT.EX.ZS,,,,,,,,,,,,,,,,,,,,,,,,,,,,,,,,,,,,,,,,,,,,,,,,,,,,,,,,,,,,,,,,,
Niger,NER,"Total debt service (% of exports of goods, services and primary income)",DT.TDS.DECT.EX.ZS,,,,,,,,,,,,,,,2.880039854,4.718225471,4.517807459,3.946910255,13.39890594,14.01808314,21.92769055,31.89415954,55.61781247,37.13454903,27.04500882,33.96148224,30.56421582,29.50207134,34.93757207,27.75570451,17.84210834,25.4454289,12.51941379,25.19299786,24.24652921,17.06152382,14.69699331,20.19536393,16.22314107,9.537917926,7.940910281,8.448143336,7.666213584,8.767000836,7.210687587,6.721961201,26.467505,3.789472095,2.566141857,3.149776133,1.984272286,2.279368629,2.492841547,4.057362656,6.169021753,6.177599908,8.321342157,8.715525111,7.984754905,9.367146605,13.29096579,13.59425326,18.18672063,14.09856506,18.96897733
Nigeria,NGA,"Total debt service (% of exports of goods, services and primary income)",DT.TDS.DECT.EX.ZS,,,,,,,,,,,,,,,,,,1.039616977,1.282490107,2.173911133,4.145624496,9.196012325,16.22593237,23.61050788,32.94425264,32.78034276,38.0388323,14.1306333,30.36500821,24.69285078,22.59634628,22.0563706,18.57413602,13.39577288,18.94680675,14.73071441,13.13698977,8.712028872,13.0743181,7.605614971,9.0257081,13.13901654,8.401681456,6.189010015,4.841495147,16.39650703,11.579244,2.372559224,0.889151874,1.09157334,0.716261664,0.676956098,0.852085184,1.046363197,2.74426131,4.784783315,12.8052871,7.401720809,8.458343405,9.239276037,13.09261699,15.11096878,12.03726943,15.39191957,21.91357661
Nicaragua,NIC,"Total debt service (% of exports of goods, services and primary income)",DT.TDS.DECT.EX.ZS,,,,,,,,,,,,,,,,,,15.58902616,15.34485324,9.689682831,23.69922498,39.78834121,45.82036472,22.05919992,19.34268006,21.72174131,15.3192142,22.58541592,13.32013081,5.47942446,5.00470297,156.8581514,35.75039366,36.74225735,42.36763655,46.74900794,33.63682516,40.36567603,29.88428068,21.73387451,29.40470919,35.94858378,17.2048981,19.03512393,10.69866266,12.13999327,7.797979139,15.99909325,14.46155245,16.47231394,16.11691854,16.50348126,42.60272994,45.2100769,54.81873515,30.55735079,35.80526881,45.40477791,38.50290551,31.21812884,33.4554344,24.2296486,23.71662873,20.73903641,21.39383175
Netherlands,NLD,"Total debt service (% of exports of goods, services and primary income)",DT.TDS.DECT.EX.ZS,,,,,,,,,,,,,,,,,,,,,,,,,,,,,,,,,,,,,,,,,,,,,,,,,,,,,,,,,,,,,,,,,
Norway,NOR,"Total debt service (% of exports of goods, services and primary income)",DT.TDS.DECT.EX.ZS,,,,,,,,,,,,,,,,,,,,,,,,,,,,,,,,,,,,,,,,,,,,,,,,,,,,,,,,,,,,,,,,,
Nepal,NPL,"Total debt service (% of exports of goods, services and primary income)",DT.TDS.DECT.EX.ZS,,,,,,,,,,,,,,,,,1.111099972,2.858535126,6.579814168,2.759680918,2.872410543,3.681406321,6.847981682,6.98147754,6.491736518,7.048754849,8.433573041,9.000800895,11.05438893,16.0984875,14.99994929,11.65464691,9.306092102,8.700720209,8.04319069,7.913023476,6.644190343,7.040409528,8.087914189,8.173312826,7.597543114,7.870383568,10.29411069,10.29015243,9.14697842,8.455059711,10.19447924,8.870054531,8.423622857,10.0855637,10.55947475,9.175951982,10.25972846,8.818422578,8.134286935,8.4416495,9.299250737,8.480496685,7.224109582,8.253737752,12.20189141,9.854260775,10.21366438,11.86541439,12.3916778
Nauru,NRU,"Total debt service (% of exports of goods, services and primary income)",DT.TDS.DECT.EX.ZS,,,,,,,,,,,,,,,,,,,,,,,,,,,,,,,,,,,,,,,,,,,,,,,,,,,,,,,,,,,,,,,,,
New Zealand,NZL,"Total debt service (% of exports of goods, services and primary income)",DT.TDS.DECT.EX.ZS,,,,,,,,,,,,,,,,,,,,,,,,,,,,,,,,,,,,,,,,,,,,,,,,,,,,,,,,,,,,,,,,,
OECD members,OED,"Total debt service (% of exports of goods, services and primary income)",DT.TDS.DECT.EX.ZS,,,,,,,,,,,,,,,,,,,,,,,,,,,,,,,,,,,,,,,,,,,,,,,,,,,,,,,,,,,,,,,,,
Oman,OMN,"Total debt service (% of exports of goods, services and primary income)",DT.TDS.DECT.EX.ZS,,,,,,,,,,,,,,,,,,,,,,,,,,,,,,,,,,,,,,,,,,,,,,,,,,,,,,,,,,,,,,,,,
Other small states,OSS,"Total debt service (% of exports of goods, services and primary income)",DT.TDS.DECT.EX.ZS,,,,,,,,,,,,,,,,,,,,,,,,,,,,,,,,,,,,,,,,,,,,,,,,,,,,,,,,,,,,,,,,,
Pakistan,PAK,"Total debt service (% of exports of goods, services and primary income)",DT.TDS.DECT.EX.ZS,,,,,,,,,,,,,,,,,26.07599916,30.31070779,28.46385772,25.77295131,26.17582934,26.29377887,26.95046723,35.18005056,36.01879326,39.44763512,38.59892843,35.88642757,34.55747927,30.19316476,27.21709232,24.5110246,26.99480933,28.29368118,38.0636372,30.83840803,30.85786247,40.54582399,24.92706958,32.48358444,28.38834628,28.3609923,23.48708875,20.57828748,26.43289108,12.52551765,10.90650822,11.51030142,11.41400756,15.28315436,15.14013148,9.361705689,15.49744391,22.7860548,15.58352596,14.47505752,15.80086081,22.55580396,19.45551235,35.63320429,39.52011734,33.93081829,42.04634066,43.5994922,39.54258442
Panama,PAN,"Total debt service (% of exports of goods, services and primary income)",DT.TDS.DECT.EX.ZS,,,,,,,,,,,,,,,,,,,,,,,,,,,,,,,,,,,,,,,,,,,,,,,,,,,,,,,,,,,,,,,,,
Peru,PER,"Total debt service (% of exports of goods, services and primary income)",DT.TDS.DECT.EX.ZS,,,,,,,,,,,,,,,,,,53.59612955,50.35090916,34.21603423,44.81996379,59.4029892,48.96637509,34.3934145,30.16191467,28.05793441,21.4854514,13.67414297,9.675345771,8.953180996,11.05449664,27.07937861,21.65750218,62.60645509,19.84309158,18.16046622,38.0983566,39.271645,27.2934014,31.52871082,28.90798533,24.99658243,37.17881387,23.78398793,18.72261478,30.36510699,13.14828383,27.86743431,14.56011109,13.42565722,16.64700102,7.869874844,12.32262443,15.1258791,11.93095564,13.40380931,17.70418571,20.9074646,12.74483595,14.12341509,17.05302586,13.67110874,9.587286387,17.10911137,17.11193121
Philippines,PHL,"Total debt service (% of exports of goods, services and primary income)",DT.TDS.DECT.EX.ZS,,,,,,,,,,,,,,,,,,15.66158704,28.13068066,25.31950885,27.29132211,34.60927976,43.89375407,37.23398001,33.71916772,32.00952289,34.30121831,36.80166448,31.92342183,26.14936116,27.55487072,23.49606437,24.85147926,26.06907853,19.34423812,16.32124374,13.58025314,9.475806422,10.95134089,22.43777877,22.94421128,33.48248086,33.62213033,31.34964279,31.64132097,24.73813377,27.60855321,15.45350175,18.98990285,18.1122173,18.71489705,17.24450282,9.193520414,8.588893282,9.665552727,19.15122817,12.99444842,12.46464479,9.71339862,9.75538953,10.7204056,12.18011199,8.587954034,12.26231651,14.43303891
Palau,PLW,"Total debt service (% of exports of goods, services and primary income)",DT.TDS.DECT.EX.ZS,,,,,,,,,,,,,,,,,,,,,,,,,,,,,,,,,,,,,,,,,,,,,,,,,,,,,,,,,,,,,,,,,
Papua New Guinea,PNG,"Total debt service (% of exports of goods, services and primary income)",DT.TDS.DECT.EX.ZS,,,,,,,,,,,,,,,,,16.6402443,14.78495307,17.54256287,9.554981051,13.76020074,18.96455843,25.18716477,30.05071362,40.03538379,32.50633911,26.94173764,25.41133835,29.02707968,32.77755184,37.18093643,27.18759709,28.36416247,28.95677007,30.84531493,20.77717731,16.34282062,20.51645456,14.75859154,9.681321211,12.87691365,12.70252266,14.95505365,7.79515146,8.851284117,8.437207288,7.107010478,19.3235338,15.56386322,11.71210491,13.30700809,16.04321803,7.051544453,19.68978054,12.83668403,12.71678153,44.84489783,28.28481192,27.33870441,20.8094709,29.24974271,36.45188487,29.83467841,42.23855227,43.33827126
Poland,POL,"Total debt service (% of exports of goods, services and primary income)",DT.TDS.DECT.EX.ZS,,,,,,,,,,,,,,,,,,,,,,,,,,,,,,,,,,,,,,,,,,,,,,,,,,,,,,,,,,,,,,,,,
Pre-demographic dividend,PRE,"Total debt service (% of exports of goods, services and primary income)",DT.TDS.DECT.EX.ZS,,,,,,,,,,,,,,,,,,,,,,,,,,,,,,,,,,,,,,,,,,,,,,,,,,,,,,,,,,,,,,,,,
Puerto Rico (US),PRI,"Total debt service (% of exports of goods, services and primary income)",DT.TDS.DECT.EX.ZS,,,,,,,,,,,,,,,,,,,,,,,,,,,,,,,,,,,,,,,,,,,,,,,,,,,,,,,,,,,,,,,,,
"Korea, Dem. People's Rep.",PRK,"Total debt service (% of exports of goods, services and primary income)",DT.TDS.DECT.EX.ZS,,,,,,,,,,,,,,,,,,,,,,,,,,,,,,,,,,,,,,,,,,,,,,,,,,,,,,,,,,,,,,,,,
Portugal,PRT,"Total debt service (% of exports of goods, services and primary income)",DT.TDS.DECT.EX.ZS,,,,,,,,,,,,,,,,,,,,,,,,,,,,,,,,,,,,,,,,,,,,,,,,,,,,,,,,,,,,,,,,,
Paraguay,PRY,"Total debt service (% of exports of goods, services and primary income)",DT.TDS.DECT.EX.ZS,,,,,,,,,,,,,,,,15.21655056,14.31713107,11.69692412,12.20686134,15.79283007,22.36899492,24.76452614,22.21288219,19.70908384,21.70729237,24.14990015,27.867922,29.8956726,26.57080746,9.52400782,8.457804447,10.45404359,25.13320282,8.349501141,6.491989896,5.247419591,4.791055883,5.987696269,5.060755753,6.728725933,8.962845129,10.15015961,9.853953446,9.884400897,11.11543403,9.519677055,6.832554752,5.328895912,5.291383409,5.724048696,4.482887515,6.856067441,15.65771481,11.22787816,21.71939997,15.85092324,10.45093641,12.26088458,16.11671176,10.4941802,9.243598864,8.379844233,14.08248247,9.564402301,11.06115683
West Bank and Gaza,PSE,"Total debt service (% of exports of goods, services and primary income)",DT.TDS.DECT.EX.ZS,,,,,,,,,,,,,,,,,,,,,,,,,,,,,,,,,,,,,,,,,,,,,,,,,,,,,,,,,,,,,,,,,
Pacific island small states,PSS,"Total debt service (% of exports of goods, services and primary income)",DT.TDS.DECT.EX.ZS,,,,,,,,,,,,,,,,,,,,,,,,,,,,,,,,,,,,,,,,,,,,,,,,,,,,,,,,,,,,,,,,,
Post-demographic dividend,PST,"Total debt service (% of exports of goods, services and primary income)",DT.TDS.DECT.EX.ZS,,,,,,,,,,,,,,,,,,,,,,,,,,,,,,,,,,,,,,,,,,,,,,,,,,,,,,,,,,,,,,,,,
French Polynesia,PYF,"Total debt service (% of exports of goods, services and primary income)",DT.TDS.DECT.EX.ZS,,,,,,,,,,,,,,,,,,,,,,,,,,,,,,,,,,,,,,,,,,,,,,,,,,,,,,,,,,,,,,,,,
Qatar,QAT,"Total debt service (% of exports of goods, services and primary income)",DT.TDS.DECT.EX.ZS,,,,,,,,,,,,,,,,,,,,,,,,,,,,,,,,,,,,,,,,,,,,,,,,,,,,,,,,,,,,,,,,,
Romania,ROU,"Total debt service (% of exports of goods, services and primary income)",DT.TDS.DECT.EX.ZS,,,,,,,,,,,,,,,,,,,,,,,,,,,,,,,,,,,,,,,,,,,,,,,,,,,,,,,,,,,,,,,,,
Russian Federation,RUS,"Total debt service (% of exports of goods, services and primary income)",DT.TDS.DECT.EX.ZS,,,,,,,,,,,,,,,,,,,,,,,,,,,,,,,,,,,4.375249463,6.331649631,6.817391129,6.736820541,11.94033838,14.26154647,10.08490712,14.31209675,10.80322796,13.7302806,9.361462625,14.19319799,13.19628319,8.686857042,13.84891762,24.21538355,11.61000866,7.244949062,7.854905407,8.027296223,14.73326669,24.1750459,25.06155846,17.74776509,19.59078168,17.96382079,25.83094868,15.89672139,14.97423988,12.74447797,11.35204948
Rwanda,RWA,"Total debt service (% of exports of goods, services and primary income)",DT.TDS.DECT.EX.ZS,,,,,,,,,,,,,,,,,2.8368368,0.969327522,1.313330658,2.150880114,3.866781372,4.435557443,4.656785868,5.894501931,6.919294514,10.51985718,8.40935499,13.36818475,12.99060794,18.49609415,14.25768905,16.44742592,20.397226,20.47285334,8.295266662,20.48385221,19.80658634,14.57879094,17.13208169,27.3101761,,,,,,,,,,,7.226776064,4.774571062,7.545746972,8.310352584,12.6045874,12.64498239,14.5634731,12.70685209,12.75306527,14.31375058,14.61906203,29.10519123,11.49169661,15.32071022,7.974350721
South Asia,SAS,"Total debt service (% of exports of goods, services and primary income)",DT.TDS.DECT.EX.ZS,,,,,,,,,,,,,,,,16.615272,18.88929697,16.26462069,15.42644775,12.92011883,12.07465092,13.13584882,15.88396937,18.32136179,20.03759588,24.39778828,34.12144612,32.4283971,30.31939281,30.23599019,31.13881923,29.63653584,26.06160888,25.36004948,27.70865329,28.59490659,24.01780119,22.71527089,21.44912581,17.12276443,15.80265674,16.4935193,19.21315762,25.91363564,13.68161059,13.99053782,8.526744588,14.77743588,9.480032828,6.341643661,6.895156875,6.457513059,6.933887361,8.120731907,18.34155497,11.05127534,16.28156303,10.15041265,11.85650073,10.00336261,15.2662305,8.621959545,8.74037985,10.45239442,11.08027656
Saudi Arabia,SAU,"Total debt service (% of exports of goods, services and primary income)",DT.TDS.DECT.EX.ZS,,,,,,,,,,,,,,,,,,,,,,,,,,,,,,,,,,,,,,,,,,,,,,,,,,,,,,,,,,,,,,,,,
Sudan,SDN,"Total debt service (% of exports of goods, services and primary income)",DT.TDS.DECT.EX.ZS,,,,,,,,,,,,,,,,,,13.23403164,17.17775177,16.18061961,25.60287521,24.00410016,32.27768427,27.93385909,21.79722483,17.97397959,44.47306914,21.11015396,29.86111741,11.61113288,9.710886156,5.797464024,7.206931147,5.384412487,0.536239671,10.10267727,7.067088555,8.952977638,9.788635589,6.769667791,13.47285264,13.73740005,6.912672176,10.72760502,8.52857957,7.484874957,5.021546373,4.018495953,3.01021836,5.726892357,4.21004682,4.871864112,7.148246013,4.900585769,4.310317765,10.65042897,6.336915253,4.165520976,4.198944981,3.758734679,2.878780243,45.21828886,2.95622867,,
Senegal,SEN,"Total debt service (% of exports of goods, services and primary income)",DT.TDS.DECT.EX.ZS,,,,,,,,,,,,,,,6.548788229,6.051801637,6.340578637,6.788929164,16.53784308,17.67393052,31.23643853,18.24320211,13.65832846,11.97055915,17.63167751,22.15381633,27.82864345,34.42664674,33.43887479,30.27482108,21.09091145,22.65689019,14.55636913,10.27221353,18.09646917,17.75759095,20.2764682,18.75010029,22.01756487,15.82560473,16.17857216,14.52201111,13.88317732,12.56718242,14.5939921,7.942319828,7.227634231,6.175258533,4.769154219,5.983622194,5.447095235,8.53162911,9.369827545,11.22431179,7.845893536,23.24912868,9.504737234,12.40496869,14.0073823,19.77211632,23.37540904,20.70322249,18.07718088,30.23984059,41.80500429
Singapore,SGP,"Total debt service (% of exports of goods, services and primary income)",DT.TDS.DECT.EX.ZS,,,,,,,,,,,,,,,,,,,,,,,,,,,,,,,,,,,,,,,,,,,,,,,,,,,,,,,,,,,,,,,,,
Solomon Islands,SLB,"Total debt service (% of exports of goods, services and primary income)",DT.TDS.DECT.EX.ZS,,,,,,,,,,,,,,,,,,,0.03603096,1.896032115,0.351098021,0.598845408,0.601465604,0.824546846,2.330048538,4.488579021,5.566710952,10.0551146,6.692559153,9.214480716,11.84255597,11.51824946,5.485782234,5.790638977,8.197601156,3.837291237,3.868427271,2.493009118,5.998535201,4.848255459,7.108111653,7.161847794,10.96460431,9.86817691,14.64171887,9.078296147,2.46435853,5.978451748,5.41239215,4.210841543,6.182430629,2.702324428,4.577342601,7.308574951,2.824387089,2.427819552,3.847418793,4.689158693,4.900639385,4.026881445,6.540634576,2.450079184,2.4131829,4.884952249,3.649534289
Sierra Leone,SLE,"Total debt service (% of exports of goods, services and primary income)",DT.TDS.DECT.EX.ZS,,,,,,,,,,,,,,,,,,10.5132427,20.30725688,22.22622595,27.46928527,37.30297062,27.72557739,23.74116238,25.42956003,14.87953269,39.68573449,8.973791496,11.81106209,4.18852625,10.11749944,6.834663457,16.97545829,17.48082876,73.03299396,64.27291185,59.48970698,31.93715585,44.49194201,87.79602874,76.35290761,112.7533959,13.48731254,10.56077543,10.46748161,6.870502734,7.836096232,2.855009718,1.698024489,2.093235521,2.722938019,3.408415126,1.671147836,1.54892759,2.331430177,6.609620353,5.055686402,6.933736039,8.288893254,10.05167747,17.22777923,11.39913485,10.02464963,11.23846036,9.489618636
El Salvador,SLV,"Total debt service (% of exports of goods, services and primary income)",DT.TDS.DECT.EX.ZS,,,,,,,,,,,,,,,,,10.9415307,13.53336651,11.24977231,8.086918425,7.964315276,10.12856987,15.50332372,22.33749327,25.73456568,28.19693192,27.87702762,28.27273266,21.80182198,18.67426213,21.66367333,27.46046602,24.14023192,21.74281455,20.87117068,17.87771463,18.84910152,12.76156438,19.72467946,14.66728742,14.24738253,14.84281678,18.88127779,25.04196618,30.55661006,24.940805,31.62665798,24.00260769,20.22821197,27.46896594,22.14212086,22.16413117,19.15439974,17.41956739,19.26404489,18.57977893,20.0648539,51.62134081,45.53265036,67.75390942,82.02939694,67.88104861,32.15013365,83.07262474,96.19858353
San Marino,SMR,"Total debt service (% of exports of goods, services and primary income)",DT.TDS.DECT.EX.ZS,,,,,,,,,,,,,,,,,,,,,,,,,,,,,,,,,,,,,,,,,,,,,,,,,,,,,,,,,,,,,,,,,
"Somalia, Fed. Rep.",SOM,"Total debt service (% of exports of goods, services and primary income)",DT.TDS.DECT.EX.ZS,,,,,,,,,,,,,,,,,,3.737394166,2.732746634,2.619627545,6.268396203,18.23331216,7.808774822,13.62589014,19.95144799,15.64582548,65.66457427,39.45271127,9.205689993,47.59234393,,,,,,,,,,,,,,,,,,,,,,,,0.071953084,0.004087895,0.003587503,0.004138344,0.003494808,0.005357291,0.054234299,66.90376237,1.098732571,1.074071033,1.230426999,0.656954968
Serbia,SRB,"Total debt service (% of exports of goods, services and primary income)",DT.TDS.DECT.EX.ZS,,,,,,,,,,,,,,,,,,,,,,,,,,,,,,,,,,,,,,,,,,,,,,,,27.29846293,31.6570579,38.9866091,32.70891336,32.11817774,38.76691222,43.64860511,41.40113819,22.99414888,29.441063,21.62687837,21.6807837,25.64510134,19.14469909,17.11756179,15.002835,12.03545111,20.96658168
Sub-Saharan Africa (excluding high income),SSA,"Total debt service (% of exports of goods, services and primary income)",DT.TDS.DECT.EX.ZS,,,,,,,,,,,,,,,,,,,,,,,,,,,,,,,,,,,15.58440388,16.8112596,15.15349634,15.6848212,16.09801725,14.55666824,12.33293363,13.0540859,12.28957926,9.583852847,7.58414411,9.855818369,9.346354727,5.88601666,5.031250995,6.15590364,4.56207809,4.319258035,6.074661086,6.912029212,8.870081895,15.67628081,15.45501974,13.69231671,17.2169235,17.95374363,19.87571851,17.40041893,15.97831369,16.19233328,16.79619153
South Sudan,SSD,"Total debt service (% of exports of goods, services and primary income)",DT.TDS.DECT.EX.ZS,,,,,,,,,,,,,,,,,,,,,,,,,,,,,,,,,,,,,,,,,,,,,,,,,,,,,,,,,,,,,,,,,
Sub-Saharan Africa,SSF,"Total debt service (% of exports of goods, services and primary income)",DT.TDS.DECT.EX.ZS,,,,,,,,,,,,,,,,,,,,,,,,,,,,,,,,,,,,,,,,,,,,,,,,,,,,,,,,,,,,,,,,,
Small states,SST,"Total debt service (% of exports of goods, services and primary income)",DT.TDS.DECT.EX.ZS,,,,,,,,,,,,,,,,,,,,,,,,,,,,,,,,,,,,,,,,,,,,,,,,,,,,,,,,,,,,,,,,,
Sao Tome and Principe,STP,"Total debt service (% of exports of goods, services and primary income)",DT.TDS.DECT.EX.ZS,,,,,,,,,,,,,,,,,,0,1.961115836,0.006371002,5.192832141,15.73113065,20.90445615,24.60869953,21.77599474,29.79571364,9.850942668,39.24893681,21.37202909,62.78247437,34.85386978,,,,,,,29.05885417,33.50374901,26.91703113,25.84903736,28.14072451,24.55102797,27.19697667,40.07536885,25.98062517,31.68283209,31.92144496,11.99961045,9.883970939,6.300508885,5.337292599,33.67124982,10.87259962,13.86548873,2.856739242,2.554365593,4.057949574,4.72743809,11.69666921,4.97430573,3.885853099,7.197020798,5.075144879,3.46661642
Suriname,SUR,"Total debt service (% of exports of goods, services and primary income)",DT.TDS.DECT.EX.ZS,,,,,,,,,,,,,,,,,,,,,,,,,,,,,,,,,,,,,,,,,,,,,,,,,,,,,,,,18.34105495,34.35095179,16.51960695,22.05909285,23.69268479,18.67268441,17.05694502,14.71459035,25.05503448,
Slovak Republic,SVK,"Total debt service (% of exports of goods, services and primary income)",DT.TDS.DECT.EX.ZS,,,,,,,,,,,,,,,,,,,,,,,,,,,,,,,,,,,,,,,,,,,,,,,,,,,,,,,,,,,,,,,,,
Slovenia,SVN,"Total debt service (% of exports of goods, services and primary income)",DT.TDS.DECT.EX.ZS,,,,,,,,,,,,,,,,,,,,,,,,,,,,,,,,,,,,,,,,,,,,,,,,,,,,,,,,,,,,,,,,,
Sweden,SWE,"Total debt service (% of exports of goods, services and primary income)",DT.TDS.DECT.EX.ZS,,,,,,,,,,,,,,,,,,,,,,,,,,,,,,,,,,,,,,,,,,,,,,,,,,,,,,,,,,,,,,,,,
Eswatini,SWZ,"Total debt service (% of exports of goods, services and primary income)",DT.TDS.DECT.EX.ZS,,,,,,,,,,,,,,,2.166966866,1.769853668,1.164877526,1.405926561,1.573567511,2.397833246,3.910314197,4.116406737,5.315923571,5.629386678,6.283412628,9.684934002,9.09002491,8.806270757,5.779663304,4.384927085,5.393550911,3.012844276,2.312698234,2.261989612,2.216239378,1.536809598,2.603324996,2.324373765,2.240337203,3.02836184,2.233558142,2.34628412,1.676073134,1.67784877,2.214421221,1.87943093,2.042119579,2.222179617,2.975553392,2.694122301,2.382619213,2.832946213,3.123238123,5.493894734,10.58232518,4.812745606,2.221404032,6.223711962,2.734761932,2.508083828,5.394827203,2.909090855,3.830779731,7.85722124,7.671875329
Sint Maarten (Dutch part),SXM,"Total debt service (% of exports of goods, services and primary income)",DT.TDS.DECT.EX.ZS,,,,,,,,,,,,,,,,,,,,,,,,,,,,,,,,,,,,,,,,,,,,,,,,,,,,,,,,,,,,,,,,,
Seychelles,SYC,"Total debt service (% of exports of goods, services and primary income)",DT.TDS.DECT.EX.ZS,,,,,,,,,,,,,,,,,,,,,,,,,,,,,,,,,,,,,,,,,,,,,,,,,,,,,,,,,,,,,,,,,
Syrian Arab Republic,SYR,"Total debt service (% of exports of goods, services and primary income)",DT.TDS.DECT.EX.ZS,,,,,,,,,,,,,,,,,,,,,,,,,,,,,,,,,,,,,,,,,,,,,,,,,3.433887863,3.902892804,3.148536802,,,,,,,,,,,,,,
Turks and Caicos Islands,TCA,"Total debt service (% of exports of goods, services and primary income)",DT.TDS.DECT.EX.ZS,,,,,,,,,,,,,,,,,,,,,,,,,,,,,,,,,,,,,,,,,,,,,,,,,,,,,,,,,,,,,,,,,
Chad,TCD,"Total debt service (% of exports of goods, services and primary income)",DT.TDS.DECT.EX.ZS,,,,,,,,,,,,,,,,,,2.605949032,5.399356064,3.902809768,8.389909044,8.706964009,2.796343876,1.054503004,5.188634261,17.51558998,5.389549891,4.119490308,4.240493486,5.868730191,4.311264197,4.30844326,4.106176989,6.702555276,8.036510461,,,,,,,,,,,,,,,,1.907672206,1.911161587,1.602358471,3.098022777,15.39351703,2.38299378,6.81076052,5.766946217,5.682935973,3.412739784,6.379074561,8.151557529,7.628768575,8.455448097,
East Asia & Pacific (IDA & IBRD countries),TEA,"Total debt service (% of exports of goods, services and primary income)",DT.TDS.DECT.EX.ZS,,,,,,,,,,,,,,,,,,,,,,,,,,,,,,,,,,,,,,,,,,,,,,,,,,,,,,,,,,,,,,,,,
Europe & Central Asia (IDA & IBRD countries),TEC,"Total debt service (% of exports of goods, services and primary income)",DT.TDS.DECT.EX.ZS,,,,,,,,,,,,,,,,,,,,,,,,,,,,,,,,,,,,,,,,,,,,,,,,,,,,,,,,,,,,,,,,,
Togo,TGO,"Total debt service (% of exports of goods, services and primary income)",DT.TDS.DECT.EX.ZS,,,,,,,,,,,,,,,3.623173118,9.458835463,12.16477245,24.24518677,18.70670182,8.717072246,9.177478105,18.12507219,18.81509789,16.48727273,23.71412118,28.35496591,29.27279608,16.91969409,23.41639371,16.2011459,12.31176064,8.199626471,6.225364954,7.049978031,5.605690893,6.141821745,9.660326464,10.23977345,7.369643612,8.485743275,6.607944187,7.528736499,2.746888239,2.705633353,2.775710488,2.477723758,3.042559615,1.584917609,15.98289709,4.240263783,2.665831518,0.774820723,1.226364648,2.309684132,2.903615625,3.319293776,4.924607223,5.83947665,5.927207673,5.905556091,5.360854119,8.855813923,11.69776109,11.09417738,13.82408395
Thailand,THA,"Total debt service (% of exports of goods, services and primary income)",DT.TDS.DECT.EX.ZS,,,,,,,,,,,,,,,,11.95344174,10.45124235,13.68815398,21.07061637,19.66845786,18.86223937,20.26493113,20.60415191,23.98844107,25.70640529,31.91551223,30.12203945,21.94053089,20.20168724,16.36571431,16.92314504,13.00763498,13.76670684,12.98338839,13.42322341,11.60361337,12.64536713,15.51722072,18.4258641,21.80772008,16.29500405,25.38483112,23.24548545,15.54158752,10.98769462,13.69694465,9.40143924,11.78103239,8.103645535,6.830780094,4.709335819,3.896522272,5.464202211,5.132660122,9.49240266,7.092461081,5.26222601,5.102779978,5.992646458,9.621190787,8.307466075,5.244970723,7.940926182,11.96444949,4.684348329
Tajikistan,TJK,"Total debt service (% of exports of goods, services and primary income)",DT.TDS.DECT.EX.ZS,,,,,,,,,,,,,,,,,,,,,,,,,,,,,,,,,,,,,,,,,,,12.6075444,8.435212535,8.31975228,8.242844023,5.899970445,4.125662941,5.952247684,28.05781735,30.8894714,20.12851637,12.52466576,11.89543093,13.47211334,12.2501422,28.14517923,26.08920639,21.91505088,19.51680664,12.13101247,11.91513296,9.136046825,10.30253921,8.764347651
Turkmenistan,TKM,"Total debt service (% of exports of goods, services and primary income)",DT.TDS.DECT.EX.ZS,,,,,,,,,,,,,,,,,,,,,,,,,,,,,,,,,,,,,10.1958998,22.11143778,,,,,,,,,,,,,,,,,,,,,,,,,,,
Latin America & the Caribbean (IDA & IBRD countries),TLA,"Total debt service (% of exports of goods, services and primary income)",DT.TDS.DECT.EX.ZS,,,,,,,,,,,,,,,,,,,,,,,,,,,,,,,,,,,,,,,,,,,,,,,,,,,,,,,,,,,,,,,,,
Timor-Leste,TLS,"Total debt service (% of exports of goods, services and primary income)",DT.TDS.DECT.EX.ZS,,,,,,,,,,,,,,,,,,,,,,,,,,,,,,,,,,,,,,,,,,,,,,,,,,,,,0.008257838,0.008958484,0.019617371,0.058456661,0.124179938,0.203930992,0.317026611,0.433295536,0.412410231,0.308479869,0.779253533,2.057629692,3.050647515
"Middle East, North Africa, Afghanistan & Pakistan (IDA & IBRD)",TMN,"Total debt service (% of exports of goods, services and primary income)",DT.TDS.DECT.EX.ZS,,,,,,,,,,,,,,,,,,,,,,,,,,,,,,,,,,,,,,,,,,,,,,,,,,,,,,,,,,,,,,,,,
Tonga,TON,"Total debt service (% of exports of goods, services and primary income)",DT.TDS.DECT.EX.ZS,,,,,,,,,,,,,,,,,,,,,,,,,,3.447975988,3.715226655,3.634152844,4.182445753,3.254028021,4.431837355,4.499607011,4.849189797,4.59713311,,,,,,,,9.824285997,8.931407508,8.255471282,8.631918619,9.761098772,8.579506592,10.63161836,8.748696734,7.165323145,9.318655026,6.546727915,6.150784162,5.666400205,6.730622238,7.398290599,5.142021004,4.046758104,6.662173562,3.551841146,3.998138143,4.87731101,10.98482329,11.04753188,22.82149804
South Asia (IDA & IBRD),TSA,"Total debt service (% of exports of goods, services and primary income)",DT.TDS.DECT.EX.ZS,,,,,,,,,,,,,,,,,,,,,,,,,,,,,,,,,,,,,,,,,,,,,,,,,,,,,,,,,,,,,,,,,
Sub-Saharan Africa (IDA & IBRD countries),TSS,"Total debt service (% of exports of goods, services and primary income)",DT.TDS.DECT.EX.ZS,,,,,,,,,,,,,,,,,,,,,,,,,,,,,,,,,,,,,,,,,,,,,,,,,,,,,,,,,,,,,,,,,
Trinidad and Tobago,TTO,"Total debt service (% of exports of goods, services and primary income)",DT.TDS.DECT.EX.ZS,,,,,,,,,,,,,,,,,,,,,,,,,,,,,,,,,,,,,,,,,,,,,,,,,,,,,,,,,,,,,,,,,
Tunisia,TUN,"Total debt service (% of exports of goods, services and primary income)",DT.TDS.DECT.EX.ZS,,,,,,,,,,,,,,,,,7.621574647,13.57025389,15.68732546,14.61797157,16.30410851,16.7917576,18.18831884,21.64650312,25.28693531,27.53720427,31.98461432,32.87740167,24.60755378,24.75037212,27.00912197,26.53464616,21.94550343,23.08092095,20.8696554,18.27238371,17.83849849,17.12991626,16.80308562,17.50934747,22.06041402,14.42824239,15.48438081,14.61410825,15.52949912,13.7397496,15.6891063,12.33766872,7.983783541,10.60910232,10.51853876,11.61069014,11.60253691,10.9788598,8.965790783,10.29550005,12.06431803,17.02564489,21.09025891,22.48695445,27.6875616,30.25502003,23.59923858,24.11606923,26.17240958
Turkiye,TUR,"Total debt service (% of exports of goods, services and primary income)",DT.TDS.DECT.EX.ZS,,,,,,,,,,,,,,,12.37168082,18.66323198,23.23733862,41.59268093,47.90926614,45.15232067,43.77050632,39.86294594,37.44221249,39.49747416,33.04468965,40.30303138,40.95587386,41.20101443,41.91926023,37.56783799,33.79744183,36.077608,35.89726216,31.39788495,34.10168677,30.07934447,23.35214518,22.29720539,26.40364632,38.90131296,38.89958548,42.37177764,48.64209383,38.90431478,34.57015629,37.54724002,33.2805483,32.77988567,30.40480207,42.09584033,37.23333905,31.38346302,26.77151206,27.16261214,23.8539286,25.3789735,36.42543913,37.36299781,33.47947718,33.24321648,40.73677125,25.33966092,19.68122946,20.90954716,23.43184722
Tuvalu,TUV,"Total debt service (% of exports of goods, services and primary income)",DT.TDS.DECT.EX.ZS,,,,,,,,,,,,,,,,,,,,,,,,,,,,,,,,,,,,,,,,,,,,,,,,,,,,,,,,,,,,,,,,,
Tanzania,TZA,"Total debt service (% of exports of goods, services and primary income)",DT.TDS.DECT.EX.ZS,,,,,,,,,,,,,,,,,3.759915016,5.393862314,13.80045203,11.53199654,18.2232196,18.85259524,24.94245009,29.49472752,24.59349516,38.99262419,34.43644959,39.18627514,31.92367547,32.95232845,32.8937819,40.44424175,40.12513655,26.81355577,18.94217467,17.43200389,18.84894637,12.64022721,18.98001315,17.88195661,11.93268502,7.824433936,5.323228557,3.92020928,4.557454276,4.349972727,2.528047556,1.756961515,1.285638942,3.079329901,2.979182932,2.012366693,2.050899095,2.331410489,4.030379092,5.467820362,8.750687368,9.786312846,12.25302066,12.37738569,16.13508289,18.58186511,16.40650147,15.5601136,12.09029155
Uganda,UGA,"Total debt service (% of exports of goods, services and primary income)",DT.TDS.DECT.EX.ZS,,,,,,,,,,,,,,,,,,,,,17.35284122,24.94053198,18.20630475,23.40216141,30.33707229,41.67673225,40.71513049,47.93044233,75.68388044,67.63058232,81.36013892,74.80177844,59.65689226,46.0156764,27.4985834,19.83670707,18.20195753,20.1712655,20.79658804,18.52410066,10.56349608,7.060237206,9.800111909,10.54648406,8.854242706,10.79010849,5.560833095,2.638557465,2.340761135,2.113588413,1.79956927,1.4743527,1.361097218,1.742986638,4.183260892,1.991114226,17.37410401,3.65711718,8.857156845,4.815353767,13.54927378,13.94168604,16.83909212,29.9684023,13.94136556
Ukraine,UKR,"Total debt service (% of exports of goods, services and primary income)",DT.TDS.DECT.EX.ZS,,,,,,,,,,,,,,,,,,,,,,,,,,,,,,,,,,,1.966575264,6.959319617,6.675646338,6.61157499,12.0596528,17.66444269,20.29545839,12.32342673,15.97613451,14.10300717,11.11197532,13.57702306,18.99592021,18.49015137,21.04511685,40.51353,38.40817203,30.1423826,31.35015691,42.29866175,29.70649475,55.39037229,23.43401849,20.89745352,20.78246822,18.15621515,23.87309395,15.17653543,13.41991452,12.21007688,15.83167058
Upper middle income,UMC,"Total debt service (% of exports of goods, services and primary income)",DT.TDS.DECT.EX.ZS,,,,,,,,,,,,,,,,,,,,,,,32.46323225,29.432624,28.92203351,29.02946182,33.53600287,28.12939172,29.30494113,25.84880508,21.44299938,21.49727631,21.33922246,21.52706067,19.20776097,20.80673013,23.18010372,26.4279959,25.86889432,31.33390885,27.52494899,25.14164329,23.39953945,19.01028387,14.88674885,13.87135117,13.15584326,10.39258394,9.172237227,11.06494996,9.519829503,8.429451124,8.969684057,9.502019156,9.481167628,12.53784222,14.77494342,13.97815241,13.90060245,16.58760765,16.63511572,13.90993433,13.82830481,16.07516108,12.6962816
Uruguay,URY,"Total debt service (% of exports of goods, services and primary income)",DT.TDS.DECT.EX.ZS,,,,,,,,,,,,,,,,,,,,,,,,,,,,,,,,,,,,,,,,,,,,,,,,,,,,,,,,,,,,,,,,,
United States,USA,"Total debt service (% of exports of goods, services and primary income)",DT.TDS.DECT.EX.ZS,,,,,,,,,,,,,,,,,,,,,,,,,,,,,,,,,,,,,,,,,,,,,,,,,,,,,,,,,,,,,,,,,
Uzbekistan,UZB,"Total debt service (% of exports of goods, services and primary income)",DT.TDS.DECT.EX.ZS,,,,,,,,,,,,,,,,,,,,,,,,,,,,,,,,,,,,,,,,,,,,,,12.6596717,11.6519322,8.310750749,6.943887623,6.457240786,4.679875132,3.942767289,4.81799987,4.552352919,6.193164255,9.126175896,10.86773856,12.81933937,5.959197497,13.55270682,19.98790091,26.01135937,29.9269739,32.60826392,36.03567569
St. Vincent and the Grenadines,VCT,"Total debt service (% of exports of goods, services and primary income)",DT.TDS.DECT.EX.ZS,,,,,,,,,,,,,,,,,,,0.456615986,0.677410778,1.065797475,1.379348703,3.143108669,2.52844247,3.601081568,4.033759927,3.465157614,3.254709035,2.865546841,3.130547454,3.257716075,4.187856771,4.19606528,6.89446998,7.425596322,6.157007868,6.575533217,7.628204428,7.244384932,7.981290993,7.141880926,6.039370371,5.552740359,6.285960971,8.612590589,9.959061801,13.75178818,10.40784575,12.32192749,15.0715906,15.21079234,14.34124521,14.39442348,11.9854364,11.4446157,11.53599435,13.41204338,13.9155313,14.45975114,13.69607917,22.48862178,23.31527821,11.88739055,11.09981633,10.08941309
"Venezuela, RB",VEN,"Total debt service (% of exports of goods, services and primary income)",DT.TDS.DECT.EX.ZS,,,,,,,,,,,,,,,,,,,,,,,,,,,,,,,,,,,,,,,,,,,,,,,,,,,,,,,,,,,,,,,,,
British Virgin Islands,VGB,"Total debt service (% of exports of goods, services and primary income)",DT.TDS.DECT.EX.ZS,,,,,,,,,,,,,,,,,,,,,,,,,,,,,,,,,,,,,,,,,,,,,,,,,,,,,,,,,,,,,,,,,
Virgin Islands (U.S.),VIR,"Total debt service (% of exports of goods, services and primary income)",DT.TDS.DECT.EX.ZS,,,,,,,,,,,,,,,,,,,,,,,,,,,,,,,,,,,,,,,,,,,,,,,,,,,,,,,,,,,,,,,,,
Viet Nam,VNM,"Total debt service (% of exports of goods, services and primary income)",DT.TDS.DECT.EX.ZS,,,,,,,,,,,,,,,,,,,,,,,,,,,,,,,,,,,,,4.117985816,7.459088681,9.052122774,9.981575776,7.471825151,6.707956397,6.109527747,3.555915781,2.673828759,2.562313316,2.121557333,2.244548714,1.984014151,2.343473308,2.350434847,3.942514457,3.612293784,3.186063025,4.23766383,3.930213139,4.068683186,6.285826775,7.265674502,6.093787448,5.867076207,6.06864859,6.765884469,7.542315103,7.723268759
Vanuatu,VUT,"Total debt service (% of exports of goods, services and primary income)",DT.TDS.DECT.EX.ZS,,,,,,,,,,,,,,,,,,,,,,,0.896582927,2.115717262,1.620795161,1.574590009,1.97448514,4.244350192,3.0127919,2.54656665,2.286280349,1.494541031,1.426475933,1.511547418,1.40677704,1.309112518,1.181173691,1.394209189,0.841941614,1.5314729,1.593804048,1.272881316,1.69340268,1.560227774,2.128768336,1.642361146,2.122288379,1.82171737,1.504652154,1.716477429,1.620495425,1.555709171,1.418296221,1.698683026,1.822825231,1.996006526,2.129853106,2.15266405,4.001679935,6.752994051,6.440626341,6.05502714,6.122291871,5.461928435,6.514193217
World,WLD,"Total debt service (% of exports of goods, services and primary income)",DT.TDS.DECT.EX.ZS,,,,,,,,,,,,,,,,,,,,,,,,,,,,,,,,,,,,,,,,,,,,,,,,,,,,,,,,,,,,,,,,,
Samoa,WSM,"Total debt service (% of exports of goods, services and primary income)",DT.TDS.DECT.EX.ZS,,,,,,,,,,,,,,,,,,17.52494705,27.272198,18.5214084,20.67864107,25.61085462,18.34325147,19.37048066,21.03402268,27.9193456,32.30864905,25.18122714,18.93524487,13.9000834,10.62164084,10.74951471,9.863176877,8.720745782,10.07365033,6.571965514,5.764005923,5.435740649,4.6407707,5.743868219,,,,,5.500908659,3.949780856,4.558777858,3.700675937,4.166898538,4.695398961,5.032718571,5.553767807,5.823481938,6.256528689,8.306577766,9.785045754,10.31989273,10.96014964,11.71469192,10.51236388,19.49902462,16.34314494,20.51299304,10.3517317,9.033640826
Kosovo,XKX,"Total debt service (% of exports of goods, services and primary income)",DT.TDS.DECT.EX.ZS,,,,,,,,,,,,,,,,,,,,,,,,,,,,,,,,,,,,,,,,,,,,,0.312478828,0.396517926,0.441448401,0.292255479,4.625372021,25.52023764,8.106446931,6.701088393,7.280410693,8.110133103,7.945547183,9.993889186,12.25209372,8.946826786,10.62488866,10.02299247,18.75826703,11.78151832,7.660213437,5.662357708,7.177853025
"Yemen, Rep.",YEM,"Total debt service (% of exports of goods, services and primary income)",DT.TDS.DECT.EX.ZS,,,,,,,,,,,,,,,,,,,,,,,,,,,,,,,11.06795105,14.85802042,10.44423095,8.753226764,5.384212496,4.638856725,3.476464756,3.838012622,11.2483562,6.618527753,5.89149095,6.998786009,4.409878344,4.083524089,4.377395446,3.064783251,2.891651487,3.347764503,2.707968501,3.643762098,2.755570717,2.634953456,2.706627672,2.826602795,3.841103447,18.94460373,14.56295503,,,,,,,,
South Africa,ZAF,"Total debt service (% of exports of goods, services and primary income)",DT.TDS.DECT.EX.ZS,,,,,,,,,,,,,,,,,,,,,,,,,,,,,,,,,,,9.367589301,9.541043153,11.58376383,17.23319024,12.17172773,12.50061299,10.18216024,11.63804595,13.31701292,8.792383415,6.623450239,6.792797174,9.011722284,4.561785014,6.387907091,6.376190909,5.911499052,5.07409217,8.598854895,11.213081,8.565747945,25.9905721,14.79398938,13.47810541,24.33180909,18.73308235,27.26583967,18.72449831,18.62415945,16.5005265,16.30053573
Zambia,ZMB,"Total debt service (% of exports of goods, services and primary income)",DT.TDS.DECT.EX.ZS,,,,,,,,,,,,,,,,,,,31.19185592,22.10786668,25.3540083,36.04232154,31.10130266,29.11553571,24.98195779,15.72413986,52.07646529,18.99097651,15.10453444,13.3158514,14.7332702,46.87526417,,,,,,19.3717622,21.03480946,16.48486954,21.2460858,17.37743346,19.79278136,43.57491623,22.25227699,10.00815788,3.182952159,2.38095616,2.91389072,3.463058079,1.935973319,2.399254284,2.294168701,3.045628911,3.938100889,7.024125152,10.44123983,9.895808187,13.69761822,32.80173231,23.81026998,14.64900354,11.74722024,8.223661456,30.46729235
Zimbabwe,ZWE,"Total debt service (% of exports of goods, services and primary income)",DT.TDS.DECT.EX.ZS,,,,,,,,,,,,,,,,,,0.589837099,0.809474833,1.182952788,3.802374238,6.42724663,13.21701888,36.90780806,26.15924073,29.04564061,31.13905535,32.34294706,28.53258986,22.47659768,23.24804427,23.24759417,32.48793306,31.18364121,25.47703411,,,,,,,,,,,,,,,6.57049763,10.94103528,23.67098575,17.21090148,14.12168584,12.70808556,16.8000177,30.58524062,15.49972297,11.68323149,30.23613653,18.68097572,9.228517732,6.084244423,19.51607224,
